timestamp,coin,price
2024-01-01T02:53:00,BTC,39962.4119
2024-01-01T02:53:01,BTC,39987.2358
2024-01-01T02:53:02,BTC,39983.5143
2024-01-01T02:53:03,BTC,39991.8976
2024-01-01T02:53:04,BTC,39961.8271
2024-01-01T02:53:05,BTC,39942.434
2024-01-01T02:53:06,BTC,39965.7559
2024-01-01T02:53:07,BTC,39964.5666
2024-01-01T02:53:08,BTC,39977.0992
2024-01-01T02:53:09,BTC,39977.3091
2024-01-01T02:53:10,BTC,40000.4963
2024-01-01T02:53:11,BTC,39989.0535
2024-01-01T02:53:12,BTC,39942.5728
2024-01-01T02:53:13,BTC,39923.0354
2024-01-01T02:53:14,BTC,39933.7393
2024-01-01T02:53:15,BTC,39938.6944
2024-01-01T02:53:16,BTC,39933.0281
2024-01-01T02:53:17,BTC,39956.3577
2024-01-01T02:53:18,BTC,39943.8921
2024-01-01T02:53:19,BTC,39920.1732
2024-01-01T02:53:20,BTC,39937.3432
2024-01-01T02:53:21,BTC,39923.0881
2024-01-01T02:53:22,BTC,39927.4708
2024-01-01T02:53:23,BTC,39898.005
2024-01-01T02:53:24,BTC,39867.7815
2024-01-01T02:53:25,BTC,39854.2543
2024-01-01T02:53:26,BTC,39898.31
2024-01-01T02:53:27,BTC,39907.5018
2024-01-01T02:53:28,BTC,39901.6475
2024-01-01T02:53:29,BTC,39893.1702
2024-01-01T02:53:30,BTC,39897.6367
2024-01-01T02:53:31,BTC,39900.2039
2024-01-01T02:53:32,BTC,39914.417
2024-01-01T02:53:33,BTC,39955.0925
2024-01-01T02:53:34,BTC,39948.4115
2024-01-01T02:53:35,BTC,40001.438
2024-01-01T02:53:36,BTC,39962.7074
2024-01-01T02:53:37,BTC,39967.1165
2024-01-01T02:53:38,BTC,39952.4345
2024-01-01T02:53:39,BTC,39962.9013
2024-01-01T02:53:40,BTC,39935.9947
2024-01-01T02:53:41,BTC,39919.3425
2024-01-01T02:53:42,BTC,39919.9419
2024-01-01T02:53:43,BTC,39892.4074
2024-01-01T02:53:44,BTC,39955.1944
2024-01-01T02:53:45,BTC,39978.5401
2024-01-01T02:53:46,BTC,39995.0949
2024-01-01T02:53:47,BTC,40002.9931
2024-01-01T02:53:48,BTC,40013.1693
2024-01-01T02:53:49,BTC,40010.2341
2024-01-01T02:53:50,BTC,40015.2646
2024-01-01T02:53:51,BTC,40010.4994
2024-01-01T02:53:52,BTC,39989.3249
2024-01-01T02:53:53,BTC,39985.5472
2024-01-01T02:53:54,BTC,40014.7446
2024-01-01T02:53:55,BTC,40021.3504
2024-01-01T02:53:56,BTC,40054.2459
2024-01-01T02:53:57,BTC,40074.7085
2024-01-01T02:53:58,BTC,40120.6843
2024-01-01T02:53:59,BTC,40125.369
2024-01-01T02:54:00,BTC,40128.9368
2024-01-01T02:54:01,BTC,40120.7646
2024-01-01T02:54:02,BTC,40145.5892
2024-01-01T02:54:03,BTC,40137.1678
2024-01-01T02:54:04,BTC,40150.4784
2024-01-01T02:54:05,BTC,40116.2232
2024-01-01T02:54:06,BTC,40107.0641
2024-01-01T02:54:07,BTC,40136.2936
2024-01-01T02:54:08,BTC,40147.0368
2024-01-01T02:54:09,BTC,40174.5645
2024-01-01T02:54:10,BTC,40164.3858
2024-01-01T02:54:11,BTC,40160.1065
2024-01-01T02:54:12,BTC,40126.2861
2024-01-01T02:54:13,BTC,40126.3062
2024-01-01T02:54:14,BTC,40143.1787
2024-01-01T02:54:15,BTC,40138.7937
2024-01-01T02:54:16,BTC,40140.9093
2024-01-01T02:54:17,BTC,40121.889
2024-01-01T02:54:18,BTC,40104.872
2024-01-01T02:54:19,BTC,40105.2027
2024-01-01T02:54:20,BTC,40121.0394
2024-01-01T02:54:21,BTC,40113.8626
2024-01-01T02:54:22,BTC,40128.2405
2024-01-01T02:54:23,BTC,40151.7494
2024-01-01T02:54:24,BTC,40142.2517
2024-01-01T02:54:25,BTC,40119.0837
2024-01-01T02:54:26,BTC,40073.9044
2024-01-01T02:54:27,BTC,40078.9423
2024-01-01T02:54:28,BTC,40064.3124
2024-01-01T02:54:29,BTC,40066.1374
2024-01-01T02:54:30,BTC,40052.6948
2024-01-01T02:54:31,BTC,40047.7332
2024-01-01T02:54:32,BTC,40055.474
2024-01-01T02:54:33,BTC,40048.1953
2024-01-01T02:54:34,BTC,40068.7968
2024-01-01T02:54:35,BTC,40052.9682
2024-01-01T02:54:36,BTC,40040.2182
2024-01-01T02:54:37,BTC,40032.0219
2024-01-01T02:54:38,BTC,40040.6978
2024-01-01T02:54:39,BTC,40018.7137
2024-01-01T02:54:40,BTC,40041.768
2024-01-01T02:54:41,BTC,40005.8747
2024-01-01T02:54:42,BTC,40002.3714
2024-01-01T02:54:43,BTC,40009.3041
2024-01-01T02:54:44,BTC,39979.1114
2024-01-01T02:54:45,BTC,39986.4331
2024-01-01T02:54:46,BTC,40003.0063
2024-01-01T02:54:47,BTC,40007.6859
2024-01-01T02:54:48,BTC,40006.3139
2024-01-01T02:54:49,BTC,40004.5176
2024-01-01T02:54:50,BTC,40004.1032
2024-01-01T02:54:51,BTC,40023.1826
2024-01-01T02:54:52,BTC,40017.9033
2024-01-01T02:54:53,BTC,40008.0379
2024-01-01T02:54:54,BTC,40025.4426
2024-01-01T02:54:55,BTC,40037.3112
2024-01-01T02:54:56,BTC,40058.4264
2024-01-01T02:54:57,BTC,40035.6395
2024-01-01T02:54:58,BTC,40058.0015
2024-01-01T02:54:59,BTC,40054.5379
2024-01-01T02:55:00,BTC,40035.979
2024-01-01T02:55:01,BTC,40051.3501
2024-01-01T02:55:02,BTC,40058.0206
2024-01-01T02:55:03,BTC,40036.3123
2024-01-01T02:55:04,BTC,40031.6012
2024-01-01T02:55:05,BTC,40044.3936
2024-01-01T02:55:06,BTC,40008.9059
2024-01-01T02:55:07,BTC,40019.8177
2024-01-01T02:55:08,BTC,40015.6302
2024-01-01T02:55:09,BTC,40025.9343
2024-01-01T02:55:10,BTC,39981.3612
2024-01-01T02:55:11,BTC,40013.3113
2024-01-01T02:55:12,BTC,40001.0544
2024-01-01T02:55:13,BTC,39989.3617
2024-01-01T02:55:14,BTC,39984.5627
2024-01-01T02:55:15,BTC,39995.5418
2024-01-01T02:55:16,BTC,39992.6951
2024-01-01T02:55:17,BTC,40023.7732
2024-01-01T02:55:18,BTC,40019.0607
2024-01-01T02:55:19,BTC,40051.971
2024-01-01T02:55:20,BTC,40047.9017
2024-01-01T02:55:21,BTC,40048.0298
2024-01-01T02:55:22,BTC,40016.1527
2024-01-01T02:55:23,BTC,40000.0424
2024-01-01T02:55:24,BTC,40005.9388
2024-01-01T02:55:25,BTC,39976.8621
2024-01-01T02:55:26,BTC,40010.6345
2024-01-01T02:55:27,BTC,40014.9316
2024-01-01T02:55:28,BTC,40007.7894
2024-01-01T02:55:29,BTC,40005.9996
2024-01-01T02:55:30,BTC,40039.4896
2024-01-01T02:55:31,BTC,40055.1435
2024-01-01T02:55:32,BTC,40017.0917
2024-01-01T02:55:33,BTC,40008.7156
2024-01-01T02:55:34,BTC,40027.092
2024-01-01T02:55:35,BTC,40010.0572
2024-01-01T02:55:36,BTC,40017.2102
2024-01-01T02:55:37,BTC,39971.7287
2024-01-01T02:55:38,BTC,39959.9635
2024-01-01T02:55:39,BTC,39962.1668
2024-01-01T02:55:40,BTC,39976.6755
2024-01-01T02:55:41,BTC,39967.0241
2024-01-01T02:55:42,BTC,39985.5421
2024-01-01T02:55:43,BTC,39955.7711
2024-01-01T02:55:44,BTC,39952.037
2024-01-01T02:55:45,BTC,39955.7192
2024-01-01T02:55:46,BTC,39924.3083
2024-01-01T02:55:47,BTC,39950.1124
2024-01-01T02:55:48,BTC,39955.9402
2024-01-01T02:55:49,BTC,39933.8148
2024-01-01T02:55:50,BTC,39944.8626
2024-01-01T02:55:51,BTC,39928.14
2024-01-01T02:55:52,BTC,39915.1231
2024-01-01T02:55:53,BTC,39887.7511
2024-01-01T02:55:54,BTC,39880.5366
2024-01-01T02:55:55,BTC,39836.6857
2024-01-01T02:55:56,BTC,39840.9809
2024-01-01T02:55:57,BTC,39877.8768
2024-01-01T02:55:58,BTC,39868.9778
2024-01-01T02:55:59,BTC,39823.0172
2024-01-01T02:56:00,BTC,39813.4551
2024-01-01T02:56:01,BTC,39812.0651
2024-01-01T02:56:02,BTC,39815.0874
2024-01-01T02:56:03,BTC,39813.7682
2024-01-01T02:56:04,BTC,39844.0683
2024-01-01T02:56:05,BTC,39840.3075
2024-01-01T02:56:06,BTC,39832.4004
2024-01-01T02:56:07,BTC,39839.3474
2024-01-01T02:56:08,BTC,39848.2024
2024-01-01T02:56:09,BTC,39843.9403
2024-01-01T02:56:10,BTC,39839.0751
2024-01-01T02:56:11,BTC,39826.0939
2024-01-01T02:56:12,BTC,39840.6122
2024-01-01T02:56:13,BTC,39809.6307
2024-01-01T02:56:14,BTC,39811.9534
2024-01-01T02:56:15,BTC,39829.6211
2024-01-01T02:56:16,BTC,39828.4912
2024-01-01T02:56:17,BTC,39793.7882
2024-01-01T02:56:18,BTC,39790.5079
2024-01-01T02:56:19,BTC,39804.9697
2024-01-01T02:56:20,BTC,39809.4923
2024-01-01T02:56:21,BTC,39787.9083
2024-01-01T02:56:22,BTC,39833.375
2024-01-01T02:56:23,BTC,39851.9106
2024-01-01T02:56:24,BTC,39854.9489
2024-01-01T02:56:25,BTC,39910.2052
2024-01-01T02:56:26,BTC,39904.3653
2024-01-01T02:56:27,BTC,39874.1928
2024-01-01T02:56:28,BTC,39870.8599
2024-01-01T02:56:29,BTC,39872.2053
2024-01-01T02:56:30,BTC,39840.8376
2024-01-01T02:56:31,BTC,39854.6117
2024-01-01T02:56:32,BTC,39874.246
2024-01-01T02:56:33,BTC,39845.868
2024-01-01T02:56:34,BTC,39832.8879
2024-01-01T02:56:35,BTC,39808.4727
2024-01-01T02:56:36,BTC,39782.485
2024-01-01T02:56:37,BTC,39791.2422
2024-01-01T02:56:38,BTC,39793.0367
2024-01-01T02:56:39,BTC,39788.6315
2024-01-01T02:56:40,BTC,39794.7606
2024-01-01T02:56:41,BTC,39787.0256
2024-01-01T02:56:42,BTC,39774.0392
2024-01-01T02:56:43,BTC,39766.0866
2024-01-01T02:56:44,BTC,39761.1217
2024-01-01T02:56:45,BTC,39761.4773
2024-01-01T02:56:46,BTC,39771.6373
2024-01-01T02:56:47,BTC,39757.0447
2024-01-01T02:56:48,BTC,39751.2055
2024-01-01T02:56:49,BTC,39739.738
2024-01-01T02:56:50,BTC,39727.2841
2024-01-01T02:56:51,BTC,39742.9744
2024-01-01T02:56:52,BTC,39728.8722
2024-01-01T02:56:53,BTC,39725.7789
2024-01-01T02:56:54,BTC,39705.4671
2024-01-01T02:56:55,BTC,39719.4271
2024-01-01T02:56:56,BTC,39741.2941
2024-01-01T02:56:57,BTC,39744.6648
2024-01-01T02:56:58,BTC,39783.1497
2024-01-01T02:56:59,BTC,39741.2021
2024-01-01T02:57:00,BTC,39727.4073
2024-01-01T02:57:01,BTC,39740.4238
2024-01-01T02:57:02,BTC,39709.4463
2024-01-01T02:57:03,BTC,39706.0976
2024-01-01T02:57:04,BTC,39707.5136
2024-01-01T02:57:05,BTC,39702.5664
2024-01-01T02:57:06,BTC,39701.6625
2024-01-01T02:57:07,BTC,39718.5241
2024-01-01T02:57:08,BTC,39740.0347
2024-01-01T02:57:09,BTC,39711.9877
2024-01-01T02:57:10,BTC,39685.7261
2024-01-01T02:57:11,BTC,39694.5358
2024-01-01T02:57:12,BTC,39671.1762
2024-01-01T02:57:13,BTC,39709.0746
2024-01-01T02:57:14,BTC,39707.0253
2024-01-01T02:57:15,BTC,39711.6015
2024-01-01T02:57:16,BTC,39708.0959
2024-01-01T02:57:17,BTC,39700.7933
2024-01-01T02:57:18,BTC,39686.2538
2024-01-01T02:57:19,BTC,39719.7495
2024-01-01T02:57:20,BTC,39726.9914
2024-01-01T02:57:21,BTC,39686.9164
2024-01-01T02:57:22,BTC,39674.2831
2024-01-01T02:57:23,BTC,39684.8078
2024-01-01T02:57:24,BTC,39693.1356
2024-01-01T02:57:25,BTC,39717.5124
2024-01-01T02:57:26,BTC,39722.8495
2024-01-01T02:57:27,BTC,39717.7953
2024-01-01T02:57:28,BTC,39714.3225
2024-01-01T02:57:29,BTC,39720.1108
2024-01-01T02:57:30,BTC,39730.9147
2024-01-01T02:57:31,BTC,39718.2006
2024-01-01T02:57:32,BTC,39711.7285
2024-01-01T02:57:33,BTC,39723.0387
2024-01-01T02:57:34,BTC,39725.8956
2024-01-01T02:57:35,BTC,39723.811
2024-01-01T02:57:36,BTC,39740.4813
2024-01-01T02:57:37,BTC,39725.7536
2024-01-01T02:57:38,BTC,39737.7629
2024-01-01T02:57:39,BTC,39762.0713
2024-01-01T02:57:40,BTC,39761.9277
2024-01-01T02:57:41,BTC,39760.1345
2024-01-01T02:57:42,BTC,39739.1183
2024-01-01T02:57:43,BTC,39731.8291
2024-01-01T02:57:44,BTC,39718.6876
2024-01-01T02:57:45,BTC,39738.5436
2024-01-01T02:57:46,BTC,39733.3699
2024-01-01T02:57:47,BTC,39727.7145
2024-01-01T02:57:48,BTC,39749.1844
2024-01-01T02:57:49,BTC,39747.6529
2024-01-01T02:57:50,BTC,39758.6183
2024-01-01T02:57:51,BTC,39751.4747
2024-01-01T02:57:52,BTC,39759.1617
2024-01-01T02:57:53,BTC,39755.6641
2024-01-01T02:57:54,BTC,39781.2282
2024-01-01T02:57:55,BTC,39785.8399
2024-01-01T02:57:56,BTC,39757.9155
2024-01-01T02:57:57,BTC,39748.2325
2024-01-01T02:57:58,BTC,39723.1216
2024-01-01T02:57:59,BTC,39733.835
2024-01-01T02:58:00,BTC,39749.4574
2024-01-01T02:58:01,BTC,39754.569
2024-01-01T02:58:02,BTC,39744.5267
2024-01-01T02:58:03,BTC,39721.8954
2024-01-01T02:58:04,BTC,39720.9769
2024-01-01T02:58:05,BTC,39707.7375
2024-01-01T02:58:06,BTC,39726.2007
2024-01-01T02:58:07,BTC,39718.4541
2024-01-01T02:58:08,BTC,39727.5287
2024-01-01T02:58:09,BTC,39717.9986
2024-01-01T02:58:10,BTC,39739.721
2024-01-01T02:58:11,BTC,39719.5367
2024-01-01T02:58:12,BTC,39712.489
2024-01-01T02:58:13,BTC,39724.0079
2024-01-01T02:58:14,BTC,39757.3002
2024-01-01T02:58:15,BTC,39728.8473
2024-01-01T02:58:16,BTC,39703.592
2024-01-01T02:58:17,BTC,39712.9272
2024-01-01T02:58:18,BTC,39744.2908
2024-01-01T02:58:19,BTC,39760.9858
2024-01-01T02:58:20,BTC,39775.229
2024-01-01T02:58:21,BTC,39754.0099
2024-01-01T02:58:22,BTC,39759.2166
2024-01-01T02:58:23,BTC,39769.3761
2024-01-01T02:58:24,BTC,39773.6065
2024-01-01T02:58:25,BTC,39779.6592
2024-01-01T02:58:26,BTC,39794.6535
2024-01-01T02:58:27,BTC,39746.2023
2024-01-01T02:58:28,BTC,39705.7166
2024-01-01T02:58:29,BTC,39682.0987
2024-01-01T02:58:30,BTC,39683.8131
2024-01-01T02:58:31,BTC,39676.0868
2024-01-01T02:58:32,BTC,39649.6319
2024-01-01T02:58:33,BTC,39681.7481
2024-01-01T02:58:34,BTC,39677.6281
2024-01-01T02:58:35,BTC,39681.5246
2024-01-01T02:58:36,BTC,39700.0562
2024-01-01T02:58:37,BTC,39742.3361
2024-01-01T02:58:38,BTC,39741.1563
2024-01-01T02:58:39,BTC,39744.8399
2024-01-01T02:58:40,BTC,39720.093
2024-01-01T02:58:41,BTC,39719.1446
2024-01-01T02:58:42,BTC,39694.1086
2024-01-01T02:58:43,BTC,39685.1089
2024-01-01T02:58:44,BTC,39700.2296
2024-01-01T02:58:45,BTC,39707.3307
2024-01-01T02:58:46,BTC,39726.1391
2024-01-01T02:58:47,BTC,39731.1302
2024-01-01T02:58:48,BTC,39754.2842
2024-01-01T02:58:49,BTC,39734.7588
2024-01-01T02:58:50,BTC,39758.9287
2024-01-01T02:58:51,BTC,39747.5577
2024-01-01T02:58:52,BTC,39740.0556
2024-01-01T02:58:53,BTC,39733.8358
2024-01-01T02:58:54,BTC,39770.2286
2024-01-01T02:58:55,BTC,39755.209
2024-01-01T02:58:56,BTC,39764.7749
2024-01-01T02:58:57,BTC,39773.0944
2024-01-01T02:58:58,BTC,39775.0258
2024-01-01T02:58:59,BTC,39759.3029
2024-01-01T02:59:00,BTC,39736.5173
2024-01-01T03:48:00,BTC,39713.6255
2024-01-01T03:48:01,BTC,39735.212
2024-01-01T03:48:02,BTC,39719.4924
2024-01-01T03:48:03,BTC,39695.411
2024-01-01T03:48:04,BTC,39714.345
2024-01-01T03:48:05,BTC,39726.5183
2024-01-01T03:48:06,BTC,39725.7714
2024-01-01T03:48:07,BTC,39715.1892
2024-01-01T03:48:08,BTC,39660.7556
2024-01-01T03:48:09,BTC,39645.1377
2024-01-01T03:48:10,BTC,39641.548
2024-01-01T03:48:11,BTC,39620.0538
2024-01-01T03:48:12,BTC,39598.5992
2024-01-01T03:48:13,BTC,39639.0807
2024-01-01T03:48:14,BTC,39605.0316
2024-01-01T03:48:15,BTC,39610.6022
2024-01-01T03:48:16,BTC,39594.4193
2024-01-01T03:48:17,BTC,39597.8435
2024-01-01T03:48:18,BTC,39573.3953
2024-01-01T03:48:19,BTC,39596.6612
2024-01-01T03:48:20,BTC,39589.571
2024-01-01T03:48:21,BTC,39622.9563
2024-01-01T03:48:22,BTC,39649.6053
2024-01-01T03:48:23,BTC,39631.0871
2024-01-01T03:48:24,BTC,39610.6284
2024-01-01T03:48:25,BTC,39584.1864
2024-01-01T03:48:26,BTC,39564.0001
2024-01-01T03:48:27,BTC,39587.8971
2024-01-01T03:48:28,BTC,39619.7033
2024-01-01T03:48:29,BTC,39607.512
2024-01-01T03:48:30,BTC,39628.7147
2024-01-01T03:48:31,BTC,39627.2933
2024-01-01T03:48:32,BTC,39621.4825
2024-01-01T03:48:33,BTC,39618.1766
2024-01-01T03:48:34,BTC,39633.5149
2024-01-01T03:48:35,BTC,39593.2436
2024-01-01T03:48:36,BTC,39585.5922
2024-01-01T03:48:37,BTC,39573.046
2024-01-01T03:48:38,BTC,39588.9482
2024-01-01T03:48:39,BTC,39603.4777
2024-01-01T03:48:40,BTC,39623.3227
2024-01-01T03:48:41,BTC,39635.8583
2024-01-01T03:48:42,BTC,39642.7948
2024-01-01T03:48:43,BTC,39626.368
2024-01-01T03:48:44,BTC,39631.4523
2024-01-01T03:48:45,BTC,39623.9946
2024-01-01T03:48:46,BTC,39613.4825
2024-01-01T03:48:47,BTC,39569.2205
2024-01-01T03:48:48,BTC,39590.6057
2024-01-01T03:48:49,BTC,39571.2369
2024-01-01T03:48:50,BTC,39570.5129
2024-01-01T03:48:51,BTC,39608.0809
2024-01-01T03:48:52,BTC,39626.0586
2024-01-01T03:48:53,BTC,39616.6758
2024-01-01T03:48:54,BTC,39666.4523
2024-01-01T03:48:55,BTC,39687.2941
2024-01-01T03:48:56,BTC,39670.6167
2024-01-01T03:48:57,BTC,39661.578
2024-01-01T03:48:58,BTC,39682.415
2024-01-01T03:48:59,BTC,39699.3079
2024-01-01T03:49:00,BTC,39707.5611
2024-01-01T03:49:01,BTC,39683.6232
2024-01-01T03:49:02,BTC,39681.8447
2024-01-01T03:49:03,BTC,39698.9167
2024-01-01T03:49:04,BTC,39736.9519
2024-01-01T03:49:05,BTC,39740.3861
2024-01-01T03:49:06,BTC,39736.6326
2024-01-01T03:49:07,BTC,39732.4746
2024-01-01T03:49:08,BTC,39742.867
2024-01-01T03:49:09,BTC,39706.8678
2024-01-01T03:49:10,BTC,39698.9578
2024-01-01T03:49:11,BTC,39696.6068
2024-01-01T03:49:12,BTC,39703.8862
2024-01-01T03:49:13,BTC,39702.6767
2024-01-01T03:49:14,BTC,39697.878
2024-01-01T03:49:15,BTC,39688.0102
2024-01-01T03:49:16,BTC,39689.6248
2024-01-01T03:49:17,BTC,39700.2325
2024-01-01T03:49:18,BTC,39708.0133
2024-01-01T03:49:19,BTC,39727.8603
2024-01-01T03:49:20,BTC,39719.633
2024-01-01T03:49:21,BTC,39731.9964
2024-01-01T03:49:22,BTC,39701.8008
2024-01-01T03:49:23,BTC,39695.4166
2024-01-01T03:49:24,BTC,39723.9119
2024-01-01T03:49:25,BTC,39706.4237
2024-01-01T03:49:26,BTC,39720.6329
2024-01-01T03:49:27,BTC,39708.2867
2024-01-01T03:49:28,BTC,39711.0499
2024-01-01T03:49:29,BTC,39680.6477
2024-01-01T03:49:30,BTC,39715.8922
2024-01-01T03:49:31,BTC,39746.1871
2024-01-01T03:49:32,BTC,39732.1371
2024-01-01T03:49:33,BTC,39712.0828
2024-01-01T03:49:34,BTC,39680.2764
2024-01-01T03:49:35,BTC,39685.1385
2024-01-01T03:49:36,BTC,39689.6488
2024-01-01T03:49:37,BTC,39701.6119
2024-01-01T03:49:38,BTC,39710.9018
2024-01-01T03:49:39,BTC,39691.9005
2024-01-01T03:49:40,BTC,39713.8558
2024-01-01T03:49:41,BTC,39745.5983
2024-01-01T03:49:42,BTC,39740.0304
2024-01-01T03:49:43,BTC,39728.9316
2024-01-01T03:49:44,BTC,39725.1357
2024-01-01T03:49:45,BTC,39717.984
2024-01-01T03:49:46,BTC,39735.942
2024-01-01T03:49:47,BTC,39754.5577
2024-01-01T03:49:48,BTC,39767.5074
2024-01-01T03:49:49,BTC,39761.9369
2024-01-01T03:49:50,BTC,39763.4944
2024-01-01T03:49:51,BTC,39784.3666
2024-01-01T03:49:52,BTC,39797.4458
2024-01-01T03:49:53,BTC,39802.2809
2024-01-01T03:49:54,BTC,39809.8126
2024-01-01T03:49:55,BTC,39833.2206
2024-01-01T03:49:56,BTC,39826.4664
2024-01-01T03:49:57,BTC,39806.7201
2024-01-01T03:49:58,BTC,39800.3729
2024-01-01T03:49:59,BTC,39838.7054
2024-01-01T03:50:00,BTC,39823.4159
2024-01-01T03:50:01,BTC,39848.3857
2024-01-01T03:50:02,BTC,39827.0424
2024-01-01T03:50:03,BTC,39828.292
2024-01-01T03:50:04,BTC,39842.1779
2024-01-01T03:50:05,BTC,39835.2618
2024-01-01T03:50:06,BTC,39823.1759
2024-01-01T03:50:07,BTC,39831.9744
2024-01-01T03:50:08,BTC,39811.8518
2024-01-01T03:50:09,BTC,39834.0887
2024-01-01T03:50:10,BTC,39822.924
2024-01-01T03:50:11,BTC,39833.2586
2024-01-01T03:50:12,BTC,39822.1177
2024-01-01T03:50:13,BTC,39820.2757
2024-01-01T03:50:14,BTC,39818.0292
2024-01-01T03:50:15,BTC,39838.1358
2024-01-01T03:50:16,BTC,39850.3675
2024-01-01T03:50:17,BTC,39827.9367
2024-01-01T03:50:18,BTC,39799.6996
2024-01-01T03:50:19,BTC,39776.7336
2024-01-01T03:50:20,BTC,39760.5377
2024-01-01T03:50:21,BTC,39781.8396
2024-01-01T03:50:22,BTC,39785.4579
2024-01-01T03:50:23,BTC,39807.6424
2024-01-01T03:50:24,BTC,39792.2858
2024-01-01T03:50:25,BTC,39787.0282
2024-01-01T03:50:26,BTC,39778.522
2024-01-01T03:50:27,BTC,39748.069
2024-01-01T03:50:28,BTC,39772.317
2024-01-01T03:50:29,BTC,39750.9729
2024-01-01T03:50:30,BTC,39726.5315
2024-01-01T03:50:31,BTC,39732.6584
2024-01-01T03:50:32,BTC,39753.3866
2024-01-01T03:50:33,BTC,39769.6326
2024-01-01T03:50:34,BTC,39780.0505
2024-01-01T03:50:35,BTC,39810.5621
2024-01-01T03:50:36,BTC,39798.8758
2024-01-01T03:50:37,BTC,39765.6444
2024-01-01T03:50:38,BTC,39776.7906
2024-01-01T03:50:39,BTC,39769.9896
2024-01-01T03:50:40,BTC,39782.7125
2024-01-01T03:50:41,BTC,39820.9751
2024-01-01T03:50:42,BTC,39842.5794
2024-01-01T03:50:43,BTC,39849.6197
2024-01-01T03:50:44,BTC,39838.8405
2024-01-01T03:50:45,BTC,39861.2727
2024-01-01T03:50:46,BTC,39883.0088
2024-01-01T03:50:47,BTC,39899.7022
2024-01-01T03:50:48,BTC,39905.476
2024-01-01T03:50:49,BTC,39888.1124
2024-01-01T03:50:50,BTC,39894.2557
2024-01-01T03:50:51,BTC,39920.3519
2024-01-01T03:50:52,BTC,39907.2252
2024-01-01T03:50:53,BTC,39920.6505
2024-01-01T03:50:54,BTC,39961.6302
2024-01-01T03:50:55,BTC,39976.1418
2024-01-01T03:50:56,BTC,39989.3424
2024-01-01T03:50:57,BTC,39993.7816
2024-01-01T03:50:58,BTC,40009.8566
2024-01-01T03:50:59,BTC,40072.7441
2024-01-01T03:51:00,BTC,40059.1833
2024-01-01T03:51:01,BTC,40046.6031
2024-01-01T03:51:02,BTC,40054.1881
2024-01-01T03:51:03,BTC,40035.2939
2024-01-01T03:51:04,BTC,40019.9597
2024-01-01T03:51:05,BTC,40001.3249
2024-01-01T03:51:06,BTC,40002.4254
2024-01-01T03:51:07,BTC,39962.4416
2024-01-01T03:51:08,BTC,39949.2278
2024-01-01T03:51:09,BTC,39926.6638
2024-01-01T03:51:10,BTC,39918.7284
2024-01-01T03:51:11,BTC,39928.1277
2024-01-01T03:51:12,BTC,39937.4439
2024-01-01T03:51:13,BTC,39939.5336
2024-01-01T03:51:14,BTC,39950.6366
2024-01-01T03:51:15,BTC,39944.7261
2024-01-01T03:51:16,BTC,39943.1943
2024-01-01T03:51:17,BTC,39928.068
2024-01-01T03:51:18,BTC,39931.102
2024-01-01T03:51:19,BTC,39924.3826
2024-01-01T03:51:20,BTC,39891.093
2024-01-01T03:51:21,BTC,39891.5731
2024-01-01T03:51:22,BTC,39936.4102
2024-01-01T03:51:23,BTC,39905.1342
2024-01-01T03:51:24,BTC,39906.4319
2024-01-01T03:51:25,BTC,39870.7093
2024-01-01T03:51:26,BTC,39901.7887
2024-01-01T03:51:27,BTC,39939.0872
2024-01-01T03:51:28,BTC,39960.5929
2024-01-01T03:51:29,BTC,39990.2584
2024-01-01T03:51:30,BTC,39986.6696
2024-01-01T03:51:31,BTC,39972.7776
2024-01-01T03:51:32,BTC,39945.5883
2024-01-01T03:51:33,BTC,39944.3934
2024-01-01T03:51:34,BTC,39962.2741
2024-01-01T03:51:35,BTC,39971.0551
2024-01-01T03:51:36,BTC,39966.3386
2024-01-01T03:51:37,BTC,40000.0457
2024-01-01T03:51:38,BTC,39974.3086
2024-01-01T03:51:39,BTC,39957.6222
2024-01-01T03:51:40,BTC,39976.322
2024-01-01T03:51:41,BTC,39938.1656
2024-01-01T03:51:42,BTC,39912.4263
2024-01-01T03:51:43,BTC,39909.6717
2024-01-01T03:51:44,BTC,39921.6743
2024-01-01T03:51:45,BTC,39933.804
2024-01-01T03:51:46,BTC,39957.4996
2024-01-01T03:51:47,BTC,39968.0276
2024-01-01T03:51:48,BTC,39949.032
2024-01-01T03:51:49,BTC,39940.8968
2024-01-01T03:51:50,BTC,39931.5902
2024-01-01T03:51:51,BTC,39947.7261
2024-01-01T03:51:52,BTC,39961.6486
2024-01-01T03:51:53,BTC,39952.6568
2024-01-01T03:51:54,BTC,39919.0565
2024-01-01T03:51:55,BTC,39922.6039
2024-01-01T03:51:56,BTC,39892.4208
2024-01-01T03:51:57,BTC,39870.848
2024-01-01T03:51:58,BTC,39873.7517
2024-01-01T03:51:59,BTC,39878.5271
2024-01-01T03:52:00,BTC,39863.1536
2024-01-01T03:52:01,BTC,39863.1618
2024-01-01T03:52:02,BTC,39869.6243
2024-01-01T03:52:03,BTC,39904.1992
2024-01-01T03:52:04,BTC,39918.6735
2024-01-01T03:52:05,BTC,39903.6434
2024-01-01T03:52:06,BTC,39894.1931
2024-01-01T03:52:07,BTC,39900.0111
2024-01-01T03:52:08,BTC,39916.0445
2024-01-01T03:52:09,BTC,39915.3613
2024-01-01T03:52:10,BTC,39912.8536
2024-01-01T03:52:11,BTC,39941.0977
2024-01-01T03:52:12,BTC,39941.4429
2024-01-01T03:52:13,BTC,39901.4546
2024-01-01T03:52:14,BTC,39956.0074
2024-01-01T03:52:15,BTC,39948.9945
2024-01-01T03:52:16,BTC,39939.2862
2024-01-01T03:52:17,BTC,39946.1698
2024-01-01T03:52:18,BTC,39948.1574
2024-01-01T03:52:19,BTC,39964.5044
2024-01-01T03:52:20,BTC,39966.104
2024-01-01T03:52:21,BTC,39979.1639
2024-01-01T03:52:22,BTC,39963.4831
2024-01-01T03:52:23,BTC,39916.6714
2024-01-01T03:52:24,BTC,39923.9658
2024-01-01T03:52:25,BTC,39902.8477
2024-01-01T03:52:26,BTC,39871.2421
2024-01-01T03:52:27,BTC,39874.0525
2024-01-01T03:52:28,BTC,39876.3465
2024-01-01T03:52:29,BTC,39885.7706
2024-01-01T03:52:30,BTC,39906.6712
2024-01-01T03:52:31,BTC,39902.7149
2024-01-01T03:52:32,BTC,39870.2784
2024-01-01T03:52:33,BTC,39885.513
2024-01-01T03:52:34,BTC,39897.4512
2024-01-01T03:52:35,BTC,39875.8909
2024-01-01T03:52:36,BTC,39913.2263
2024-01-01T03:52:37,BTC,39896.7528
2024-01-01T03:52:38,BTC,39916.6639
2024-01-01T03:52:39,BTC,39930.4475
2024-01-01T03:52:40,BTC,39910.1608
2024-01-01T03:52:41,BTC,39900.3434
2024-01-01T03:52:42,BTC,39912.3278
2024-01-01T03:52:43,BTC,39933.0513
2024-01-01T03:52:44,BTC,39918.9167
2024-01-01T03:52:45,BTC,39905.8504
2024-01-01T03:52:46,BTC,39880.2146
2024-01-01T03:52:47,BTC,39905.729
2024-01-01T03:52:48,BTC,39923.3939
2024-01-01T03:52:49,BTC,39920.9436
2024-01-01T03:52:50,BTC,39895.1093
2024-01-01T03:52:51,BTC,39891.5327
2024-01-01T03:52:52,BTC,39891.274
2024-01-01T03:52:53,BTC,39900.6429
2024-01-01T03:52:54,BTC,39864.3536
2024-01-01T03:52:55,BTC,39878.3076
2024-01-01T03:52:56,BTC,39872.5829
2024-01-01T03:52:57,BTC,39891.9451
2024-01-01T03:52:58,BTC,39902.8655
2024-01-01T03:52:59,BTC,39882.2886
2024-01-01T03:53:00,BTC,39882.1035
2024-01-01T03:53:01,BTC,39872.1923
2024-01-01T03:53:02,BTC,39875.7256
2024-01-01T03:53:03,BTC,39859.1311
2024-01-01T03:53:04,BTC,39849.7483
2024-01-01T03:53:05,BTC,39839.8453
2024-01-01T03:53:06,BTC,39803.7613
2024-01-01T03:53:07,BTC,39812.6721
2024-01-01T03:53:08,BTC,39849.8412
2024-01-01T03:53:09,BTC,39841.2968
2024-01-01T03:53:10,BTC,39849.6386
2024-01-01T03:53:11,BTC,39841.4181
2024-01-01T03:53:12,BTC,39791.9393
2024-01-01T03:53:13,BTC,39772.3975
2024-01-01T03:53:14,BTC,39804.3038
2024-01-01T03:53:15,BTC,39847.8903
2024-01-01T03:53:16,BTC,39847.6689
2024-01-01T03:53:17,BTC,39830.9122
2024-01-01T03:53:18,BTC,39846.6842
2024-01-01T03:53:19,BTC,39827.9776
2024-01-01T03:53:20,BTC,39833.595
2024-01-01T03:53:21,BTC,39833.7583
2024-01-01T03:53:22,BTC,39818.2417
2024-01-01T03:53:23,BTC,39830.0249
2024-01-01T03:53:24,BTC,39828.7303
2024-01-01T03:53:25,BTC,39863.4134
2024-01-01T03:53:26,BTC,39885.8569
2024-01-01T03:53:27,BTC,39887.3916
2024-01-01T03:53:28,BTC,39861.5872
2024-01-01T03:53:29,BTC,39841.9509
2024-01-01T03:53:30,BTC,39862.9955
2024-01-01T03:53:31,BTC,39878.9283
2024-01-01T03:53:32,BTC,39856.3963
2024-01-01T03:53:33,BTC,39857.4066
2024-01-01T03:53:34,BTC,39842.024
2024-01-01T03:53:35,BTC,39819.273
2024-01-01T03:53:36,BTC,39785.1673
2024-01-01T03:53:37,BTC,39782.3634
2024-01-01T03:53:38,BTC,39781.2582
2024-01-01T03:53:39,BTC,39773.276
2024-01-01T03:53:40,BTC,39748.308
2024-01-01T03:53:41,BTC,39753.8396
2024-01-01T03:53:42,BTC,39742.3805
2024-01-01T03:53:43,BTC,39755.9165
2024-01-01T03:53:44,BTC,39760.1391
2024-01-01T03:53:45,BTC,39751.0405
2024-01-01T03:53:46,BTC,39768.9313
2024-01-01T03:53:47,BTC,39753.9823
2024-01-01T03:53:48,BTC,39740.0451
2024-01-01T03:53:49,BTC,39741.0784
2024-01-01T03:53:50,BTC,39755.6497
2024-01-01T03:53:51,BTC,39751.884
2024-01-01T03:53:52,BTC,39754.1041
2024-01-01T03:53:53,BTC,39759.3839
2024-01-01T03:53:54,BTC,39752.915
2024-01-01T03:53:55,BTC,39757.9684
2024-01-01T03:53:56,BTC,39762.3007
2024-01-01T03:53:57,BTC,39728.9743
2024-01-01T03:53:58,BTC,39754.793
2024-01-01T03:53:59,BTC,39783.5699
2024-01-01T03:54:00,BTC,39786.587
2024-01-01T04:42:00,BTC,39799.2397
2024-01-01T04:42:01,BTC,39794.1521
2024-01-01T04:42:02,BTC,39802.0727
2024-01-01T04:42:03,BTC,39814.166
2024-01-01T04:42:04,BTC,39798.2241
2024-01-01T04:42:05,BTC,39799.8242
2024-01-01T04:42:06,BTC,39819.6208
2024-01-01T04:42:07,BTC,39833.6598
2024-01-01T04:42:08,BTC,39856.5764
2024-01-01T04:42:09,BTC,39878.0322
2024-01-01T04:42:10,BTC,39882.5365
2024-01-01T04:42:11,BTC,39856.5346
2024-01-01T04:42:12,BTC,39861.4267
2024-01-01T04:42:13,BTC,39872.4454
2024-01-01T04:42:14,BTC,39882.2681
2024-01-01T04:42:15,BTC,39863.3948
2024-01-01T04:42:16,BTC,39871.1352
2024-01-01T04:42:17,BTC,39852.9393
2024-01-01T04:42:18,BTC,39860.2283
2024-01-01T04:42:19,BTC,39891.4205
2024-01-01T04:42:20,BTC,39865.2462
2024-01-01T04:42:21,BTC,39850.01
2024-01-01T04:42:22,BTC,39844.1446
2024-01-01T04:42:23,BTC,39862.6137
2024-01-01T04:42:24,BTC,39920.6429
2024-01-01T04:42:25,BTC,39922.9926
2024-01-01T04:42:26,BTC,39917.7987
2024-01-01T04:42:27,BTC,39907.3382
2024-01-01T04:42:28,BTC,39862.8514
2024-01-01T04:42:29,BTC,39855.3076
2024-01-01T04:42:30,BTC,39850.825
2024-01-01T04:42:31,BTC,39870.7087
2024-01-01T04:42:32,BTC,39821.8219
2024-01-01T04:42:33,BTC,39812.5987
2024-01-01T04:42:34,BTC,39809.3379
2024-01-01T04:42:35,BTC,39776.8722
2024-01-01T04:42:36,BTC,39793.8011
2024-01-01T04:42:37,BTC,39789.4003
2024-01-01T04:42:38,BTC,39793.6073
2024-01-01T04:42:39,BTC,39782.7461
2024-01-01T04:42:40,BTC,39768.2537
2024-01-01T04:42:41,BTC,39728.1808
2024-01-01T04:42:42,BTC,39734.2432
2024-01-01T04:42:43,BTC,39746.99
2024-01-01T04:42:44,BTC,39751.0986
2024-01-01T04:42:45,BTC,39727.0669
2024-01-01T04:42:46,BTC,39706.2848
2024-01-01T04:42:47,BTC,39673.2918
2024-01-01T04:42:48,BTC,39660.8863
2024-01-01T04:42:49,BTC,39680.8691
2024-01-01T04:42:50,BTC,39685.9606
2024-01-01T04:42:51,BTC,39664.1673
2024-01-01T04:42:52,BTC,39627.0106
2024-01-01T04:42:53,BTC,39624.1432
2024-01-01T04:42:54,BTC,39625.3568
2024-01-01T04:42:55,BTC,39612.8423
2024-01-01T04:42:56,BTC,39597.8169
2024-01-01T04:42:57,BTC,39579.2263
2024-01-01T04:42:58,BTC,39566.7032
2024-01-01T04:42:59,BTC,39539.4469
2024-01-01T04:43:00,BTC,39536.1575
2024-01-01T04:43:01,BTC,39536.4095
2024-01-01T04:43:02,BTC,39533.5438
2024-01-01T04:43:03,BTC,39528.0456
2024-01-01T04:43:04,BTC,39545.7766
2024-01-01T04:43:05,BTC,39532.4018
2024-01-01T04:43:06,BTC,39524.83
2024-01-01T04:43:07,BTC,39551.7625
2024-01-01T04:43:08,BTC,39515.7512
2024-01-01T04:43:09,BTC,39467.8256
2024-01-01T04:43:10,BTC,39469.8655
2024-01-01T04:43:11,BTC,39457.5654
2024-01-01T04:43:12,BTC,39487.3184
2024-01-01T04:43:13,BTC,39498.4254
2024-01-01T04:43:14,BTC,39505.4546
2024-01-01T04:43:15,BTC,39513.5915
2024-01-01T04:43:16,BTC,39485.4672
2024-01-01T04:43:17,BTC,39479.5104
2024-01-01T04:43:18,BTC,39512.0874
2024-01-01T04:43:19,BTC,39479.4497
2024-01-01T04:43:20,BTC,39470.7216
2024-01-01T04:43:21,BTC,39442.2488
2024-01-01T04:43:22,BTC,39446.2114
2024-01-01T04:43:23,BTC,39456.3369
2024-01-01T04:43:24,BTC,39430.0199
2024-01-01T04:43:25,BTC,39421.8599
2024-01-01T04:43:26,BTC,39440.5628
2024-01-01T04:43:27,BTC,39434.2761
2024-01-01T04:43:28,BTC,39405.8279
2024-01-01T04:43:29,BTC,39406.8183
2024-01-01T04:43:30,BTC,39437.433
2024-01-01T04:43:31,BTC,39402.2882
2024-01-01T04:43:32,BTC,39385.5841
2024-01-01T04:43:33,BTC,39371.8963
2024-01-01T04:43:34,BTC,39373.9178
2024-01-01T04:43:35,BTC,39371.7621
2024-01-01T04:43:36,BTC,39375.3091
2024-01-01T04:43:37,BTC,39403.9419
2024-01-01T04:43:38,BTC,39395.0574
2024-01-01T04:43:39,BTC,39370.5873
2024-01-01T04:43:40,BTC,39364.3804
2024-01-01T04:43:41,BTC,39386.0706
2024-01-01T04:43:42,BTC,39374.675
2024-01-01T04:43:43,BTC,39380.0113
2024-01-01T04:43:44,BTC,39374.8839
2024-01-01T04:43:45,BTC,39363.3434
2024-01-01T04:43:46,BTC,39347.3735
2024-01-01T04:43:47,BTC,39357.3001
2024-01-01T04:43:48,BTC,39339.3787
2024-01-01T04:43:49,BTC,39327.4734
2024-01-01T04:43:50,BTC,39286.3102
2024-01-01T04:43:51,BTC,39273.9433
2024-01-01T04:43:52,BTC,39262.2317
2024-01-01T04:43:53,BTC,39256.7882
2024-01-01T04:43:54,BTC,39238.0241
2024-01-01T04:43:55,BTC,39204.3358
2024-01-01T04:43:56,BTC,39202.8836
2024-01-01T04:43:57,BTC,39205.4813
2024-01-01T04:43:58,BTC,39183.5304
2024-01-01T04:43:59,BTC,39179.5627
2024-01-01T04:44:00,BTC,39161.8531
2024-01-01T04:44:01,BTC,39149.6012
2024-01-01T04:44:02,BTC,39143.5203
2024-01-01T04:44:03,BTC,39124.0057
2024-01-01T04:44:04,BTC,39095.4976
2024-01-01T04:44:05,BTC,39124.0196
2024-01-01T04:44:06,BTC,39112.0175
2024-01-01T04:44:07,BTC,39107.5905
2024-01-01T04:44:08,BTC,39124.4138
2024-01-01T04:44:09,BTC,39137.4652
2024-01-01T04:44:10,BTC,39109.8951
2024-01-01T04:44:11,BTC,39091.643
2024-01-01T04:44:12,BTC,39140.5009
2024-01-01T04:44:13,BTC,39133.7624
2024-01-01T04:44:14,BTC,39141.5145
2024-01-01T04:44:15,BTC,39138.9805
2024-01-01T04:44:16,BTC,39126.2574
2024-01-01T04:44:17,BTC,39118.9943
2024-01-01T04:44:18,BTC,39116.0167
2024-01-01T04:44:19,BTC,39114.4066
2024-01-01T04:44:20,BTC,39055.3237
2024-01-01T04:44:21,BTC,39036.9636
2024-01-01T04:44:22,BTC,39013.2718
2024-01-01T04:44:23,BTC,38968.8184
2024-01-01T04:44:24,BTC,38942.7394
2024-01-01T04:44:25,BTC,38891.3645
2024-01-01T04:44:26,BTC,38917.6463
2024-01-01T04:44:27,BTC,38899.4922
2024-01-01T04:44:28,BTC,38881.2281
2024-01-01T04:44:29,BTC,38887.2353
2024-01-01T04:44:30,BTC,38874.0819
2024-01-01T04:44:31,BTC,38878.3251
2024-01-01T04:44:32,BTC,38863.1559
2024-01-01T04:44:33,BTC,38852.8868
2024-01-01T04:44:34,BTC,38837.5469
2024-01-01T04:44:35,BTC,38845.9779
2024-01-01T04:44:36,BTC,38826.7094
2024-01-01T04:44:37,BTC,38769.415
2024-01-01T04:44:38,BTC,38762.0921
2024-01-01T04:44:39,BTC,38772.4783
2024-01-01T04:44:40,BTC,38749.8974
2024-01-01T04:44:41,BTC,38720.6945
2024-01-01T04:44:42,BTC,38700.2761
2024-01-01T04:44:43,BTC,38646.6651
2024-01-01T04:44:44,BTC,38618.0446
2024-01-01T04:44:45,BTC,38594.7627
2024-01-01T04:44:46,BTC,38599.7311
2024-01-01T04:44:47,BTC,38582.0688
2024-01-01T04:44:48,BTC,38587.3513
2024-01-01T04:44:49,BTC,38552.5663
2024-01-01T04:44:50,BTC,38591.822
2024-01-01T04:44:51,BTC,38566.3986
2024-01-01T04:44:52,BTC,38537.7172
2024-01-01T04:44:53,BTC,38554.4964
2024-01-01T04:44:54,BTC,38524.3457
2024-01-01T04:44:55,BTC,38521.1001
2024-01-01T04:44:56,BTC,38566.9965
2024-01-01T04:44:57,BTC,38548.2182
2024-01-01T04:44:58,BTC,38502.3477
2024-01-01T04:44:59,BTC,38494.6603
2024-01-01T04:45:00,BTC,38473.0609
2024-01-01T04:45:01,BTC,38446.4751
2024-01-01T04:45:02,BTC,38447.7538
2024-01-01T04:45:03,BTC,38458.7092
2024-01-01T04:45:04,BTC,38458.0452
2024-01-01T04:45:05,BTC,38456.1576
2024-01-01T04:45:06,BTC,38418.3752
2024-01-01T04:45:07,BTC,38399.5285
2024-01-01T04:45:08,BTC,38406.3923
2024-01-01T04:45:09,BTC,38376.2439
2024-01-01T04:45:10,BTC,38376.1941
2024-01-01T04:45:11,BTC,38349.794
2024-01-01T04:45:12,BTC,38358.3156
2024-01-01T04:45:13,BTC,38332.0674
2024-01-01T04:45:14,BTC,38338.1302
2024-01-01T04:45:15,BTC,38344.1542
2024-01-01T04:45:16,BTC,38336.0704
2024-01-01T04:45:17,BTC,38323.9673
2024-01-01T04:45:18,BTC,38291.148
2024-01-01T04:45:19,BTC,38256.354
2024-01-01T04:45:20,BTC,38288.2825
2024-01-01T04:45:21,BTC,38263.4398
2024-01-01T04:45:22,BTC,38217.7098
2024-01-01T04:45:23,BTC,38214.5175
2024-01-01T04:45:24,BTC,38195.6853
2024-01-01T04:45:25,BTC,38188.6768
2024-01-01T04:45:26,BTC,38179.3988
2024-01-01T04:45:27,BTC,38147.23
2024-01-01T04:45:28,BTC,38099.299
2024-01-01T04:45:29,BTC,38089.2705
2024-01-01T04:45:30,BTC,38102.8509
2024-01-01T04:45:31,BTC,38086.5714
2024-01-01T04:45:32,BTC,38081.8881
2024-01-01T04:45:33,BTC,38087.3125
2024-01-01T04:45:34,BTC,38066.9354
2024-01-01T04:45:35,BTC,38042.9611
2024-01-01T04:45:36,BTC,38023.0105
2024-01-01T04:45:37,BTC,38030.5282
2024-01-01T04:45:38,BTC,38030.9004
2024-01-01T04:45:39,BTC,38026.8232
2024-01-01T04:45:40,BTC,37993.7935
2024-01-01T04:45:41,BTC,38020.7515
2024-01-01T04:45:42,BTC,38012.9842
2024-01-01T04:45:43,BTC,37999.2249
2024-01-01T04:45:44,BTC,38003.0662
2024-01-01T04:45:45,BTC,38006.909
2024-01-01T04:45:46,BTC,37995.8617
2024-01-01T04:45:47,BTC,37999.5479
2024-01-01T04:45:48,BTC,38027.775
2024-01-01T04:45:49,BTC,38030.0373
2024-01-01T04:45:50,BTC,38017.0128
2024-01-01T04:45:51,BTC,37988.095
2024-01-01T04:45:52,BTC,37958.9413
2024-01-01T04:45:53,BTC,37935.1122
2024-01-01T04:45:54,BTC,37914.6215
2024-01-01T04:45:55,BTC,37882.2413
2024-01-01T04:45:56,BTC,37867.9157
2024-01-01T04:45:57,BTC,37856.2946
2024-01-01T04:45:58,BTC,37827.7256
2024-01-01T04:45:59,BTC,37786.3802
2024-01-01T04:46:00,BTC,37794.9034
2024-01-01T04:46:01,BTC,37800.0748
2024-01-01T04:46:02,BTC,37785.1748
2024-01-01T04:46:03,BTC,37777.0962
2024-01-01T04:46:04,BTC,37771.1153
2024-01-01T04:46:05,BTC,37775.8566
2024-01-01T04:46:06,BTC,37777.7481
2024-01-01T04:46:07,BTC,37766.4559
2024-01-01T04:46:08,BTC,37749.3213
2024-01-01T04:46:09,BTC,37726.2495
2024-01-01T04:46:10,BTC,37727.6842
2024-01-01T04:46:11,BTC,37752.9167
2024-01-01T04:46:12,BTC,37746.135
2024-01-01T04:46:13,BTC,37752.5501
2024-01-01T04:46:14,BTC,37765.4888
2024-01-01T04:46:15,BTC,37756.0751
2024-01-01T04:46:16,BTC,37712.6898
2024-01-01T04:46:17,BTC,37691.8385
2024-01-01T04:46:18,BTC,37702.5456
2024-01-01T04:46:19,BTC,37690.6759
2024-01-01T04:46:20,BTC,37703.5266
2024-01-01T04:46:21,BTC,37679.1174
2024-01-01T04:46:22,BTC,37681.2481
2024-01-01T04:46:23,BTC,37658.9137
2024-01-01T04:46:24,BTC,37637.5828
2024-01-01T04:46:25,BTC,37642.1714
2024-01-01T04:46:26,BTC,37645.9243
2024-01-01T04:46:27,BTC,37611.8415
2024-01-01T04:46:28,BTC,37617.6596
2024-01-01T04:46:29,BTC,37611.326
2024-01-01T04:46:30,BTC,37616.1871
2024-01-01T04:46:31,BTC,37622.5567
2024-01-01T04:46:32,BTC,37618.933
2024-01-01T04:46:33,BTC,37630.0069
2024-01-01T04:46:34,BTC,37614.0912
2024-01-01T04:46:35,BTC,37623.8583
2024-01-01T04:46:36,BTC,37575.2436
2024-01-01T04:46:37,BTC,37564.6828
2024-01-01T04:46:38,BTC,37545.2213
2024-01-01T04:46:39,BTC,37538.4566
2024-01-01T04:46:40,BTC,37557.334
2024-01-01T04:46:41,BTC,37575.5789
2024-01-01T04:46:42,BTC,37587.0912
2024-01-01T04:46:43,BTC,37581.7407
2024-01-01T04:46:44,BTC,37539.1301
2024-01-01T04:46:45,BTC,37537.5017
2024-01-01T04:46:46,BTC,37534.3175
2024-01-01T04:46:47,BTC,37517.3907
2024-01-01T04:46:48,BTC,37500.4391
2024-01-01T04:46:49,BTC,37524.8523
2024-01-01T04:46:50,BTC,37538.9041
2024-01-01T04:46:51,BTC,37522.8909
2024-01-01T04:46:52,BTC,37531.2969
2024-01-01T04:46:53,BTC,37532.8722
2024-01-01T04:46:54,BTC,37523.8103
2024-01-01T04:46:55,BTC,37502.7958
2024-01-01T04:46:56,BTC,37497.2448
2024-01-01T04:46:57,BTC,37485.6587
2024-01-01T04:46:58,BTC,37442.9118
2024-01-01T04:46:59,BTC,37434.3849
2024-01-01T04:47:00,BTC,37458.0196
2024-01-01T04:47:01,BTC,37427.8424
2024-01-01T04:47:02,BTC,37430.5867
2024-01-01T04:47:03,BTC,37438.1687
2024-01-01T04:47:04,BTC,37420.3602
2024-01-01T04:47:05,BTC,37425.0989
2024-01-01T04:47:06,BTC,37456.1807
2024-01-01T04:47:07,BTC,37456.7844
2024-01-01T04:47:08,BTC,37452.2962
2024-01-01T04:47:09,BTC,37445.3491
2024-01-01T04:47:10,BTC,37457.2456
2024-01-01T04:47:11,BTC,37458.1684
2024-01-01T04:47:12,BTC,37461.5371
2024-01-01T04:47:13,BTC,37442.5746
2024-01-01T04:47:14,BTC,37427.1388
2024-01-01T04:47:15,BTC,37436.4252
2024-01-01T04:47:16,BTC,37470.9393
2024-01-01T04:47:17,BTC,37487.0152
2024-01-01T04:47:18,BTC,37494.5597
2024-01-01T04:47:19,BTC,37472.4597
2024-01-01T04:47:20,BTC,37475.6677
2024-01-01T04:47:21,BTC,37457.4475
2024-01-01T04:47:22,BTC,37474.1743
2024-01-01T04:47:23,BTC,37457.9732
2024-01-01T04:47:24,BTC,37410.9937
2024-01-01T04:47:25,BTC,37452.3024
2024-01-01T04:47:26,BTC,37452.6921
2024-01-01T04:47:27,BTC,37441.8679
2024-01-01T04:47:28,BTC,37443.8073
2024-01-01T04:47:29,BTC,37405.1707
2024-01-01T04:47:30,BTC,37391.1171
2024-01-01T04:47:31,BTC,37365.8778
2024-01-01T04:47:32,BTC,37340.8147
2024-01-01T04:47:33,BTC,37318.8839
2024-01-01T04:47:34,BTC,37325.5179
2024-01-01T04:47:35,BTC,37321.433
2024-01-01T04:47:36,BTC,37313.1599
2024-01-01T04:47:37,BTC,37293.8583
2024-01-01T04:47:38,BTC,37277.8483
2024-01-01T04:47:39,BTC,37261.3339
2024-01-01T04:47:40,BTC,37259.9733
2024-01-01T04:47:41,BTC,37264.3829
2024-01-01T04:47:42,BTC,37258.4275
2024-01-01T04:47:43,BTC,37249.3363
2024-01-01T04:47:44,BTC,37257.2096
2024-01-01T04:47:45,BTC,37267.193
2024-01-01T04:47:46,BTC,37252.9199
2024-01-01T04:47:47,BTC,37241.2704
2024-01-01T04:47:48,BTC,37247.6084
2024-01-01T04:47:49,BTC,37266.8423
2024-01-01T04:47:50,BTC,37277.0951
2024-01-01T04:47:51,BTC,37281.5795
2024-01-01T04:47:52,BTC,37281.6142
2024-01-01T04:47:53,BTC,37254.1089
2024-01-01T04:47:54,BTC,37230.4366
2024-01-01T04:47:55,BTC,37226.901
2024-01-01T04:47:56,BTC,37213.7757
2024-01-01T04:47:57,BTC,37215.1967
2024-01-01T04:47:58,BTC,37215.5174
2024-01-01T04:47:59,BTC,37225.0198
2024-01-01T04:48:00,BTC,37200.4637
2024-01-01T06:39:00,BTC,37213.3727
2024-01-01T06:39:01,BTC,37233.0187
2024-01-01T06:39:02,BTC,37243.5861
2024-01-01T06:39:03,BTC,37230.0373
2024-01-01T06:39:04,BTC,37235.2455
2024-01-01T06:39:05,BTC,37229.73
2024-01-01T06:39:06,BTC,37242.7017
2024-01-01T06:39:07,BTC,37263.0893
2024-01-01T06:39:08,BTC,37279.6668
2024-01-01T06:39:09,BTC,37290.1884
2024-01-01T06:39:10,BTC,37305.6612
2024-01-01T06:39:11,BTC,37301.1443
2024-01-01T06:39:12,BTC,37338.4345
2024-01-01T06:39:13,BTC,37367.4593
2024-01-01T06:39:14,BTC,37361.2306
2024-01-01T06:39:15,BTC,37366.0088
2024-01-01T06:39:16,BTC,37381.9201
2024-01-01T06:39:17,BTC,37397.4798
2024-01-01T06:39:18,BTC,37405.2313
2024-01-01T06:39:19,BTC,37391.7949
2024-01-01T06:39:20,BTC,37418.6708
2024-01-01T06:39:21,BTC,37435.3668
2024-01-01T06:39:22,BTC,37437.4515
2024-01-01T06:39:23,BTC,37437.897
2024-01-01T06:39:24,BTC,37426.6892
2024-01-01T06:39:25,BTC,37403.958
2024-01-01T06:39:26,BTC,37412.9608
2024-01-01T06:39:27,BTC,37449.7198
2024-01-01T06:39:28,BTC,37475.3278
2024-01-01T06:39:29,BTC,37487.136
2024-01-01T06:39:30,BTC,37512.7797
2024-01-01T06:39:31,BTC,37520.4861
2024-01-01T06:39:32,BTC,37500.5589
2024-01-01T06:39:33,BTC,37470.6175
2024-01-01T06:39:34,BTC,37498.2342
2024-01-01T06:39:35,BTC,37485.6453
2024-01-01T06:39:36,BTC,37508.0738
2024-01-01T06:39:37,BTC,37513.7704
2024-01-01T06:39:38,BTC,37529.7086
2024-01-01T06:39:39,BTC,37536.0614
2024-01-01T06:39:40,BTC,37573.5759
2024-01-01T06:39:41,BTC,37584.1668
2024-01-01T06:39:42,BTC,37586.4802
2024-01-01T06:39:43,BTC,37610.7812
2024-01-01T06:39:44,BTC,37639.7674
2024-01-01T06:39:45,BTC,37653.3158
2024-01-01T06:39:46,BTC,37650.5006
2024-01-01T06:39:47,BTC,37620.8992
2024-01-01T06:39:48,BTC,37636.5244
2024-01-01T06:39:49,BTC,37634.0524
2024-01-01T06:39:50,BTC,37634.1612
2024-01-01T06:39:51,BTC,37650.1136
2024-01-01T06:39:52,BTC,37665.8715
2024-01-01T06:39:53,BTC,37709.315
2024-01-01T06:39:54,BTC,37715.9551
2024-01-01T06:39:55,BTC,37701.7493
2024-01-01T06:39:56,BTC,37726.1106
2024-01-01T06:39:57,BTC,37764.0217
2024-01-01T06:39:58,BTC,37775.4355
2024-01-01T06:39:59,BTC,37749.4869
2024-01-01T06:40:00,BTC,37738.3172
2024-01-01T06:40:01,BTC,37752.7133
2024-01-01T06:40:02,BTC,37799.3247
2024-01-01T06:40:03,BTC,37823.5438
2024-01-01T06:40:04,BTC,37849.6586
2024-01-01T06:40:05,BTC,37862.9818
2024-01-01T06:40:06,BTC,37830.8957
2024-01-01T06:40:07,BTC,37842.5359
2024-01-01T06:40:08,BTC,37843.9152
2024-01-01T06:40:09,BTC,37816.5014
2024-01-01T06:40:10,BTC,37832.8757
2024-01-01T06:40:11,BTC,37847.0209
2024-01-01T06:40:12,BTC,37849.8411
2024-01-01T06:40:13,BTC,37858.5811
2024-01-01T06:40:14,BTC,37884.4006
2024-01-01T06:40:15,BTC,37860.0609
2024-01-01T06:40:16,BTC,37865.4002
2024-01-01T06:40:17,BTC,37849.54
2024-01-01T06:40:18,BTC,37867.8779
2024-01-01T06:40:19,BTC,37839.1021
2024-01-01T06:40:20,BTC,37854.3448
2024-01-01T06:40:21,BTC,37855.9614
2024-01-01T06:40:22,BTC,37851.8839
2024-01-01T06:40:23,BTC,37875.1431
2024-01-01T06:40:24,BTC,37905.6735
2024-01-01T06:40:25,BTC,37932.0237
2024-01-01T06:40:26,BTC,37939.4534
2024-01-01T06:40:27,BTC,37984.8924
2024-01-01T06:40:28,BTC,37986.9736
2024-01-01T06:40:29,BTC,38010.6593
2024-01-01T06:40:30,BTC,38014.7676
2024-01-01T06:40:31,BTC,37996.4662
2024-01-01T06:40:32,BTC,38011.0951
2024-01-01T06:40:33,BTC,38009.7877
2024-01-01T06:40:34,BTC,38026.4422
2024-01-01T06:40:35,BTC,38059.9403
2024-01-01T06:40:36,BTC,38088.1741
2024-01-01T06:40:37,BTC,38116.2292
2024-01-01T06:40:38,BTC,38157.7821
2024-01-01T06:40:39,BTC,38154.0776
2024-01-01T06:40:40,BTC,38151.9215
2024-01-01T06:40:41,BTC,38181.0354
2024-01-01T06:40:42,BTC,38204.7792
2024-01-01T06:40:43,BTC,38198.8061
2024-01-01T06:40:44,BTC,38190.8458
2024-01-01T06:40:45,BTC,38200.6769
2024-01-01T06:40:46,BTC,38238.1836
2024-01-01T06:40:47,BTC,38227.8181
2024-01-01T06:40:48,BTC,38222.3121
2024-01-01T06:40:49,BTC,38217.4679
2024-01-01T06:40:50,BTC,38188.3629
2024-01-01T06:40:51,BTC,38223.1914
2024-01-01T06:40:52,BTC,38246.7534
2024-01-01T06:40:53,BTC,38237.7494
2024-01-01T06:40:54,BTC,38252.3588
2024-01-01T06:40:55,BTC,38271.1105
2024-01-01T06:40:56,BTC,38279.0825
2024-01-01T06:40:57,BTC,38262.0015
2024-01-01T06:40:58,BTC,38297.8219
2024-01-01T06:40:59,BTC,38303.6555
2024-01-01T06:41:00,BTC,38332.1351
2024-01-01T06:41:01,BTC,38315.7165
2024-01-01T06:41:02,BTC,38285.57
2024-01-01T06:41:03,BTC,38311.9141
2024-01-01T06:41:04,BTC,38289.044
2024-01-01T06:41:05,BTC,38300.0
2024-01-01T06:41:06,BTC,38290.1499
2024-01-01T06:41:07,BTC,38306.0741
2024-01-01T06:41:08,BTC,38288.7328
2024-01-01T06:41:09,BTC,38306.9971
2024-01-01T06:41:10,BTC,38359.068
2024-01-01T06:41:11,BTC,38366.6502
2024-01-01T06:41:12,BTC,38401.3649
2024-01-01T06:41:13,BTC,38438.3449
2024-01-01T06:41:14,BTC,38437.7243
2024-01-01T06:41:15,BTC,38459.4731
2024-01-01T06:41:16,BTC,38463.0733
2024-01-01T06:41:17,BTC,38462.8828
2024-01-01T06:41:18,BTC,38484.1381
2024-01-01T06:41:19,BTC,38496.7823
2024-01-01T06:41:20,BTC,38516.2823
2024-01-01T06:41:21,BTC,38517.1058
2024-01-01T06:41:22,BTC,38534.4291
2024-01-01T06:41:23,BTC,38561.0055
2024-01-01T06:41:24,BTC,38571.6621
2024-01-01T06:41:25,BTC,38591.9891
2024-01-01T06:41:26,BTC,38561.2284
2024-01-01T06:41:27,BTC,38577.0435
2024-01-01T06:41:28,BTC,38537.4834
2024-01-01T06:41:29,BTC,38532.2566
2024-01-01T06:41:30,BTC,38543.7233
2024-01-01T06:41:31,BTC,38544.4254
2024-01-01T06:41:32,BTC,38526.0219
2024-01-01T06:41:33,BTC,38542.2604
2024-01-01T06:41:34,BTC,38569.8676
2024-01-01T06:41:35,BTC,38568.4953
2024-01-01T06:41:36,BTC,38589.7098
2024-01-01T06:41:37,BTC,38628.1237
2024-01-01T06:41:38,BTC,38623.6031
2024-01-01T06:41:39,BTC,38616.0975
2024-01-01T06:41:40,BTC,38658.2891
2024-01-01T06:41:41,BTC,38695.1816
2024-01-01T06:41:42,BTC,38715.7943
2024-01-01T06:41:43,BTC,38691.4295
2024-01-01T06:41:44,BTC,38744.4267
2024-01-01T06:41:45,BTC,38753.5389
2024-01-01T06:41:46,BTC,38774.9622
2024-01-01T06:41:47,BTC,38781.7002
2024-01-01T06:41:48,BTC,38782.6235
2024-01-01T06:41:49,BTC,38763.0126
2024-01-01T06:41:50,BTC,38748.1517
2024-01-01T06:41:51,BTC,38739.6121
2024-01-01T06:41:52,BTC,38731.5801
2024-01-01T06:41:53,BTC,38713.0861
2024-01-01T06:41:54,BTC,38715.3619
2024-01-01T06:41:55,BTC,38739.2923
2024-01-01T06:41:56,BTC,38741.1614
2024-01-01T06:41:57,BTC,38749.2779
2024-01-01T06:41:58,BTC,38790.3505
2024-01-01T06:41:59,BTC,38749.994
2024-01-01T06:42:00,BTC,38762.3942
2024-01-01T06:42:01,BTC,38786.6418
2024-01-01T06:42:02,BTC,38796.8441
2024-01-01T06:42:03,BTC,38764.6573
2024-01-01T06:42:04,BTC,38757.1424
2024-01-01T06:42:05,BTC,38766.9746
2024-01-01T06:42:06,BTC,38764.4932
2024-01-01T06:42:07,BTC,38780.5594
2024-01-01T06:42:08,BTC,38780.0094
2024-01-01T06:42:09,BTC,38766.2673
2024-01-01T06:42:10,BTC,38758.4494
2024-01-01T06:42:11,BTC,38741.8448
2024-01-01T06:42:12,BTC,38746.5818
2024-01-01T06:42:13,BTC,38767.7031
2024-01-01T06:42:14,BTC,38768.3724
2024-01-01T06:42:15,BTC,38782.9793
2024-01-01T06:42:16,BTC,38780.2421
2024-01-01T06:42:17,BTC,38788.6245
2024-01-01T06:42:18,BTC,38797.632
2024-01-01T06:42:19,BTC,38772.1432
2024-01-01T06:42:20,BTC,38798.8071
2024-01-01T06:42:21,BTC,38831.4126
2024-01-01T06:42:22,BTC,38823.1224
2024-01-01T06:42:23,BTC,38817.4389
2024-01-01T06:42:24,BTC,38816.1439
2024-01-01T06:42:25,BTC,38795.6388
2024-01-01T06:42:26,BTC,38781.8509
2024-01-01T06:42:27,BTC,38778.9723
2024-01-01T06:42:28,BTC,38754.9568
2024-01-01T06:42:29,BTC,38744.7166
2024-01-01T06:42:30,BTC,38768.9228
2024-01-01T06:42:31,BTC,38770.9249
2024-01-01T06:42:32,BTC,38765.6867
2024-01-01T06:42:33,BTC,38768.5972
2024-01-01T06:42:34,BTC,38807.2101
2024-01-01T06:42:35,BTC,38828.6074
2024-01-01T06:42:36,BTC,38802.5771
2024-01-01T06:42:37,BTC,38816.5017
2024-01-01T06:42:38,BTC,38830.0022
2024-01-01T06:42:39,BTC,38807.3188
2024-01-01T06:42:40,BTC,38834.8275
2024-01-01T06:42:41,BTC,38840.3924
2024-01-01T06:42:42,BTC,38826.1302
2024-01-01T06:42:43,BTC,38831.47
2024-01-01T06:42:44,BTC,38814.3204
2024-01-01T06:42:45,BTC,38832.5482
2024-01-01T06:42:46,BTC,38829.4021
2024-01-01T06:42:47,BTC,38821.7916
2024-01-01T06:42:48,BTC,38812.817
2024-01-01T06:42:49,BTC,38822.8494
2024-01-01T06:42:50,BTC,38834.9809
2024-01-01T06:42:51,BTC,38824.2983
2024-01-01T06:42:52,BTC,38788.4281
2024-01-01T06:42:53,BTC,38781.5168
2024-01-01T06:42:54,BTC,38780.3084
2024-01-01T06:42:55,BTC,38790.279
2024-01-01T06:42:56,BTC,38791.0931
2024-01-01T06:42:57,BTC,38802.355
2024-01-01T06:42:58,BTC,38827.8489
2024-01-01T06:42:59,BTC,38821.5812
2024-01-01T06:43:00,BTC,38820.6774
2024-01-01T06:43:01,BTC,38818.3731
2024-01-01T06:43:02,BTC,38814.0304
2024-01-01T06:43:03,BTC,38827.512
2024-01-01T06:43:04,BTC,38840.7086
2024-01-01T06:43:05,BTC,38877.6124
2024-01-01T06:43:06,BTC,38894.5186
2024-01-01T06:43:07,BTC,38898.9496
2024-01-01T06:43:08,BTC,38879.3475
2024-01-01T06:43:09,BTC,38907.7439
2024-01-01T06:43:10,BTC,38908.0069
2024-01-01T06:43:11,BTC,38915.8969
2024-01-01T06:43:12,BTC,38972.4309
2024-01-01T06:43:13,BTC,38972.8004
2024-01-01T06:43:14,BTC,38991.7935
2024-01-01T06:43:15,BTC,38994.0076
2024-01-01T06:43:16,BTC,39021.1569
2024-01-01T06:43:17,BTC,39041.1454
2024-01-01T06:43:18,BTC,39069.3672
2024-01-01T06:43:19,BTC,39054.7409
2024-01-01T06:43:20,BTC,39072.0384
2024-01-01T06:43:21,BTC,39084.6323
2024-01-01T06:43:22,BTC,39101.5422
2024-01-01T06:43:23,BTC,39077.72
2024-01-01T06:43:24,BTC,39088.9072
2024-01-01T06:43:25,BTC,39102.2186
2024-01-01T06:43:26,BTC,39125.5015
2024-01-01T06:43:27,BTC,39153.0115
2024-01-01T06:43:28,BTC,39140.1479
2024-01-01T06:43:29,BTC,39117.4058
2024-01-01T06:43:30,BTC,39160.829
2024-01-01T06:43:31,BTC,39155.0891
2024-01-01T06:43:32,BTC,39188.7508
2024-01-01T06:43:33,BTC,39225.6704
2024-01-01T06:43:34,BTC,39250.5812
2024-01-01T06:43:35,BTC,39282.2386
2024-01-01T06:43:36,BTC,39284.9193
2024-01-01T06:43:37,BTC,39295.0451
2024-01-01T06:43:38,BTC,39318.6706
2024-01-01T06:43:39,BTC,39315.7642
2024-01-01T06:43:40,BTC,39309.2985
2024-01-01T06:43:41,BTC,39309.2609
2024-01-01T06:43:42,BTC,39280.906
2024-01-01T06:43:43,BTC,39301.1044
2024-01-01T06:43:44,BTC,39307.5176
2024-01-01T06:43:45,BTC,39345.1852
2024-01-01T06:43:46,BTC,39361.5521
2024-01-01T06:43:47,BTC,39403.1133
2024-01-01T06:43:48,BTC,39430.5883
2024-01-01T06:43:49,BTC,39448.7959
2024-01-01T06:43:50,BTC,39481.4832
2024-01-01T06:43:51,BTC,39463.0491
2024-01-01T06:43:52,BTC,39491.6983
2024-01-01T06:43:53,BTC,39498.5327
2024-01-01T06:43:54,BTC,39483.9162
2024-01-01T06:43:55,BTC,39468.5237
2024-01-01T06:43:56,BTC,39492.7027
2024-01-01T06:43:57,BTC,39505.4642
2024-01-01T06:43:58,BTC,39504.3126
2024-01-01T06:43:59,BTC,39469.1122
2024-01-01T06:44:00,BTC,39475.4544
2024-01-01T06:44:01,BTC,39493.8098
2024-01-01T06:44:02,BTC,39480.2112
2024-01-01T06:44:03,BTC,39476.3932
2024-01-01T06:44:04,BTC,39464.9343
2024-01-01T06:44:05,BTC,39493.963
2024-01-01T06:44:06,BTC,39502.1367
2024-01-01T06:44:07,BTC,39501.728
2024-01-01T06:44:08,BTC,39486.7912
2024-01-01T06:44:09,BTC,39531.0906
2024-01-01T06:44:10,BTC,39525.8036
2024-01-01T06:44:11,BTC,39550.6024
2024-01-01T06:44:12,BTC,39577.6821
2024-01-01T06:44:13,BTC,39579.209
2024-01-01T06:44:14,BTC,39598.969
2024-01-01T06:44:15,BTC,39606.0531
2024-01-01T06:44:16,BTC,39595.6164
2024-01-01T06:44:17,BTC,39587.6518
2024-01-01T06:44:18,BTC,39593.1344
2024-01-01T06:44:19,BTC,39624.9794
2024-01-01T06:44:20,BTC,39626.1451
2024-01-01T06:44:21,BTC,39636.3782
2024-01-01T06:44:22,BTC,39662.7241
2024-01-01T06:44:23,BTC,39691.9762
2024-01-01T06:44:24,BTC,39675.8369
2024-01-01T06:44:25,BTC,39737.1371
2024-01-01T06:44:26,BTC,39764.725
2024-01-01T06:44:27,BTC,39766.4976
2024-01-01T06:44:28,BTC,39782.7256
2024-01-01T06:44:29,BTC,39817.8255
2024-01-01T06:44:30,BTC,39811.1094
2024-01-01T06:44:31,BTC,39814.1504
2024-01-01T06:44:32,BTC,39811.1885
2024-01-01T06:44:33,BTC,39791.4501
2024-01-01T06:44:34,BTC,39792.0025
2024-01-01T06:44:35,BTC,39795.7149
2024-01-01T06:44:36,BTC,39780.0263
2024-01-01T06:44:37,BTC,39786.3405
2024-01-01T06:44:38,BTC,39795.8736
2024-01-01T06:44:39,BTC,39797.0717
2024-01-01T06:44:40,BTC,39817.7383
2024-01-01T06:44:41,BTC,39802.8407
2024-01-01T06:44:42,BTC,39821.3544
2024-01-01T06:44:43,BTC,39761.3317
2024-01-01T06:44:44,BTC,39813.2908
2024-01-01T06:44:45,BTC,39821.1284
2024-01-01T06:44:46,BTC,39818.6932
2024-01-01T06:44:47,BTC,39838.8646
2024-01-01T06:44:48,BTC,39843.4201
2024-01-01T06:44:49,BTC,39846.6852
2024-01-01T06:44:50,BTC,39854.0628
2024-01-01T06:44:51,BTC,39873.894
2024-01-01T06:44:52,BTC,39858.8457
2024-01-01T06:44:53,BTC,39881.209
2024-01-01T06:44:54,BTC,39880.0435
2024-01-01T06:44:55,BTC,39899.5694
2024-01-01T06:44:56,BTC,39890.3137
2024-01-01T06:44:57,BTC,39875.5252
2024-01-01T06:44:58,BTC,39880.9617
2024-01-01T06:44:59,BTC,39867.2788
2024-01-01T06:45:00,BTC,39862.8357
2024-01-01T08:04:00,BTC,39886.24
2024-01-01T08:04:01,BTC,39908.2993
2024-01-01T08:04:02,BTC,39904.567
2024-01-01T08:04:03,BTC,39907.3585
2024-01-01T08:04:04,BTC,39923.218
2024-01-01T08:04:05,BTC,39915.1468
2024-01-01T08:04:06,BTC,39888.7675
2024-01-01T08:04:07,BTC,39876.2904
2024-01-01T08:04:08,BTC,39905.2913
2024-01-01T08:04:09,BTC,39946.8967
2024-01-01T08:04:10,BTC,39962.4408
2024-01-01T08:04:11,BTC,39944.4797
2024-01-01T08:04:12,BTC,39959.3317
2024-01-01T08:04:13,BTC,39975.2593
2024-01-01T08:04:14,BTC,39992.0538
2024-01-01T08:04:15,BTC,40034.8616
2024-01-01T08:04:16,BTC,40064.2563
2024-01-01T08:04:17,BTC,40097.8574
2024-01-01T08:04:18,BTC,40092.2205
2024-01-01T08:04:19,BTC,40094.4559
2024-01-01T08:04:20,BTC,40103.3787
2024-01-01T08:04:21,BTC,40128.2103
2024-01-01T08:04:22,BTC,40136.1274
2024-01-01T08:04:23,BTC,40159.3403
2024-01-01T08:04:24,BTC,40188.6413
2024-01-01T08:04:25,BTC,40205.1324
2024-01-01T08:04:26,BTC,40251.1526
2024-01-01T08:04:27,BTC,40255.361
2024-01-01T08:04:28,BTC,40277.9221
2024-01-01T08:04:29,BTC,40270.0849
2024-01-01T08:04:30,BTC,40279.1108
2024-01-01T08:04:31,BTC,40304.95
2024-01-01T08:04:32,BTC,40346.3597
2024-01-01T08:04:33,BTC,40360.2594
2024-01-01T08:04:34,BTC,40395.6712
2024-01-01T08:04:35,BTC,40440.5907
2024-01-01T08:04:36,BTC,40449.2545
2024-01-01T08:04:37,BTC,40483.8806
2024-01-01T08:04:38,BTC,40522.9629
2024-01-01T08:04:39,BTC,40527.7195
2024-01-01T08:04:40,BTC,40551.9157
2024-01-01T08:04:41,BTC,40523.4651
2024-01-01T08:04:42,BTC,40492.4751
2024-01-01T08:04:43,BTC,40476.517
2024-01-01T08:04:44,BTC,40491.1992
2024-01-01T08:04:45,BTC,40513.6089
2024-01-01T08:04:46,BTC,40485.5403
2024-01-01T08:04:47,BTC,40489.1162
2024-01-01T08:04:48,BTC,40494.1771
2024-01-01T08:04:49,BTC,40476.8635
2024-01-01T08:04:50,BTC,40478.3713
2024-01-01T08:04:51,BTC,40507.0994
2024-01-01T08:04:52,BTC,40515.3486
2024-01-01T08:04:53,BTC,40543.6311
2024-01-01T08:04:54,BTC,40568.5761
2024-01-01T08:04:55,BTC,40588.5431
2024-01-01T08:04:56,BTC,40594.4486
2024-01-01T08:04:57,BTC,40609.2785
2024-01-01T08:04:58,BTC,40596.513
2024-01-01T08:04:59,BTC,40630.2422
2024-01-01T08:05:00,BTC,40675.4991
2024-01-01T08:05:01,BTC,40658.6387
2024-01-01T08:05:02,BTC,40643.7646
2024-01-01T08:05:03,BTC,40651.3659
2024-01-01T08:05:04,BTC,40633.1526
2024-01-01T08:05:05,BTC,40652.8239
2024-01-01T08:05:06,BTC,40635.5293
2024-01-01T08:05:07,BTC,40691.1242
2024-01-01T08:05:08,BTC,40739.0765
2024-01-01T08:05:09,BTC,40761.7422
2024-01-01T08:05:10,BTC,40759.9507
2024-01-01T08:05:11,BTC,40792.8682
2024-01-01T08:05:12,BTC,40792.7511
2024-01-01T08:05:13,BTC,40781.8229
2024-01-01T08:05:14,BTC,40749.6799
2024-01-01T08:05:15,BTC,40739.9398
2024-01-01T08:05:16,BTC,40779.6402
2024-01-01T08:05:17,BTC,40817.8482
2024-01-01T08:05:18,BTC,40838.4064
2024-01-01T08:05:19,BTC,40846.0961
2024-01-01T08:05:20,BTC,40824.0026
2024-01-01T08:05:21,BTC,40819.7535
2024-01-01T08:05:22,BTC,40817.548
2024-01-01T08:05:23,BTC,40821.9592
2024-01-01T08:05:24,BTC,40811.0267
2024-01-01T08:05:25,BTC,40833.7111
2024-01-01T08:05:26,BTC,40827.4035
2024-01-01T08:05:27,BTC,40823.4149
2024-01-01T08:05:28,BTC,40843.7709
2024-01-01T08:05:29,BTC,40861.1309
2024-01-01T08:05:30,BTC,40891.8736
2024-01-01T08:05:31,BTC,40884.0091
2024-01-01T08:05:32,BTC,40909.859
2024-01-01T08:05:33,BTC,40883.1327
2024-01-01T08:05:34,BTC,40885.7733
2024-01-01T08:05:35,BTC,40871.8858
2024-01-01T08:05:36,BTC,40876.4547
2024-01-01T08:05:37,BTC,40911.6049
2024-01-01T08:05:38,BTC,40872.8626
2024-01-01T08:05:39,BTC,40907.8875
2024-01-01T08:05:40,BTC,40941.2254
2024-01-01T08:05:41,BTC,40939.9526
2024-01-01T08:05:42,BTC,40930.5016
2024-01-01T08:05:43,BTC,40944.4287
2024-01-01T08:05:44,BTC,40913.4303
2024-01-01T08:05:45,BTC,40948.9926
2024-01-01T08:05:46,BTC,40994.9709
2024-01-01T08:05:47,BTC,40986.6928
2024-01-01T08:05:48,BTC,40982.7969
2024-01-01T08:05:49,BTC,41003.3076
2024-01-01T08:05:50,BTC,40994.558
2024-01-01T08:05:51,BTC,40988.3854
2024-01-01T08:05:52,BTC,41011.7802
2024-01-01T08:05:53,BTC,41019.0925
2024-01-01T08:05:54,BTC,41041.0604
2024-01-01T08:05:55,BTC,41079.5263
2024-01-01T08:05:56,BTC,41069.407
2024-01-01T08:05:57,BTC,41081.8497
2024-01-01T08:05:58,BTC,41065.6503
2024-01-01T08:05:59,BTC,41094.373
2024-01-01T08:06:00,BTC,41099.7766
2024-01-01T08:06:01,BTC,41111.7404
2024-01-01T08:06:02,BTC,41148.9528
2024-01-01T08:06:03,BTC,41126.211
2024-01-01T08:06:04,BTC,41141.629
2024-01-01T08:06:05,BTC,41126.6611
2024-01-01T08:06:06,BTC,41145.0023
2024-01-01T08:06:07,BTC,41114.2881
2024-01-01T08:06:08,BTC,41112.6184
2024-01-01T08:06:09,BTC,41111.414
2024-01-01T08:06:10,BTC,41144.3859
2024-01-01T08:06:11,BTC,41160.7175
2024-01-01T08:06:12,BTC,41143.8232
2024-01-01T08:06:13,BTC,41137.4155
2024-01-01T08:06:14,BTC,41167.6767
2024-01-01T08:06:15,BTC,41168.7916
2024-01-01T08:06:16,BTC,41180.8139
2024-01-01T08:06:17,BTC,41178.5644
2024-01-01T08:06:18,BTC,41204.6638
2024-01-01T08:06:19,BTC,41234.8333
2024-01-01T08:06:20,BTC,41288.8547
2024-01-01T08:06:21,BTC,41283.173
2024-01-01T08:06:22,BTC,41277.614
2024-01-01T08:06:23,BTC,41288.8195
2024-01-01T08:06:24,BTC,41288.7723
2024-01-01T08:06:25,BTC,41264.0311
2024-01-01T08:06:26,BTC,41290.9492
2024-01-01T08:06:27,BTC,41321.8225
2024-01-01T08:06:28,BTC,41299.6822
2024-01-01T08:06:29,BTC,41297.771
2024-01-01T08:06:30,BTC,41329.7888
2024-01-01T08:06:31,BTC,41292.6699
2024-01-01T08:06:32,BTC,41303.6119
2024-01-01T08:06:33,BTC,41315.5621
2024-01-01T08:06:34,BTC,41310.9536
2024-01-01T08:06:35,BTC,41325.8908
2024-01-01T08:06:36,BTC,41343.3624
2024-01-01T08:06:37,BTC,41321.4795
2024-01-01T08:06:38,BTC,41350.9852
2024-01-01T08:06:39,BTC,41354.6006
2024-01-01T08:06:40,BTC,41393.8881
2024-01-01T08:06:41,BTC,41372.7963
2024-01-01T08:06:42,BTC,41370.7452
2024-01-01T08:06:43,BTC,41362.5862
2024-01-01T08:06:44,BTC,41358.2728
2024-01-01T08:06:45,BTC,41411.7695
2024-01-01T08:06:46,BTC,41410.8226
2024-01-01T08:06:47,BTC,41418.5877
2024-01-01T08:06:48,BTC,41423.7495
2024-01-01T08:06:49,BTC,41421.0893
2024-01-01T08:06:50,BTC,41415.6762
2024-01-01T08:06:51,BTC,41437.7634
2024-01-01T08:06:52,BTC,41430.0687
2024-01-01T08:06:53,BTC,41445.9662
2024-01-01T08:06:54,BTC,41467.3361
2024-01-01T08:06:55,BTC,41470.4433
2024-01-01T08:06:56,BTC,41484.6342
2024-01-01T08:06:57,BTC,41476.2485
2024-01-01T08:06:58,BTC,41481.152
2024-01-01T08:06:59,BTC,41454.708
2024-01-01T08:07:00,BTC,41444.4354
2024-01-01T08:07:01,BTC,41457.6651
2024-01-01T08:07:02,BTC,41494.7857
2024-01-01T08:07:03,BTC,41513.6338
2024-01-01T08:07:04,BTC,41531.0277
2024-01-01T08:07:05,BTC,41554.8628
2024-01-01T08:07:06,BTC,41546.0034
2024-01-01T08:07:07,BTC,41548.1434
2024-01-01T08:07:08,BTC,41547.4791
2024-01-01T08:07:09,BTC,41519.1577
2024-01-01T08:07:10,BTC,41498.5506
2024-01-01T08:07:11,BTC,41514.394
2024-01-01T08:07:12,BTC,41546.8737
2024-01-01T08:07:13,BTC,41562.1013
2024-01-01T08:07:14,BTC,41546.956
2024-01-01T08:07:15,BTC,41575.503
2024-01-01T08:07:16,BTC,41572.8944
2024-01-01T08:07:17,BTC,41552.93
2024-01-01T08:07:18,BTC,41574.2434
2024-01-01T08:07:19,BTC,41596.8872
2024-01-01T08:07:20,BTC,41642.9149
2024-01-01T08:07:21,BTC,41642.7858
2024-01-01T08:07:22,BTC,41678.1628
2024-01-01T08:07:23,BTC,41682.7113
2024-01-01T08:07:24,BTC,41702.5116
2024-01-01T08:07:25,BTC,41745.0681
2024-01-01T08:07:26,BTC,41762.2272
2024-01-01T08:07:27,BTC,41789.2364
2024-01-01T08:07:28,BTC,41824.4514
2024-01-01T08:07:29,BTC,41858.4045
2024-01-01T08:07:30,BTC,41854.8575
2024-01-01T08:07:31,BTC,41896.8508
2024-01-01T08:07:32,BTC,41902.5718
2024-01-01T08:07:33,BTC,41897.5086
2024-01-01T08:07:34,BTC,41907.1201
2024-01-01T08:07:35,BTC,41954.8106
2024-01-01T08:07:36,BTC,41950.5095
2024-01-01T08:07:37,BTC,41977.3751
2024-01-01T08:07:38,BTC,41980.026
2024-01-01T08:07:39,BTC,42036.5296
2024-01-01T08:07:40,BTC,42015.2428
2024-01-01T08:07:41,BTC,41995.3401
2024-01-01T08:07:42,BTC,41972.691
2024-01-01T08:07:43,BTC,41976.6208
2024-01-01T08:07:44,BTC,41992.9856
2024-01-01T08:07:45,BTC,41972.4954
2024-01-01T08:07:46,BTC,41937.3585
2024-01-01T08:07:47,BTC,41934.6815
2024-01-01T08:07:48,BTC,41967.4199
2024-01-01T08:07:49,BTC,41934.9937
2024-01-01T08:07:50,BTC,41923.9799
2024-01-01T08:07:51,BTC,41952.8527
2024-01-01T08:07:52,BTC,41956.4124
2024-01-01T08:07:53,BTC,41966.1166
2024-01-01T08:07:54,BTC,41945.1934
2024-01-01T08:07:55,BTC,41959.6341
2024-01-01T08:07:56,BTC,41974.4377
2024-01-01T08:07:57,BTC,42000.7363
2024-01-01T08:07:58,BTC,42026.7482
2024-01-01T08:07:59,BTC,42032.8399
2024-01-01T08:08:00,BTC,42054.8441
2024-01-01T08:08:01,BTC,42036.5015
2024-01-01T08:08:02,BTC,42035.1117
2024-01-01T08:08:03,BTC,42058.3686
2024-01-01T08:08:04,BTC,42027.7527
2024-01-01T08:08:05,BTC,42009.5583
2024-01-01T08:08:06,BTC,42003.4783
2024-01-01T08:08:07,BTC,42023.1686
2024-01-01T08:08:08,BTC,42040.235
2024-01-01T08:08:09,BTC,42025.6041
2024-01-01T08:08:10,BTC,42036.884
2024-01-01T08:08:11,BTC,42071.3964
2024-01-01T08:08:12,BTC,42106.4743
2024-01-01T08:08:13,BTC,42076.8424
2024-01-01T08:08:14,BTC,42075.6308
2024-01-01T08:08:15,BTC,42104.2308
2024-01-01T08:08:16,BTC,42136.9547
2024-01-01T08:08:17,BTC,42137.1769
2024-01-01T08:08:18,BTC,42138.6985
2024-01-01T08:08:19,BTC,42164.1703
2024-01-01T08:08:20,BTC,42206.5421
2024-01-01T08:08:21,BTC,42204.9015
2024-01-01T08:08:22,BTC,42181.7345
2024-01-01T08:08:23,BTC,42182.0816
2024-01-01T08:08:24,BTC,42206.6277
2024-01-01T08:08:25,BTC,42164.349
2024-01-01T08:08:26,BTC,42151.6578
2024-01-01T08:08:27,BTC,42168.2327
2024-01-01T08:08:28,BTC,42159.1392
2024-01-01T08:08:29,BTC,42161.4018
2024-01-01T08:08:30,BTC,42174.5345
2024-01-01T08:08:31,BTC,42182.3668
2024-01-01T08:08:32,BTC,42184.3133
2024-01-01T08:08:33,BTC,42178.641
2024-01-01T08:08:34,BTC,42209.3798
2024-01-01T08:08:35,BTC,42244.14
2024-01-01T08:08:36,BTC,42278.1179
2024-01-01T08:08:37,BTC,42310.273
2024-01-01T08:08:38,BTC,42341.7316
2024-01-01T08:08:39,BTC,42334.0807
2024-01-01T08:08:40,BTC,42341.8325
2024-01-01T08:08:41,BTC,42392.2405
2024-01-01T08:08:42,BTC,42372.4006
2024-01-01T08:08:43,BTC,42361.2194
2024-01-01T08:08:44,BTC,42366.7114
2024-01-01T08:08:45,BTC,42362.9236
2024-01-01T08:08:46,BTC,42397.0771
2024-01-01T08:08:47,BTC,42396.5452
2024-01-01T08:08:48,BTC,42391.6995
2024-01-01T08:08:49,BTC,42379.5584
2024-01-01T08:08:50,BTC,42382.9711
2024-01-01T08:08:51,BTC,42382.3754
2024-01-01T08:08:52,BTC,42385.7432
2024-01-01T08:08:53,BTC,42390.8231
2024-01-01T08:08:54,BTC,42397.5601
2024-01-01T08:08:55,BTC,42415.5155
2024-01-01T08:08:56,BTC,42415.1555
2024-01-01T08:08:57,BTC,42454.6056
2024-01-01T08:08:58,BTC,42446.3767
2024-01-01T08:08:59,BTC,42475.7823
2024-01-01T08:09:00,BTC,42494.3958
2024-01-01T08:09:01,BTC,42503.4091
2024-01-01T08:09:02,BTC,42502.8745
2024-01-01T08:09:03,BTC,42504.4534
2024-01-01T08:09:04,BTC,42514.9934
2024-01-01T08:09:05,BTC,42560.4028
2024-01-01T08:09:06,BTC,42596.359
2024-01-01T08:09:07,BTC,42581.4928
2024-01-01T08:09:08,BTC,42608.0456
2024-01-01T08:09:09,BTC,42607.3234
2024-01-01T08:09:10,BTC,42616.569
2024-01-01T08:09:11,BTC,42650.0245
2024-01-01T08:09:12,BTC,42651.8129
2024-01-01T08:09:13,BTC,42669.7493
2024-01-01T08:09:14,BTC,42695.4035
2024-01-01T08:09:15,BTC,42696.0533
2024-01-01T08:09:16,BTC,42683.3594
2024-01-01T08:09:17,BTC,42697.109
2024-01-01T08:09:18,BTC,42703.4471
2024-01-01T08:09:19,BTC,42689.8977
2024-01-01T08:09:20,BTC,42730.7591
2024-01-01T08:09:21,BTC,42782.9518
2024-01-01T08:09:22,BTC,42811.5212
2024-01-01T08:09:23,BTC,42793.9376
2024-01-01T08:09:24,BTC,42831.3848
2024-01-01T08:09:25,BTC,42837.5008
2024-01-01T08:09:26,BTC,42831.2572
2024-01-01T08:09:27,BTC,42817.8034
2024-01-01T08:09:28,BTC,42838.3087
2024-01-01T08:09:29,BTC,42871.7384
2024-01-01T08:09:30,BTC,42875.495
2024-01-01T08:09:31,BTC,42920.847
2024-01-01T08:09:32,BTC,42898.6414
2024-01-01T08:09:33,BTC,42878.1478
2024-01-01T08:09:34,BTC,42885.5558
2024-01-01T08:09:35,BTC,42923.6744
2024-01-01T08:09:36,BTC,42928.6517
2024-01-01T08:09:37,BTC,42926.7247
2024-01-01T08:09:38,BTC,42944.7624
2024-01-01T08:09:39,BTC,42965.5588
2024-01-01T08:09:40,BTC,42956.1297
2024-01-01T08:09:41,BTC,42944.8093
2024-01-01T08:09:42,BTC,42946.2652
2024-01-01T08:09:43,BTC,42971.353
2024-01-01T08:09:44,BTC,42962.5644
2024-01-01T08:09:45,BTC,42984.8582
2024-01-01T08:09:46,BTC,43003.1097
2024-01-01T08:09:47,BTC,43036.6591
2024-01-01T08:09:48,BTC,43041.28
2024-01-01T08:09:49,BTC,43063.5909
2024-01-01T08:09:50,BTC,43064.1035
2024-01-01T08:09:51,BTC,43053.4506
2024-01-01T08:09:52,BTC,43058.5865
2024-01-01T08:09:53,BTC,43110.5197
2024-01-01T08:09:54,BTC,43089.4911
2024-01-01T08:09:55,BTC,43093.7887
2024-01-01T08:09:56,BTC,43103.7059
2024-01-01T08:09:57,BTC,43118.1464
2024-01-01T08:09:58,BTC,43153.1552
2024-01-01T08:09:59,BTC,43166.0598
2024-01-01T08:10:00,BTC,43176.5358
2024-01-01T08:32:00,BTC,43186.7192
2024-01-01T08:32:01,BTC,43189.6341
2024-01-01T08:32:02,BTC,43207.6175
2024-01-01T08:32:03,BTC,43220.5544
2024-01-01T08:32:04,BTC,43220.502
2024-01-01T08:32:05,BTC,43245.4259
2024-01-01T08:32:06,BTC,43291.8806
2024-01-01T08:32:07,BTC,43283.0952
2024-01-01T08:32:08,BTC,43277.0063
2024-01-01T08:32:09,BTC,43269.2131
2024-01-01T08:32:10,BTC,43235.7716
2024-01-01T08:32:11,BTC,43247.1177
2024-01-01T08:32:12,BTC,43229.9341
2024-01-01T08:32:13,BTC,43222.7557
2024-01-01T08:32:14,BTC,43190.3182
2024-01-01T08:32:15,BTC,43155.0585
2024-01-01T08:32:16,BTC,43119.6292
2024-01-01T08:32:17,BTC,43118.3008
2024-01-01T08:32:18,BTC,43167.5636
2024-01-01T08:32:19,BTC,43173.0614
2024-01-01T08:32:20,BTC,43169.9895
2024-01-01T08:32:21,BTC,43159.2014
2024-01-01T08:32:22,BTC,43158.3543
2024-01-01T08:32:23,BTC,43150.8461
2024-01-01T08:32:24,BTC,43175.7065
2024-01-01T08:32:25,BTC,43191.7832
2024-01-01T08:32:26,BTC,43207.5195
2024-01-01T08:32:27,BTC,43227.3282
2024-01-01T08:32:28,BTC,43189.7831
2024-01-01T08:32:29,BTC,43180.2028
2024-01-01T08:32:30,BTC,43201.568
2024-01-01T08:32:31,BTC,43193.9006
2024-01-01T08:32:32,BTC,43171.0714
2024-01-01T08:32:33,BTC,43164.9306
2024-01-01T08:32:34,BTC,43155.4794
2024-01-01T08:32:35,BTC,43174.9164
2024-01-01T08:32:36,BTC,43186.0492
2024-01-01T08:32:37,BTC,43187.6385
2024-01-01T08:32:38,BTC,43178.2083
2024-01-01T08:32:39,BTC,43198.4799
2024-01-01T08:32:40,BTC,43198.1183
2024-01-01T08:32:41,BTC,43193.8569
2024-01-01T08:32:42,BTC,43193.9949
2024-01-01T08:32:43,BTC,43179.8125
2024-01-01T08:32:44,BTC,43197.2468
2024-01-01T08:32:45,BTC,43215.7317
2024-01-01T08:32:46,BTC,43193.8932
2024-01-01T08:32:47,BTC,43215.549
2024-01-01T08:32:48,BTC,43225.9629
2024-01-01T08:32:49,BTC,43231.1914
2024-01-01T08:32:50,BTC,43236.3785
2024-01-01T08:32:51,BTC,43225.4684
2024-01-01T08:32:52,BTC,43226.793
2024-01-01T08:32:53,BTC,43200.4573
2024-01-01T08:32:54,BTC,43204.1063
2024-01-01T08:32:55,BTC,43206.1863
2024-01-01T08:32:56,BTC,43188.0775
2024-01-01T08:32:57,BTC,43186.7558
2024-01-01T08:32:58,BTC,43163.3105
2024-01-01T08:32:59,BTC,43167.7479
2024-01-01T08:33:00,BTC,43172.8286
2024-01-01T08:33:01,BTC,43202.6948
2024-01-01T08:33:02,BTC,43221.3183
2024-01-01T08:33:03,BTC,43220.7795
2024-01-01T08:33:04,BTC,43189.8469
2024-01-01T08:33:05,BTC,43232.6098
2024-01-01T08:33:06,BTC,43258.8664
2024-01-01T08:33:07,BTC,43253.2361
2024-01-01T08:33:08,BTC,43248.6733
2024-01-01T08:33:09,BTC,43226.1534
2024-01-01T08:33:10,BTC,43208.7828
2024-01-01T08:33:11,BTC,43185.2459
2024-01-01T08:33:12,BTC,43163.8717
2024-01-01T08:33:13,BTC,43122.7605
2024-01-01T08:33:14,BTC,43138.7199
2024-01-01T08:33:15,BTC,43156.4844
2024-01-01T08:33:16,BTC,43188.6359
2024-01-01T08:33:17,BTC,43186.4323
2024-01-01T08:33:18,BTC,43160.2153
2024-01-01T08:33:19,BTC,43182.0271
2024-01-01T08:33:20,BTC,43210.7113
2024-01-01T08:33:21,BTC,43181.1216
2024-01-01T08:33:22,BTC,43145.7622
2024-01-01T08:33:23,BTC,43114.5334
2024-01-01T08:33:24,BTC,43107.9398
2024-01-01T08:33:25,BTC,43078.9253
2024-01-01T08:33:26,BTC,43107.3061
2024-01-01T08:33:27,BTC,43094.7513
2024-01-01T08:33:28,BTC,43079.2897
2024-01-01T08:33:29,BTC,43107.671
2024-01-01T08:33:30,BTC,43088.463
2024-01-01T08:33:31,BTC,43103.382
2024-01-01T08:33:32,BTC,43090.9619
2024-01-01T08:33:33,BTC,43084.3587
2024-01-01T08:33:34,BTC,43040.0465
2024-01-01T08:33:35,BTC,43025.5333
2024-01-01T08:33:36,BTC,43040.682
2024-01-01T08:33:37,BTC,43053.437
2024-01-01T08:33:38,BTC,43054.0969
2024-01-01T08:33:39,BTC,43069.4654
2024-01-01T08:33:40,BTC,43096.7667
2024-01-01T08:33:41,BTC,43085.0597
2024-01-01T08:33:42,BTC,43120.3038
2024-01-01T08:33:43,BTC,43104.9936
2024-01-01T08:33:44,BTC,43066.1881
2024-01-01T08:33:45,BTC,43055.3384
2024-01-01T08:33:46,BTC,43047.0459
2024-01-01T08:33:47,BTC,43045.1328
2024-01-01T08:33:48,BTC,43053.6282
2024-01-01T08:33:49,BTC,43058.8183
2024-01-01T08:33:50,BTC,43019.5029
2024-01-01T08:33:51,BTC,43018.4745
2024-01-01T08:33:52,BTC,42988.3153
2024-01-01T08:33:53,BTC,42997.1171
2024-01-01T08:33:54,BTC,43003.4484
2024-01-01T08:33:55,BTC,43031.467
2024-01-01T08:33:56,BTC,43002.4658
2024-01-01T08:33:57,BTC,43043.4819
2024-01-01T08:33:58,BTC,43056.1978
2024-01-01T08:33:59,BTC,43027.8784
2024-01-01T08:34:00,BTC,43028.2878
2024-01-01T08:34:01,BTC,43042.7903
2024-01-01T08:34:02,BTC,43069.252
2024-01-01T08:34:03,BTC,43084.1688
2024-01-01T08:34:04,BTC,43081.75
2024-01-01T08:34:05,BTC,43125.4016
2024-01-01T08:34:06,BTC,43124.081
2024-01-01T08:34:07,BTC,43087.2357
2024-01-01T08:34:08,BTC,43074.8668
2024-01-01T08:34:09,BTC,43097.5967
2024-01-01T08:34:10,BTC,43102.5265
2024-01-01T08:34:11,BTC,43099.2437
2024-01-01T08:34:12,BTC,43084.6381
2024-01-01T08:34:13,BTC,43089.4647
2024-01-01T08:34:14,BTC,43084.3868
2024-01-01T08:34:15,BTC,43058.5271
2024-01-01T08:34:16,BTC,43043.8316
2024-01-01T08:34:17,BTC,43044.2376
2024-01-01T08:34:18,BTC,43067.8839
2024-01-01T08:34:19,BTC,43087.7883
2024-01-01T08:34:20,BTC,43104.3628
2024-01-01T08:34:21,BTC,43113.6476
2024-01-01T08:34:22,BTC,43108.965
2024-01-01T08:34:23,BTC,43128.9783
2024-01-01T08:34:24,BTC,43114.346
2024-01-01T08:34:25,BTC,43091.4337
2024-01-01T08:34:26,BTC,43084.8588
2024-01-01T08:34:27,BTC,43109.2591
2024-01-01T08:34:28,BTC,43089.5851
2024-01-01T08:34:29,BTC,43076.4263
2024-01-01T08:34:30,BTC,43104.9933
2024-01-01T08:34:31,BTC,43113.4322
2024-01-01T08:34:32,BTC,43128.2492
2024-01-01T08:34:33,BTC,43123.2852
2024-01-01T08:34:34,BTC,43163.5474
2024-01-01T08:34:35,BTC,43172.2586
2024-01-01T08:34:36,BTC,43195.4828
2024-01-01T08:34:37,BTC,43193.5911
2024-01-01T08:34:38,BTC,43176.8443
2024-01-01T08:34:39,BTC,43170.9221
2024-01-01T08:34:40,BTC,43167.4403
2024-01-01T08:34:41,BTC,43174.7575
2024-01-01T08:34:42,BTC,43142.7383
2024-01-01T08:34:43,BTC,43115.9093
2024-01-01T08:34:44,BTC,43144.6139
2024-01-01T08:34:45,BTC,43135.9223
2024-01-01T08:34:46,BTC,43121.4339
2024-01-01T08:34:47,BTC,43085.8419
2024-01-01T08:34:48,BTC,43115.8134
2024-01-01T08:34:49,BTC,43126.3867
2024-01-01T08:34:50,BTC,43123.291
2024-01-01T08:34:51,BTC,43126.7009
2024-01-01T08:34:52,BTC,43177.529
2024-01-01T08:34:53,BTC,43183.1714
2024-01-01T08:34:54,BTC,43152.6571
2024-01-01T08:34:55,BTC,43145.3968
2024-01-01T08:34:56,BTC,43159.7816
2024-01-01T08:34:57,BTC,43169.258
2024-01-01T08:34:58,BTC,43124.777
2024-01-01T08:34:59,BTC,43132.5767
2024-01-01T08:35:00,BTC,43127.4225
2024-01-01T08:35:01,BTC,43115.2021
2024-01-01T08:35:02,BTC,43110.5338
2024-01-01T08:35:03,BTC,43108.3712
2024-01-01T08:35:04,BTC,43091.2043
2024-01-01T08:35:05,BTC,43075.1189
2024-01-01T08:35:06,BTC,43091.9403
2024-01-01T08:35:07,BTC,43089.4256
2024-01-01T08:35:08,BTC,43098.6985
2024-01-01T08:35:09,BTC,43095.2285
2024-01-01T08:35:10,BTC,43042.4238
2024-01-01T08:35:11,BTC,43063.4941
2024-01-01T08:35:12,BTC,43057.7334
2024-01-01T08:35:13,BTC,43050.4948
2024-01-01T08:35:14,BTC,43060.5234
2024-01-01T08:35:15,BTC,43042.9298
2024-01-01T08:35:16,BTC,43040.9756
2024-01-01T08:35:17,BTC,43035.6777
2024-01-01T08:35:18,BTC,43045.7696
2024-01-01T08:35:19,BTC,43015.241
2024-01-01T08:35:20,BTC,42999.3067
2024-01-01T08:35:21,BTC,43022.67
2024-01-01T08:35:22,BTC,43094.1914
2024-01-01T08:35:23,BTC,43059.8273
2024-01-01T08:35:24,BTC,43006.9146
2024-01-01T08:35:25,BTC,43049.8467
2024-01-01T08:35:26,BTC,43041.3116
2024-01-01T08:35:27,BTC,43034.0391
2024-01-01T08:35:28,BTC,43042.9928
2024-01-01T08:35:29,BTC,43062.8324
2024-01-01T08:35:30,BTC,43042.6111
2024-01-01T08:35:31,BTC,43010.0726
2024-01-01T08:35:32,BTC,42978.1915
2024-01-01T08:35:33,BTC,42960.8003
2024-01-01T08:35:34,BTC,42940.1807
2024-01-01T08:35:35,BTC,42930.162
2024-01-01T08:35:36,BTC,42924.4526
2024-01-01T08:35:37,BTC,42933.0935
2024-01-01T08:35:38,BTC,42935.6591
2024-01-01T08:35:39,BTC,42910.2598
2024-01-01T08:35:40,BTC,42918.6481
2024-01-01T08:35:41,BTC,42891.915
2024-01-01T08:35:42,BTC,42909.5383
2024-01-01T08:35:43,BTC,42938.5446
2024-01-01T08:35:44,BTC,42991.1284
2024-01-01T08:35:45,BTC,43012.1251
2024-01-01T08:35:46,BTC,43043.9974
2024-01-01T08:35:47,BTC,43062.8891
2024-01-01T08:35:48,BTC,43082.4567
2024-01-01T08:35:49,BTC,43099.4715
2024-01-01T08:35:50,BTC,43084.4128
2024-01-01T08:35:51,BTC,43070.2138
2024-01-01T08:35:52,BTC,43038.2129
2024-01-01T08:35:53,BTC,43024.644
2024-01-01T08:35:54,BTC,43038.4526
2024-01-01T08:35:55,BTC,43091.8789
2024-01-01T08:35:56,BTC,43108.3472
2024-01-01T08:35:57,BTC,43119.7758
2024-01-01T08:35:58,BTC,43123.8968
2024-01-01T08:35:59,BTC,43151.9552
2024-01-01T08:36:00,BTC,43151.9766
2024-01-01T08:36:01,BTC,43143.9344
2024-01-01T08:36:02,BTC,43138.8058
2024-01-01T08:36:03,BTC,43118.0838
2024-01-01T08:36:04,BTC,43115.6912
2024-01-01T08:36:05,BTC,43126.3638
2024-01-01T08:36:06,BTC,43134.7347
2024-01-01T08:36:07,BTC,43137.8309
2024-01-01T08:36:08,BTC,43128.2033
2024-01-01T08:36:09,BTC,43127.2699
2024-01-01T08:36:10,BTC,43136.6084
2024-01-01T08:36:11,BTC,43127.1266
2024-01-01T08:36:12,BTC,43107.5281
2024-01-01T08:36:13,BTC,43113.3792
2024-01-01T08:36:14,BTC,43136.426
2024-01-01T08:36:15,BTC,43141.4976
2024-01-01T08:36:16,BTC,43170.2988
2024-01-01T08:36:17,BTC,43168.6994
2024-01-01T08:36:18,BTC,43192.9765
2024-01-01T08:36:19,BTC,43230.4722
2024-01-01T08:36:20,BTC,43223.0412
2024-01-01T08:36:21,BTC,43214.4666
2024-01-01T08:36:22,BTC,43218.0809
2024-01-01T08:36:23,BTC,43186.3396
2024-01-01T08:36:24,BTC,43152.2401
2024-01-01T08:36:25,BTC,43176.8811
2024-01-01T08:36:26,BTC,43176.2276
2024-01-01T08:36:27,BTC,43203.6272
2024-01-01T08:36:28,BTC,43182.5891
2024-01-01T08:36:29,BTC,43150.9103
2024-01-01T08:36:30,BTC,43170.955
2024-01-01T08:36:31,BTC,43189.4256
2024-01-01T08:36:32,BTC,43168.4315
2024-01-01T08:36:33,BTC,43178.7028
2024-01-01T08:36:34,BTC,43197.3603
2024-01-01T08:36:35,BTC,43213.937
2024-01-01T08:36:36,BTC,43212.1233
2024-01-01T08:36:37,BTC,43207.1836
2024-01-01T08:36:38,BTC,43181.9877
2024-01-01T08:36:39,BTC,43192.3009
2024-01-01T08:36:40,BTC,43202.7148
2024-01-01T08:36:41,BTC,43186.0118
2024-01-01T08:36:42,BTC,43192.7478
2024-01-01T08:36:43,BTC,43174.5919
2024-01-01T08:36:44,BTC,43166.5966
2024-01-01T08:36:45,BTC,43204.3112
2024-01-01T08:36:46,BTC,43188.4695
2024-01-01T08:36:47,BTC,43184.1521
2024-01-01T08:36:48,BTC,43194.4562
2024-01-01T08:36:49,BTC,43177.4126
2024-01-01T08:36:50,BTC,43195.1769
2024-01-01T08:36:51,BTC,43163.1712
2024-01-01T08:36:52,BTC,43155.3287
2024-01-01T08:36:53,BTC,43169.6153
2024-01-01T08:36:54,BTC,43195.2185
2024-01-01T08:36:55,BTC,43227.8802
2024-01-01T08:36:56,BTC,43237.3196
2024-01-01T08:36:57,BTC,43245.7513
2024-01-01T08:36:58,BTC,43272.0969
2024-01-01T08:36:59,BTC,43281.4043
2024-01-01T08:37:00,BTC,43313.9566
2024-01-01T08:37:01,BTC,43302.1096
2024-01-01T08:37:02,BTC,43278.5426
2024-01-01T08:37:03,BTC,43266.8557
2024-01-01T08:37:04,BTC,43283.263
2024-01-01T08:37:05,BTC,43263.3096
2024-01-01T08:37:06,BTC,43257.8159
2024-01-01T08:37:07,BTC,43260.9394
2024-01-01T08:37:08,BTC,43243.8237
2024-01-01T08:37:09,BTC,43215.9992
2024-01-01T08:37:10,BTC,43187.3773
2024-01-01T08:37:11,BTC,43190.8175
2024-01-01T08:37:12,BTC,43177.9263
2024-01-01T08:37:13,BTC,43180.5952
2024-01-01T08:37:14,BTC,43167.7155
2024-01-01T08:37:15,BTC,43172.6633
2024-01-01T08:37:16,BTC,43170.8183
2024-01-01T08:37:17,BTC,43184.7002
2024-01-01T08:37:18,BTC,43218.4685
2024-01-01T08:37:19,BTC,43198.6938
2024-01-01T08:37:20,BTC,43172.7349
2024-01-01T08:37:21,BTC,43190.0783
2024-01-01T08:37:22,BTC,43197.5826
2024-01-01T08:37:23,BTC,43242.0445
2024-01-01T08:37:24,BTC,43212.5802
2024-01-01T08:37:25,BTC,43183.2508
2024-01-01T08:37:26,BTC,43207.0457
2024-01-01T08:37:27,BTC,43206.6471
2024-01-01T08:37:28,BTC,43211.2525
2024-01-01T08:37:29,BTC,43196.0715
2024-01-01T08:37:30,BTC,43184.544
2024-01-01T08:37:31,BTC,43192.4995
2024-01-01T08:37:32,BTC,43200.6713
2024-01-01T08:37:33,BTC,43203.4708
2024-01-01T08:37:34,BTC,43227.7606
2024-01-01T08:37:35,BTC,43216.2605
2024-01-01T08:37:36,BTC,43220.9176
2024-01-01T08:37:37,BTC,43232.0101
2024-01-01T08:37:38,BTC,43223.0785
2024-01-01T08:37:39,BTC,43190.2643
2024-01-01T08:37:40,BTC,43213.1154
2024-01-01T08:37:41,BTC,43258.1671
2024-01-01T08:37:42,BTC,43316.6825
2024-01-01T08:37:43,BTC,43325.3121
2024-01-01T08:37:44,BTC,43312.7903
2024-01-01T08:37:45,BTC,43329.4277
2024-01-01T08:37:46,BTC,43362.7281
2024-01-01T08:37:47,BTC,43361.2844
2024-01-01T08:37:48,BTC,43369.3002
2024-01-01T08:37:49,BTC,43353.2382
2024-01-01T08:37:50,BTC,43376.8864
2024-01-01T08:37:51,BTC,43376.4879
2024-01-01T08:37:52,BTC,43353.4964
2024-01-01T08:37:53,BTC,43370.495
2024-01-01T08:37:54,BTC,43375.8512
2024-01-01T08:37:55,BTC,43399.2167
2024-01-01T08:37:56,BTC,43394.2454
2024-01-01T08:37:57,BTC,43404.5795
2024-01-01T08:37:58,BTC,43405.5875
2024-01-01T08:37:59,BTC,43391.8798
2024-01-01T08:38:00,BTC,43371.8417
2024-01-01T08:47:00,BTC,43374.5881
2024-01-01T08:47:01,BTC,43364.319
2024-01-01T08:47:02,BTC,43352.5077
2024-01-01T08:47:03,BTC,43364.1955
2024-01-01T08:47:04,BTC,43332.7494
2024-01-01T08:47:05,BTC,43345.2375
2024-01-01T08:47:06,BTC,43334.165
2024-01-01T08:47:07,BTC,43388.1422
2024-01-01T08:47:08,BTC,43412.1792
2024-01-01T08:47:09,BTC,43430.956
2024-01-01T08:47:10,BTC,43432.4147
2024-01-01T08:47:11,BTC,43414.4559
2024-01-01T08:47:12,BTC,43412.0052
2024-01-01T08:47:13,BTC,43419.2306
2024-01-01T08:47:14,BTC,43440.4611
2024-01-01T08:47:15,BTC,43444.8064
2024-01-01T08:47:16,BTC,43437.8843
2024-01-01T08:47:17,BTC,43428.8895
2024-01-01T08:47:18,BTC,43430.0112
2024-01-01T08:47:19,BTC,43408.9676
2024-01-01T08:47:20,BTC,43403.3868
2024-01-01T08:47:21,BTC,43430.5019
2024-01-01T08:47:22,BTC,43422.6425
2024-01-01T08:47:23,BTC,43435.7235
2024-01-01T08:47:24,BTC,43421.3092
2024-01-01T08:47:25,BTC,43462.969
2024-01-01T08:47:26,BTC,43454.8111
2024-01-01T08:47:27,BTC,43450.4561
2024-01-01T08:47:28,BTC,43438.3636
2024-01-01T08:47:29,BTC,43413.1748
2024-01-01T08:47:30,BTC,43453.0548
2024-01-01T08:47:31,BTC,43423.7853
2024-01-01T08:47:32,BTC,43459.1306
2024-01-01T08:47:33,BTC,43451.0142
2024-01-01T08:47:34,BTC,43450.9697
2024-01-01T08:47:35,BTC,43482.38
2024-01-01T08:47:36,BTC,43487.341
2024-01-01T08:47:37,BTC,43453.1569
2024-01-01T08:47:38,BTC,43456.2924
2024-01-01T08:47:39,BTC,43469.7168
2024-01-01T08:47:40,BTC,43451.15
2024-01-01T08:47:41,BTC,43434.4778
2024-01-01T08:47:42,BTC,43419.4319
2024-01-01T08:47:43,BTC,43395.3138
2024-01-01T08:47:44,BTC,43374.89
2024-01-01T08:47:45,BTC,43397.4758
2024-01-01T08:47:46,BTC,43383.7271
2024-01-01T08:47:47,BTC,43422.4085
2024-01-01T08:47:48,BTC,43424.9373
2024-01-01T08:47:49,BTC,43437.5829
2024-01-01T08:47:50,BTC,43419.6474
2024-01-01T08:47:51,BTC,43398.1664
2024-01-01T08:47:52,BTC,43374.4481
2024-01-01T08:47:53,BTC,43364.1437
2024-01-01T08:47:54,BTC,43390.1914
2024-01-01T08:47:55,BTC,43401.0803
2024-01-01T08:47:56,BTC,43429.0652
2024-01-01T08:47:57,BTC,43431.8465
2024-01-01T08:47:58,BTC,43415.1177
2024-01-01T08:47:59,BTC,43425.7858
2024-01-01T08:48:00,BTC,43435.3719
2024-01-01T08:48:01,BTC,43432.0302
2024-01-01T08:48:02,BTC,43432.9425
2024-01-01T08:48:03,BTC,43452.7491
2024-01-01T08:48:04,BTC,43502.9444
2024-01-01T08:48:05,BTC,43472.7255
2024-01-01T08:48:06,BTC,43477.5431
2024-01-01T08:48:07,BTC,43438.0874
2024-01-01T08:48:08,BTC,43453.5282
2024-01-01T08:48:09,BTC,43493.5865
2024-01-01T08:48:10,BTC,43483.4644
2024-01-01T08:48:11,BTC,43491.5329
2024-01-01T08:48:12,BTC,43496.3644
2024-01-01T08:48:13,BTC,43475.2587
2024-01-01T08:48:14,BTC,43465.4683
2024-01-01T08:48:15,BTC,43452.1658
2024-01-01T08:48:16,BTC,43443.2361
2024-01-01T08:48:17,BTC,43412.1903
2024-01-01T08:48:18,BTC,43422.9472
2024-01-01T08:48:19,BTC,43423.9366
2024-01-01T08:48:20,BTC,43441.4443
2024-01-01T08:48:21,BTC,43470.3851
2024-01-01T08:48:22,BTC,43484.8707
2024-01-01T08:48:23,BTC,43454.7665
2024-01-01T08:48:24,BTC,43465.8419
2024-01-01T08:48:25,BTC,43493.6127
2024-01-01T08:48:26,BTC,43532.5854
2024-01-01T08:48:27,BTC,43547.5675
2024-01-01T08:48:28,BTC,43548.7764
2024-01-01T08:48:29,BTC,43510.3889
2024-01-01T08:48:30,BTC,43534.4781
2024-01-01T08:48:31,BTC,43541.426
2024-01-01T08:48:32,BTC,43505.0082
2024-01-01T08:48:33,BTC,43478.9724
2024-01-01T08:48:34,BTC,43456.9882
2024-01-01T08:48:35,BTC,43467.7591
2024-01-01T08:48:36,BTC,43444.8025
2024-01-01T08:48:37,BTC,43447.3041
2024-01-01T08:48:38,BTC,43453.6039
2024-01-01T08:48:39,BTC,43461.1868
2024-01-01T08:48:40,BTC,43463.7205
2024-01-01T08:48:41,BTC,43452.1652
2024-01-01T08:48:42,BTC,43469.5733
2024-01-01T08:48:43,BTC,43450.052
2024-01-01T08:48:44,BTC,43443.3774
2024-01-01T08:48:45,BTC,43419.5775
2024-01-01T08:48:46,BTC,43445.4679
2024-01-01T08:48:47,BTC,43419.0471
2024-01-01T08:48:48,BTC,43444.511
2024-01-01T08:48:49,BTC,43466.4403
2024-01-01T08:48:50,BTC,43482.3115
2024-01-01T08:48:51,BTC,43484.5231
2024-01-01T08:48:52,BTC,43488.8178
2024-01-01T08:48:53,BTC,43475.1751
2024-01-01T08:48:54,BTC,43429.0348
2024-01-01T08:48:55,BTC,43444.8807
2024-01-01T08:48:56,BTC,43465.2103
2024-01-01T08:48:57,BTC,43469.0393
2024-01-01T08:48:58,BTC,43463.2466
2024-01-01T08:48:59,BTC,43420.2619
2024-01-01T08:49:00,BTC,43442.2445
2024-01-01T08:49:01,BTC,43421.8186
2024-01-01T08:49:02,BTC,43424.3409
2024-01-01T08:49:03,BTC,43410.1502
2024-01-01T08:49:04,BTC,43393.4665
2024-01-01T08:49:05,BTC,43420.3035
2024-01-01T08:49:06,BTC,43411.3128
2024-01-01T08:49:07,BTC,43417.1109
2024-01-01T08:49:08,BTC,43429.2165
2024-01-01T08:49:09,BTC,43399.3877
2024-01-01T08:49:10,BTC,43387.7989
2024-01-01T08:49:11,BTC,43389.6638
2024-01-01T08:49:12,BTC,43381.1233
2024-01-01T08:49:13,BTC,43368.434
2024-01-01T08:49:14,BTC,43344.303
2024-01-01T08:49:15,BTC,43335.7566
2024-01-01T08:49:16,BTC,43326.6874
2024-01-01T08:49:17,BTC,43334.403
2024-01-01T08:49:18,BTC,43360.9465
2024-01-01T08:49:19,BTC,43392.7469
2024-01-01T08:49:20,BTC,43463.3046
2024-01-01T08:49:21,BTC,43496.416
2024-01-01T08:49:22,BTC,43495.6618
2024-01-01T08:49:23,BTC,43525.7545
2024-01-01T08:49:24,BTC,43561.565
2024-01-01T08:49:25,BTC,43577.1888
2024-01-01T08:49:26,BTC,43559.8544
2024-01-01T08:49:27,BTC,43579.8474
2024-01-01T08:49:28,BTC,43582.0406
2024-01-01T08:49:29,BTC,43524.9037
2024-01-01T08:49:30,BTC,43534.2661
2024-01-01T08:49:31,BTC,43545.8251
2024-01-01T08:49:32,BTC,43549.7766
2024-01-01T08:49:33,BTC,43554.2746
2024-01-01T08:49:34,BTC,43556.2911
2024-01-01T08:49:35,BTC,43556.3314
2024-01-01T08:49:36,BTC,43600.1785
2024-01-01T08:49:37,BTC,43564.9066
2024-01-01T08:49:38,BTC,43570.7124
2024-01-01T08:49:39,BTC,43577.2824
2024-01-01T08:49:40,BTC,43580.4599
2024-01-01T08:49:41,BTC,43595.8568
2024-01-01T08:49:42,BTC,43609.6154
2024-01-01T08:49:43,BTC,43593.0182
2024-01-01T08:49:44,BTC,43575.126
2024-01-01T08:49:45,BTC,43572.7329
2024-01-01T08:49:46,BTC,43563.0773
2024-01-01T08:49:47,BTC,43580.9186
2024-01-01T08:49:48,BTC,43565.6181
2024-01-01T08:49:49,BTC,43557.9527
2024-01-01T08:49:50,BTC,43556.7443
2024-01-01T08:49:51,BTC,43556.7993
2024-01-01T08:49:52,BTC,43571.5813
2024-01-01T08:49:53,BTC,43540.2984
2024-01-01T08:49:54,BTC,43534.4141
2024-01-01T08:49:55,BTC,43508.706
2024-01-01T08:49:56,BTC,43529.1763
2024-01-01T08:49:57,BTC,43511.2675
2024-01-01T08:49:58,BTC,43528.6989
2024-01-01T08:49:59,BTC,43527.5434
2024-01-01T08:50:00,BTC,43546.7534
2024-01-01T08:50:01,BTC,43546.0962
2024-01-01T08:50:02,BTC,43563.9529
2024-01-01T08:50:03,BTC,43578.8336
2024-01-01T08:50:04,BTC,43571.1513
2024-01-01T08:50:05,BTC,43569.686
2024-01-01T08:50:06,BTC,43567.9419
2024-01-01T08:50:07,BTC,43597.6424
2024-01-01T08:50:08,BTC,43636.2547
2024-01-01T08:50:09,BTC,43649.5217
2024-01-01T08:50:10,BTC,43654.5821
2024-01-01T08:50:11,BTC,43639.1509
2024-01-01T08:50:12,BTC,43620.1737
2024-01-01T08:50:13,BTC,43621.5302
2024-01-01T08:50:14,BTC,43649.3427
2024-01-01T08:50:15,BTC,43610.3874
2024-01-01T08:50:16,BTC,43631.3358
2024-01-01T08:50:17,BTC,43649.0664
2024-01-01T08:50:18,BTC,43659.789
2024-01-01T08:50:19,BTC,43651.8999
2024-01-01T08:50:20,BTC,43643.0098
2024-01-01T08:50:21,BTC,43629.7731
2024-01-01T08:50:22,BTC,43566.7431
2024-01-01T08:50:23,BTC,43571.9954
2024-01-01T08:50:24,BTC,43607.7487
2024-01-01T08:50:25,BTC,43614.8398
2024-01-01T08:50:26,BTC,43595.7395
2024-01-01T08:50:27,BTC,43595.907
2024-01-01T08:50:28,BTC,43629.2533
2024-01-01T08:50:29,BTC,43605.2846
2024-01-01T08:50:30,BTC,43587.7106
2024-01-01T08:50:31,BTC,43596.1763
2024-01-01T08:50:32,BTC,43611.8127
2024-01-01T08:50:33,BTC,43615.3914
2024-01-01T08:50:34,BTC,43585.3542
2024-01-01T08:50:35,BTC,43573.2068
2024-01-01T08:50:36,BTC,43557.3752
2024-01-01T08:50:37,BTC,43529.8638
2024-01-01T08:50:38,BTC,43493.7393
2024-01-01T08:50:39,BTC,43483.1776
2024-01-01T08:50:40,BTC,43464.6467
2024-01-01T08:50:41,BTC,43451.7494
2024-01-01T08:50:42,BTC,43419.4835
2024-01-01T08:50:43,BTC,43421.6768
2024-01-01T08:50:44,BTC,43422.2301
2024-01-01T08:50:45,BTC,43398.6545
2024-01-01T08:50:46,BTC,43388.3306
2024-01-01T08:50:47,BTC,43375.6231
2024-01-01T08:50:48,BTC,43404.8674
2024-01-01T08:50:49,BTC,43411.8722
2024-01-01T08:50:50,BTC,43429.0634
2024-01-01T08:50:51,BTC,43449.5396
2024-01-01T08:50:52,BTC,43470.7773
2024-01-01T08:50:53,BTC,43479.9813
2024-01-01T08:50:54,BTC,43424.5016
2024-01-01T08:50:55,BTC,43424.7891
2024-01-01T08:50:56,BTC,43431.1861
2024-01-01T08:50:57,BTC,43411.7945
2024-01-01T08:50:58,BTC,43432.2278
2024-01-01T08:50:59,BTC,43427.4567
2024-01-01T08:51:00,BTC,43419.6466
2024-01-01T08:51:01,BTC,43466.7634
2024-01-01T08:51:02,BTC,43460.2536
2024-01-01T08:51:03,BTC,43473.9459
2024-01-01T08:51:04,BTC,43523.0601
2024-01-01T08:51:05,BTC,43543.807
2024-01-01T08:51:06,BTC,43525.4843
2024-01-01T08:51:07,BTC,43490.0524
2024-01-01T08:51:08,BTC,43452.3566
2024-01-01T08:51:09,BTC,43462.1296
2024-01-01T08:51:10,BTC,43472.0975
2024-01-01T08:51:11,BTC,43463.5895
2024-01-01T08:51:12,BTC,43468.3506
2024-01-01T08:51:13,BTC,43465.1
2024-01-01T08:51:14,BTC,43463.1876
2024-01-01T08:51:15,BTC,43494.1243
2024-01-01T08:51:16,BTC,43480.9028
2024-01-01T08:51:17,BTC,43457.9796
2024-01-01T08:51:18,BTC,43464.5636
2024-01-01T08:51:19,BTC,43508.9819
2024-01-01T08:51:20,BTC,43491.0242
2024-01-01T08:51:21,BTC,43487.2954
2024-01-01T08:51:22,BTC,43477.7794
2024-01-01T08:51:23,BTC,43487.3867
2024-01-01T08:51:24,BTC,43484.6783
2024-01-01T08:51:25,BTC,43492.2894
2024-01-01T08:51:26,BTC,43474.0852
2024-01-01T08:51:27,BTC,43470.896
2024-01-01T08:51:28,BTC,43434.5462
2024-01-01T08:51:29,BTC,43389.2897
2024-01-01T08:51:30,BTC,43381.0534
2024-01-01T08:51:31,BTC,43386.1104
2024-01-01T08:51:32,BTC,43369.7958
2024-01-01T08:51:33,BTC,43397.1038
2024-01-01T08:51:34,BTC,43392.0517
2024-01-01T08:51:35,BTC,43380.9892
2024-01-01T08:51:36,BTC,43392.9726
2024-01-01T08:51:37,BTC,43397.6226
2024-01-01T08:51:38,BTC,43375.6017
2024-01-01T08:51:39,BTC,43350.3161
2024-01-01T08:51:40,BTC,43418.4353
2024-01-01T08:51:41,BTC,43442.4657
2024-01-01T08:51:42,BTC,43435.6151
2024-01-01T08:51:43,BTC,43451.345
2024-01-01T08:51:44,BTC,43457.0326
2024-01-01T08:51:45,BTC,43496.9078
2024-01-01T08:51:46,BTC,43501.7795
2024-01-01T08:51:47,BTC,43509.7152
2024-01-01T08:51:48,BTC,43551.6431
2024-01-01T08:51:49,BTC,43521.9995
2024-01-01T08:51:50,BTC,43549.9115
2024-01-01T08:51:51,BTC,43515.9585
2024-01-01T08:51:52,BTC,43539.9003
2024-01-01T08:51:53,BTC,43500.1022
2024-01-01T08:51:54,BTC,43492.5724
2024-01-01T08:51:55,BTC,43489.9029
2024-01-01T08:51:56,BTC,43497.0658
2024-01-01T08:51:57,BTC,43499.5066
2024-01-01T08:51:58,BTC,43492.061
2024-01-01T08:51:59,BTC,43447.0563
2024-01-01T08:52:00,BTC,43479.958
2024-01-01T08:52:01,BTC,43473.5636
2024-01-01T08:52:02,BTC,43476.0618
2024-01-01T08:52:03,BTC,43453.4887
2024-01-01T08:52:04,BTC,43472.2629
2024-01-01T08:52:05,BTC,43444.2287
2024-01-01T08:52:06,BTC,43439.448
2024-01-01T08:52:07,BTC,43418.0324
2024-01-01T08:52:08,BTC,43427.3314
2024-01-01T08:52:09,BTC,43423.6763
2024-01-01T08:52:10,BTC,43435.4134
2024-01-01T08:52:11,BTC,43431.5995
2024-01-01T08:52:12,BTC,43406.992
2024-01-01T08:52:13,BTC,43441.9225
2024-01-01T08:52:14,BTC,43439.0235
2024-01-01T08:52:15,BTC,43446.6197
2024-01-01T08:52:16,BTC,43445.4067
2024-01-01T08:52:17,BTC,43422.8121
2024-01-01T08:52:18,BTC,43442.5784
2024-01-01T08:52:19,BTC,43428.3479
2024-01-01T08:52:20,BTC,43442.8371
2024-01-01T08:52:21,BTC,43445.9953
2024-01-01T08:52:22,BTC,43453.1962
2024-01-01T08:52:23,BTC,43437.3312
2024-01-01T08:52:24,BTC,43389.7342
2024-01-01T08:52:25,BTC,43395.5059
2024-01-01T08:52:26,BTC,43390.0058
2024-01-01T08:52:27,BTC,43367.1001
2024-01-01T08:52:28,BTC,43359.2876
2024-01-01T08:52:29,BTC,43398.8084
2024-01-01T08:52:30,BTC,43412.1483
2024-01-01T08:52:31,BTC,43422.5353
2024-01-01T08:52:32,BTC,43428.406
2024-01-01T08:52:33,BTC,43424.0293
2024-01-01T08:52:34,BTC,43416.6285
2024-01-01T08:52:35,BTC,43416.8526
2024-01-01T08:52:36,BTC,43387.9193
2024-01-01T08:52:37,BTC,43395.3036
2024-01-01T08:52:38,BTC,43395.2712
2024-01-01T08:52:39,BTC,43393.4703
2024-01-01T08:52:40,BTC,43376.7567
2024-01-01T08:52:41,BTC,43401.9324
2024-01-01T08:52:42,BTC,43424.3316
2024-01-01T08:52:43,BTC,43444.7721
2024-01-01T08:52:44,BTC,43450.8329
2024-01-01T08:52:45,BTC,43442.4417
2024-01-01T08:52:46,BTC,43430.7435
2024-01-01T08:52:47,BTC,43445.1907
2024-01-01T08:52:48,BTC,43471.8382
2024-01-01T08:52:49,BTC,43467.2904
2024-01-01T08:52:50,BTC,43439.2202
2024-01-01T08:52:51,BTC,43449.1025
2024-01-01T08:52:52,BTC,43455.7029
2024-01-01T08:52:53,BTC,43457.9883
2024-01-01T08:52:54,BTC,43426.1241
2024-01-01T08:52:55,BTC,43424.0998
2024-01-01T08:52:56,BTC,43448.5602
2024-01-01T08:52:57,BTC,43439.2505
2024-01-01T08:52:58,BTC,43432.3407
2024-01-01T08:52:59,BTC,43426.5287
2024-01-01T08:53:00,BTC,43428.1143
2024-01-01T09:52:00,BTC,43398.2365
2024-01-01T09:52:01,BTC,43373.4947
2024-01-01T09:52:02,BTC,43362.6493
2024-01-01T09:52:03,BTC,43378.0704
2024-01-01T09:52:04,BTC,43396.1326
2024-01-01T09:52:05,BTC,43382.0614
2024-01-01T09:52:06,BTC,43344.0176
2024-01-01T09:52:07,BTC,43306.3835
2024-01-01T09:52:08,BTC,43290.8156
2024-01-01T09:52:09,BTC,43244.844
2024-01-01T09:52:10,BTC,43246.1095
2024-01-01T09:52:11,BTC,43253.4796
2024-01-01T09:52:12,BTC,43255.3982
2024-01-01T09:52:13,BTC,43238.5332
2024-01-01T09:52:14,BTC,43222.6497
2024-01-01T09:52:15,BTC,43243.2868
2024-01-01T09:52:16,BTC,43256.5122
2024-01-01T09:52:17,BTC,43250.414
2024-01-01T09:52:18,BTC,43246.247
2024-01-01T09:52:19,BTC,43231.7539
2024-01-01T09:52:20,BTC,43216.3614
2024-01-01T09:52:21,BTC,43170.2585
2024-01-01T09:52:22,BTC,43137.0027
2024-01-01T09:52:23,BTC,43140.2138
2024-01-01T09:52:24,BTC,43094.8763
2024-01-01T09:52:25,BTC,43109.1117
2024-01-01T09:52:26,BTC,43155.6189
2024-01-01T09:52:27,BTC,43159.7983
2024-01-01T09:52:28,BTC,43156.1678
2024-01-01T09:52:29,BTC,43168.2799
2024-01-01T09:52:30,BTC,43132.3499
2024-01-01T09:52:31,BTC,43153.3363
2024-01-01T09:52:32,BTC,43131.8149
2024-01-01T09:52:33,BTC,43124.12
2024-01-01T09:52:34,BTC,43105.0917
2024-01-01T09:52:35,BTC,43080.8809
2024-01-01T09:52:36,BTC,43037.4663
2024-01-01T09:52:37,BTC,43019.2862
2024-01-01T09:52:38,BTC,43012.708
2024-01-01T09:52:39,BTC,42987.406
2024-01-01T09:52:40,BTC,42964.8009
2024-01-01T09:52:41,BTC,42962.3705
2024-01-01T09:52:42,BTC,42923.9929
2024-01-01T09:52:43,BTC,42908.6544
2024-01-01T09:52:44,BTC,42928.1435
2024-01-01T09:52:45,BTC,42902.0243
2024-01-01T09:52:46,BTC,42931.9211
2024-01-01T09:52:47,BTC,42893.0261
2024-01-01T09:52:48,BTC,42840.1107
2024-01-01T09:52:49,BTC,42841.6422
2024-01-01T09:52:50,BTC,42839.0814
2024-01-01T09:52:51,BTC,42869.6314
2024-01-01T09:52:52,BTC,42821.8244
2024-01-01T09:52:53,BTC,42807.7616
2024-01-01T09:52:54,BTC,42794.307
2024-01-01T09:52:55,BTC,42821.0058
2024-01-01T09:52:56,BTC,42833.4382
2024-01-01T09:52:57,BTC,42812.7526
2024-01-01T09:52:58,BTC,42841.1733
2024-01-01T09:52:59,BTC,42817.8343
2024-01-01T09:53:00,BTC,42819.7485
2024-01-01T09:53:01,BTC,42809.6916
2024-01-01T09:53:02,BTC,42789.7783
2024-01-01T09:53:03,BTC,42775.1957
2024-01-01T09:53:04,BTC,42762.4197
2024-01-01T09:53:05,BTC,42733.8064
2024-01-01T09:53:06,BTC,42715.316
2024-01-01T09:53:07,BTC,42737.3815
2024-01-01T09:53:08,BTC,42714.6332
2024-01-01T09:53:09,BTC,42709.1332
2024-01-01T09:53:10,BTC,42721.7746
2024-01-01T09:53:11,BTC,42706.0697
2024-01-01T09:53:12,BTC,42715.4759
2024-01-01T09:53:13,BTC,42726.3805
2024-01-01T09:53:14,BTC,42712.6762
2024-01-01T09:53:15,BTC,42727.3672
2024-01-01T09:53:16,BTC,42740.7448
2024-01-01T09:53:17,BTC,42745.509
2024-01-01T09:53:18,BTC,42757.5202
2024-01-01T09:53:19,BTC,42744.8808
2024-01-01T09:53:20,BTC,42758.7734
2024-01-01T09:53:21,BTC,42791.7909
2024-01-01T09:53:22,BTC,42776.4166
2024-01-01T09:53:23,BTC,42782.7234
2024-01-01T09:53:24,BTC,42779.522
2024-01-01T09:53:25,BTC,42739.5276
2024-01-01T09:53:26,BTC,42763.4986
2024-01-01T09:53:27,BTC,42735.4852
2024-01-01T09:53:28,BTC,42774.7531
2024-01-01T09:53:29,BTC,42728.1933
2024-01-01T09:53:30,BTC,42722.4282
2024-01-01T09:53:31,BTC,42743.1529
2024-01-01T09:53:32,BTC,42745.6478
2024-01-01T09:53:33,BTC,42738.1164
2024-01-01T09:53:34,BTC,42747.149
2024-01-01T09:53:35,BTC,42753.0609
2024-01-01T09:53:36,BTC,42716.5101
2024-01-01T09:53:37,BTC,42647.1652
2024-01-01T09:53:38,BTC,42647.4607
2024-01-01T09:53:39,BTC,42635.4585
2024-01-01T09:53:40,BTC,42624.0201
2024-01-01T09:53:41,BTC,42629.8696
2024-01-01T09:53:42,BTC,42654.8121
2024-01-01T09:53:43,BTC,42663.9323
2024-01-01T09:53:44,BTC,42630.1388
2024-01-01T09:53:45,BTC,42625.2459
2024-01-01T09:53:46,BTC,42625.5166
2024-01-01T09:53:47,BTC,42616.4628
2024-01-01T09:53:48,BTC,42584.5996
2024-01-01T09:53:49,BTC,42594.6571
2024-01-01T09:53:50,BTC,42573.7456
2024-01-01T09:53:51,BTC,42556.1719
2024-01-01T09:53:52,BTC,42556.3071
2024-01-01T09:53:53,BTC,42566.1268
2024-01-01T09:53:54,BTC,42548.1427
2024-01-01T09:53:55,BTC,42547.2011
2024-01-01T09:53:56,BTC,42541.5922
2024-01-01T09:53:57,BTC,42550.9358
2024-01-01T09:53:58,BTC,42520.6191
2024-01-01T09:53:59,BTC,42484.2716
2024-01-01T09:54:00,BTC,42459.3601
2024-01-01T09:54:01,BTC,42449.0331
2024-01-01T09:54:02,BTC,42437.0813
2024-01-01T09:54:03,BTC,42402.2224
2024-01-01T09:54:04,BTC,42415.1354
2024-01-01T09:54:05,BTC,42371.8841
2024-01-01T09:54:06,BTC,42333.3486
2024-01-01T09:54:07,BTC,42301.9933
2024-01-01T09:54:08,BTC,42309.7328
2024-01-01T09:54:09,BTC,42278.8059
2024-01-01T09:54:10,BTC,42266.5261
2024-01-01T09:54:11,BTC,42222.8023
2024-01-01T09:54:12,BTC,42215.398
2024-01-01T09:54:13,BTC,42180.9019
2024-01-01T09:54:14,BTC,42196.3473
2024-01-01T09:54:15,BTC,42209.3836
2024-01-01T09:54:16,BTC,42238.6302
2024-01-01T09:54:17,BTC,42225.4875
2024-01-01T09:54:18,BTC,42196.3455
2024-01-01T09:54:19,BTC,42159.4801
2024-01-01T09:54:20,BTC,42190.7117
2024-01-01T09:54:21,BTC,42195.9698
2024-01-01T09:54:22,BTC,42166.2922
2024-01-01T09:54:23,BTC,42149.6426
2024-01-01T09:54:24,BTC,42148.5418
2024-01-01T09:54:25,BTC,42131.1155
2024-01-01T09:54:26,BTC,42152.0122
2024-01-01T09:54:27,BTC,42172.6728
2024-01-01T09:54:28,BTC,42129.1416
2024-01-01T09:54:29,BTC,42152.4148
2024-01-01T09:54:30,BTC,42159.9005
2024-01-01T09:54:31,BTC,42132.2963
2024-01-01T09:54:32,BTC,42117.5394
2024-01-01T09:54:33,BTC,42078.224
2024-01-01T09:54:34,BTC,42068.4341
2024-01-01T09:54:35,BTC,42041.1514
2024-01-01T09:54:36,BTC,42020.3217
2024-01-01T09:54:37,BTC,42002.4955
2024-01-01T09:54:38,BTC,41978.5959
2024-01-01T09:54:39,BTC,41983.5448
2024-01-01T09:54:40,BTC,41937.4297
2024-01-01T09:54:41,BTC,41944.5689
2024-01-01T09:54:42,BTC,41938.4864
2024-01-01T09:54:43,BTC,41918.4589
2024-01-01T09:54:44,BTC,41882.2221
2024-01-01T09:54:45,BTC,41816.3896
2024-01-01T09:54:46,BTC,41835.4238
2024-01-01T09:54:47,BTC,41794.1988
2024-01-01T09:54:48,BTC,41797.0492
2024-01-01T09:54:49,BTC,41767.173
2024-01-01T09:54:50,BTC,41763.8527
2024-01-01T09:54:51,BTC,41723.8556
2024-01-01T09:54:52,BTC,41724.4489
2024-01-01T09:54:53,BTC,41689.3185
2024-01-01T09:54:54,BTC,41696.0034
2024-01-01T09:54:55,BTC,41694.8964
2024-01-01T09:54:56,BTC,41622.3758
2024-01-01T09:54:57,BTC,41590.7177
2024-01-01T09:54:58,BTC,41637.237
2024-01-01T09:54:59,BTC,41644.7253
2024-01-01T09:55:00,BTC,41666.6676
2024-01-01T09:55:01,BTC,41646.6473
2024-01-01T09:55:02,BTC,41610.5776
2024-01-01T09:55:03,BTC,41573.5862
2024-01-01T09:55:04,BTC,41556.6099
2024-01-01T09:55:05,BTC,41532.6412
2024-01-01T09:55:06,BTC,41526.951
2024-01-01T09:55:07,BTC,41492.3402
2024-01-01T09:55:08,BTC,41492.7842
2024-01-01T09:55:09,BTC,41451.6673
2024-01-01T09:55:10,BTC,41422.3197
2024-01-01T09:55:11,BTC,41422.0563
2024-01-01T09:55:12,BTC,41439.2657
2024-01-01T09:55:13,BTC,41456.1285
2024-01-01T09:55:14,BTC,41451.7108
2024-01-01T09:55:15,BTC,41454.872
2024-01-01T09:55:16,BTC,41415.3803
2024-01-01T09:55:17,BTC,41424.3872
2024-01-01T09:55:18,BTC,41426.6264
2024-01-01T09:55:19,BTC,41411.5819
2024-01-01T09:55:20,BTC,41422.2494
2024-01-01T09:55:21,BTC,41419.3579
2024-01-01T09:55:22,BTC,41410.9845
2024-01-01T09:55:23,BTC,41397.9161
2024-01-01T09:55:24,BTC,41386.5795
2024-01-01T09:55:25,BTC,41382.8499
2024-01-01T09:55:26,BTC,41328.8979
2024-01-01T09:55:27,BTC,41333.0237
2024-01-01T09:55:28,BTC,41350.0018
2024-01-01T09:55:29,BTC,41315.1513
2024-01-01T09:55:30,BTC,41282.5225
2024-01-01T09:55:31,BTC,41272.0455
2024-01-01T09:55:32,BTC,41292.0095
2024-01-01T09:55:33,BTC,41280.8578
2024-01-01T09:55:34,BTC,41260.8392
2024-01-01T09:55:35,BTC,41233.5225
2024-01-01T09:55:36,BTC,41275.8353
2024-01-01T09:55:37,BTC,41294.8768
2024-01-01T09:55:38,BTC,41277.1477
2024-01-01T09:55:39,BTC,41314.6845
2024-01-01T09:55:40,BTC,41312.1814
2024-01-01T09:55:41,BTC,41271.4879
2024-01-01T09:55:42,BTC,41242.4185
2024-01-01T09:55:43,BTC,41233.263
2024-01-01T09:55:44,BTC,41189.0169
2024-01-01T09:55:45,BTC,41152.1215
2024-01-01T09:55:46,BTC,41139.4482
2024-01-01T09:55:47,BTC,41138.0529
2024-01-01T09:55:48,BTC,41122.7044
2024-01-01T09:55:49,BTC,41142.087
2024-01-01T09:55:50,BTC,41122.8645
2024-01-01T09:55:51,BTC,41109.2533
2024-01-01T09:55:52,BTC,41097.2551
2024-01-01T09:55:53,BTC,41067.1315
2024-01-01T09:55:54,BTC,41066.0601
2024-01-01T09:55:55,BTC,41051.0117
2024-01-01T09:55:56,BTC,41063.08
2024-01-01T09:55:57,BTC,41025.1311
2024-01-01T09:55:58,BTC,41006.9945
2024-01-01T09:55:59,BTC,40964.2037
2024-01-01T09:56:00,BTC,40928.3657
2024-01-01T09:56:01,BTC,40910.8952
2024-01-01T09:56:02,BTC,40884.1862
2024-01-01T09:56:03,BTC,40895.9601
2024-01-01T09:56:04,BTC,40914.1248
2024-01-01T09:56:05,BTC,40890.3096
2024-01-01T09:56:06,BTC,40878.2621
2024-01-01T09:56:07,BTC,40871.0549
2024-01-01T09:56:08,BTC,40864.7434
2024-01-01T09:56:09,BTC,40849.3388
2024-01-01T09:56:10,BTC,40873.3052
2024-01-01T09:56:11,BTC,40856.1193
2024-01-01T09:56:12,BTC,40859.9771
2024-01-01T09:56:13,BTC,40838.4379
2024-01-01T09:56:14,BTC,40836.4708
2024-01-01T09:56:15,BTC,40847.3264
2024-01-01T09:56:16,BTC,40834.9449
2024-01-01T09:56:17,BTC,40851.0498
2024-01-01T09:56:18,BTC,40837.0477
2024-01-01T09:56:19,BTC,40832.5324
2024-01-01T09:56:20,BTC,40826.4144
2024-01-01T09:56:21,BTC,40839.9323
2024-01-01T09:56:22,BTC,40810.4556
2024-01-01T09:56:23,BTC,40785.3853
2024-01-01T09:56:24,BTC,40758.7472
2024-01-01T09:56:25,BTC,40735.2696
2024-01-01T09:56:26,BTC,40711.0251
2024-01-01T09:56:27,BTC,40677.6816
2024-01-01T09:56:28,BTC,40661.656
2024-01-01T09:56:29,BTC,40669.6462
2024-01-01T09:56:30,BTC,40666.973
2024-01-01T09:56:31,BTC,40696.0241
2024-01-01T09:56:32,BTC,40671.5876
2024-01-01T09:56:33,BTC,40635.7406
2024-01-01T09:56:34,BTC,40608.6797
2024-01-01T09:56:35,BTC,40587.2325
2024-01-01T09:56:36,BTC,40574.6628
2024-01-01T09:56:37,BTC,40567.3601
2024-01-01T09:56:38,BTC,40544.3043
2024-01-01T09:56:39,BTC,40582.2995
2024-01-01T09:56:40,BTC,40600.2136
2024-01-01T09:56:41,BTC,40587.2129
2024-01-01T09:56:42,BTC,40560.7238
2024-01-01T09:56:43,BTC,40540.8751
2024-01-01T09:56:44,BTC,40549.9586
2024-01-01T09:56:45,BTC,40547.4725
2024-01-01T09:56:46,BTC,40517.5252
2024-01-01T09:56:47,BTC,40495.1229
2024-01-01T09:56:48,BTC,40465.4596
2024-01-01T09:56:49,BTC,40467.4126
2024-01-01T09:56:50,BTC,40491.5104
2024-01-01T09:56:51,BTC,40509.1448
2024-01-01T09:56:52,BTC,40490.6601
2024-01-01T09:56:53,BTC,40488.4866
2024-01-01T09:56:54,BTC,40460.8206
2024-01-01T09:56:55,BTC,40460.5593
2024-01-01T09:56:56,BTC,40464.2865
2024-01-01T09:56:57,BTC,40412.0461
2024-01-01T09:56:58,BTC,40396.0491
2024-01-01T09:56:59,BTC,40375.5102
2024-01-01T09:57:00,BTC,40350.4406
2024-01-01T09:57:01,BTC,40324.6467
2024-01-01T09:57:02,BTC,40360.938
2024-01-01T09:57:03,BTC,40355.6081
2024-01-01T09:57:04,BTC,40337.0079
2024-01-01T09:57:05,BTC,40313.1465
2024-01-01T09:57:06,BTC,40295.4585
2024-01-01T09:57:07,BTC,40269.5954
2024-01-01T09:57:08,BTC,40261.6831
2024-01-01T09:57:09,BTC,40227.5825
2024-01-01T09:57:10,BTC,40209.2015
2024-01-01T09:57:11,BTC,40214.1844
2024-01-01T09:57:12,BTC,40222.0823
2024-01-01T09:57:13,BTC,40172.266
2024-01-01T09:57:14,BTC,40176.7336
2024-01-01T09:57:15,BTC,40154.0229
2024-01-01T09:57:16,BTC,40168.0893
2024-01-01T09:57:17,BTC,40137.7818
2024-01-01T09:57:18,BTC,40122.5719
2024-01-01T09:57:19,BTC,40116.1102
2024-01-01T09:57:20,BTC,40124.3348
2024-01-01T09:57:21,BTC,40133.015
2024-01-01T09:57:22,BTC,40108.6486
2024-01-01T09:57:23,BTC,40084.4318
2024-01-01T09:57:24,BTC,40097.8305
2024-01-01T09:57:25,BTC,40077.0292
2024-01-01T09:57:26,BTC,40103.6426
2024-01-01T09:57:27,BTC,40108.0668
2024-01-01T09:57:28,BTC,40077.4685
2024-01-01T09:57:29,BTC,40087.0531
2024-01-01T09:57:30,BTC,40084.7912
2024-01-01T09:57:31,BTC,40073.6454
2024-01-01T09:57:32,BTC,40057.5942
2024-01-01T09:57:33,BTC,40064.815
2024-01-01T09:57:34,BTC,40039.9445
2024-01-01T09:57:35,BTC,40016.4339
2024-01-01T09:57:36,BTC,39995.6969
2024-01-01T09:57:37,BTC,39977.3008
2024-01-01T09:57:38,BTC,39972.9554
2024-01-01T09:57:39,BTC,39970.6219
2024-01-01T09:57:40,BTC,39977.4265
2024-01-01T09:57:41,BTC,40011.1668
2024-01-01T09:57:42,BTC,40016.9717
2024-01-01T09:57:43,BTC,39999.8849
2024-01-01T09:57:44,BTC,39995.6945
2024-01-01T09:57:45,BTC,39987.2732
2024-01-01T09:57:46,BTC,39953.7396
2024-01-01T09:57:47,BTC,39952.1595
2024-01-01T09:57:48,BTC,39920.6571
2024-01-01T09:57:49,BTC,39916.6562
2024-01-01T09:57:50,BTC,39902.7152
2024-01-01T09:57:51,BTC,39863.9622
2024-01-01T09:57:52,BTC,39870.9308
2024-01-01T09:57:53,BTC,39873.3315
2024-01-01T09:57:54,BTC,39886.6742
2024-01-01T09:57:55,BTC,39862.6519
2024-01-01T09:57:56,BTC,39851.9745
2024-01-01T09:57:57,BTC,39854.1331
2024-01-01T09:57:58,BTC,39890.4978
2024-01-01T09:57:59,BTC,39883.0264
2024-01-01T09:58:00,BTC,39866.0102
2024-01-01T11:49:00,BTC,39850.166
2024-01-01T11:49:01,BTC,39877.5096
2024-01-01T11:49:02,BTC,39900.803
2024-01-01T11:49:03,BTC,39895.6841
2024-01-01T11:49:04,BTC,39902.5017
2024-01-01T11:49:05,BTC,39934.1811
2024-01-01T11:49:06,BTC,39945.7337
2024-01-01T11:49:07,BTC,39931.6835
2024-01-01T11:49:08,BTC,39926.2909
2024-01-01T11:49:09,BTC,39931.559
2024-01-01T11:49:10,BTC,39970.435
2024-01-01T11:49:11,BTC,39938.2788
2024-01-01T11:49:12,BTC,39948.2626
2024-01-01T11:49:13,BTC,39949.5394
2024-01-01T11:49:14,BTC,39989.4238
2024-01-01T11:49:15,BTC,40004.5915
2024-01-01T11:49:16,BTC,40002.9526
2024-01-01T11:49:17,BTC,40002.0059
2024-01-01T11:49:18,BTC,39999.9229
2024-01-01T11:49:19,BTC,40008.6683
2024-01-01T11:49:20,BTC,40021.7429
2024-01-01T11:49:21,BTC,40002.7013
2024-01-01T11:49:22,BTC,39991.6453
2024-01-01T11:49:23,BTC,39998.5811
2024-01-01T11:49:24,BTC,40002.3489
2024-01-01T11:49:25,BTC,39994.0649
2024-01-01T11:49:26,BTC,39954.9869
2024-01-01T11:49:27,BTC,39937.6816
2024-01-01T11:49:28,BTC,39930.1972
2024-01-01T11:49:29,BTC,39921.2906
2024-01-01T11:49:30,BTC,39943.2417
2024-01-01T11:49:31,BTC,39934.2307
2024-01-01T11:49:32,BTC,39923.4629
2024-01-01T11:49:33,BTC,39939.4931
2024-01-01T11:49:34,BTC,39954.6467
2024-01-01T11:49:35,BTC,39929.0985
2024-01-01T11:49:36,BTC,39949.9393
2024-01-01T11:49:37,BTC,39967.0889
2024-01-01T11:49:38,BTC,39954.3977
2024-01-01T11:49:39,BTC,39929.6838
2024-01-01T11:49:40,BTC,39944.2231
2024-01-01T11:49:41,BTC,39939.7477
2024-01-01T11:49:42,BTC,39926.2845
2024-01-01T11:49:43,BTC,39919.6459
2024-01-01T11:49:44,BTC,39891.7007
2024-01-01T11:49:45,BTC,39895.8497
2024-01-01T11:49:46,BTC,39911.1023
2024-01-01T11:49:47,BTC,39915.4933
2024-01-01T11:49:48,BTC,39922.6225
2024-01-01T11:49:49,BTC,39915.1491
2024-01-01T11:49:50,BTC,39922.5467
2024-01-01T11:49:51,BTC,39942.194
2024-01-01T11:49:52,BTC,39915.2226
2024-01-01T11:49:53,BTC,39888.6627
2024-01-01T11:49:54,BTC,39891.5387
2024-01-01T11:49:55,BTC,39887.0209
2024-01-01T11:49:56,BTC,39868.2818
2024-01-01T11:49:57,BTC,39885.8665
2024-01-01T11:49:58,BTC,39891.9177
2024-01-01T11:49:59,BTC,39881.1369
2024-01-01T11:50:00,BTC,39906.9372
2024-01-01T11:50:01,BTC,39887.9153
2024-01-01T11:50:02,BTC,39848.5224
2024-01-01T11:50:03,BTC,39822.4759
2024-01-01T11:50:04,BTC,39811.3178
2024-01-01T11:50:05,BTC,39813.7664
2024-01-01T11:50:06,BTC,39824.2135
2024-01-01T11:50:07,BTC,39811.0086
2024-01-01T11:50:08,BTC,39823.8959
2024-01-01T11:50:09,BTC,39833.8697
2024-01-01T11:50:10,BTC,39818.9225
2024-01-01T11:50:11,BTC,39854.0382
2024-01-01T11:50:12,BTC,39885.2797
2024-01-01T11:50:13,BTC,39882.8475
2024-01-01T11:50:14,BTC,39899.3642
2024-01-01T11:50:15,BTC,39893.6689
2024-01-01T11:50:16,BTC,39891.8283
2024-01-01T11:50:17,BTC,39882.9606
2024-01-01T11:50:18,BTC,39889.6072
2024-01-01T11:50:19,BTC,39862.9423
2024-01-01T11:50:20,BTC,39872.8868
2024-01-01T11:50:21,BTC,39874.6125
2024-01-01T11:50:22,BTC,39891.8822
2024-01-01T11:50:23,BTC,39913.8566
2024-01-01T11:50:24,BTC,39919.1366
2024-01-01T11:50:25,BTC,39924.9339
2024-01-01T11:50:26,BTC,39912.7803
2024-01-01T11:50:27,BTC,39883.8534
2024-01-01T11:50:28,BTC,39890.0328
2024-01-01T11:50:29,BTC,39910.4645
2024-01-01T11:50:30,BTC,39924.9887
2024-01-01T11:50:31,BTC,39919.1388
2024-01-01T11:50:32,BTC,39899.9842
2024-01-01T11:50:33,BTC,39898.1196
2024-01-01T11:50:34,BTC,39908.5232
2024-01-01T11:50:35,BTC,39903.1955
2024-01-01T11:50:36,BTC,39917.2276
2024-01-01T11:50:37,BTC,39925.8171
2024-01-01T11:50:38,BTC,39902.4274
2024-01-01T11:50:39,BTC,39887.1995
2024-01-01T11:50:40,BTC,39882.3562
2024-01-01T11:50:41,BTC,39920.1993
2024-01-01T11:50:42,BTC,39927.3185
2024-01-01T11:50:43,BTC,39947.9207
2024-01-01T11:50:44,BTC,39934.7191
2024-01-01T11:50:45,BTC,39913.2126
2024-01-01T11:50:46,BTC,39909.2872
2024-01-01T11:50:47,BTC,39917.6763
2024-01-01T11:50:48,BTC,39925.2247
2024-01-01T11:50:49,BTC,39921.5025
2024-01-01T11:50:50,BTC,39946.7715
2024-01-01T11:50:51,BTC,39957.1448
2024-01-01T11:50:52,BTC,39943.8964
2024-01-01T11:50:53,BTC,39992.8162
2024-01-01T11:50:54,BTC,40007.8956
2024-01-01T11:50:55,BTC,40004.35
2024-01-01T11:50:56,BTC,40008.2723
2024-01-01T11:50:57,BTC,40010.7763
2024-01-01T11:50:58,BTC,39974.0422
2024-01-01T11:50:59,BTC,39962.8239
2024-01-01T11:51:00,BTC,39974.3061
2024-01-01T11:51:01,BTC,39981.601
2024-01-01T11:51:02,BTC,39994.1517
2024-01-01T11:51:03,BTC,40000.0626
2024-01-01T11:51:04,BTC,40043.5634
2024-01-01T11:51:05,BTC,40038.3228
2024-01-01T11:51:06,BTC,40033.0622
2024-01-01T11:51:07,BTC,40027.6274
2024-01-01T11:51:08,BTC,40018.6867
2024-01-01T11:51:09,BTC,40078.9046
2024-01-01T11:51:10,BTC,40074.8344
2024-01-01T11:51:11,BTC,40074.9453
2024-01-01T11:51:12,BTC,40100.7532
2024-01-01T11:51:13,BTC,40091.269
2024-01-01T11:51:14,BTC,40129.011
2024-01-01T11:51:15,BTC,40137.4232
2024-01-01T11:51:16,BTC,40130.4842
2024-01-01T11:51:17,BTC,40140.2451
2024-01-01T11:51:18,BTC,40144.9241
2024-01-01T11:51:19,BTC,40159.4472
2024-01-01T11:51:20,BTC,40147.618
2024-01-01T11:51:21,BTC,40140.8166
2024-01-01T11:51:22,BTC,40182.434
2024-01-01T11:51:23,BTC,40191.9964
2024-01-01T11:51:24,BTC,40180.4495
2024-01-01T11:51:25,BTC,40174.6606
2024-01-01T11:51:26,BTC,40184.945
2024-01-01T11:51:27,BTC,40170.0748
2024-01-01T11:51:28,BTC,40184.7931
2024-01-01T11:51:29,BTC,40190.9643
2024-01-01T11:51:30,BTC,40158.1995
2024-01-01T11:51:31,BTC,40142.9876
2024-01-01T11:51:32,BTC,40143.2061
2024-01-01T11:51:33,BTC,40135.689
2024-01-01T11:51:34,BTC,40137.7047
2024-01-01T11:51:35,BTC,40115.0524
2024-01-01T11:51:36,BTC,40100.6961
2024-01-01T11:51:37,BTC,40119.3723
2024-01-01T11:51:38,BTC,40109.924
2024-01-01T11:51:39,BTC,40088.8852
2024-01-01T11:51:40,BTC,40075.4822
2024-01-01T11:51:41,BTC,40075.1681
2024-01-01T11:51:42,BTC,40077.3172
2024-01-01T11:51:43,BTC,40075.1896
2024-01-01T11:51:44,BTC,40066.4307
2024-01-01T11:51:45,BTC,40077.5654
2024-01-01T11:51:46,BTC,40088.0834
2024-01-01T11:51:47,BTC,40060.5943
2024-01-01T11:51:48,BTC,40108.28
2024-01-01T11:51:49,BTC,40129.3492
2024-01-01T11:51:50,BTC,40129.4142
2024-01-01T11:51:51,BTC,40135.3284
2024-01-01T11:51:52,BTC,40138.8844
2024-01-01T11:51:53,BTC,40162.7764
2024-01-01T11:51:54,BTC,40157.9847
2024-01-01T11:51:55,BTC,40146.6358
2024-01-01T11:51:56,BTC,40146.7098
2024-01-01T11:51:57,BTC,40117.0003
2024-01-01T11:51:58,BTC,40050.8921
2024-01-01T11:51:59,BTC,40049.7883
2024-01-01T11:52:00,BTC,40066.3949
2024-01-01T11:52:01,BTC,40027.4532
2024-01-01T11:52:02,BTC,40008.0824
2024-01-01T11:52:03,BTC,39993.5307
2024-01-01T11:52:04,BTC,40002.0674
2024-01-01T11:52:05,BTC,40022.3614
2024-01-01T11:52:06,BTC,40030.4768
2024-01-01T11:52:07,BTC,40027.2353
2024-01-01T11:52:08,BTC,40032.2783
2024-01-01T11:52:09,BTC,40049.4431
2024-01-01T11:52:10,BTC,40059.5445
2024-01-01T11:52:11,BTC,40049.5506
2024-01-01T11:52:12,BTC,40016.1392
2024-01-01T11:52:13,BTC,40053.3002
2024-01-01T11:52:14,BTC,40011.2449
2024-01-01T11:52:15,BTC,40045.4363
2024-01-01T11:52:16,BTC,40045.5449
2024-01-01T11:52:17,BTC,40058.0881
2024-01-01T11:52:18,BTC,40067.7272
2024-01-01T11:52:19,BTC,40074.5282
2024-01-01T11:52:20,BTC,40085.3498
2024-01-01T11:52:21,BTC,40071.1386
2024-01-01T11:52:22,BTC,40079.9083
2024-01-01T11:52:23,BTC,40045.1065
2024-01-01T11:52:24,BTC,40065.8465
2024-01-01T11:52:25,BTC,40030.6946
2024-01-01T11:52:26,BTC,40015.9762
2024-01-01T11:52:27,BTC,40028.1448
2024-01-01T11:52:28,BTC,40061.9239
2024-01-01T11:52:29,BTC,40073.457
2024-01-01T11:52:30,BTC,40030.5794
2024-01-01T11:52:31,BTC,40036.0365
2024-01-01T11:52:32,BTC,40024.5487
2024-01-01T11:52:33,BTC,40025.7209
2024-01-01T11:52:34,BTC,40062.1063
2024-01-01T11:52:35,BTC,40070.5093
2024-01-01T11:52:36,BTC,40065.4906
2024-01-01T11:52:37,BTC,40034.1658
2024-01-01T11:52:38,BTC,40007.606
2024-01-01T11:52:39,BTC,40004.5538
2024-01-01T11:52:40,BTC,40015.4275
2024-01-01T11:52:41,BTC,40018.0354
2024-01-01T11:52:42,BTC,39999.9792
2024-01-01T11:52:43,BTC,40016.398
2024-01-01T11:52:44,BTC,39995.8237
2024-01-01T11:52:45,BTC,39992.3724
2024-01-01T11:52:46,BTC,40018.663
2024-01-01T11:52:47,BTC,40000.3154
2024-01-01T11:52:48,BTC,39995.5504
2024-01-01T11:52:49,BTC,40003.4149
2024-01-01T11:52:50,BTC,39961.9704
2024-01-01T11:52:51,BTC,39964.607
2024-01-01T11:52:52,BTC,39968.1556
2024-01-01T11:52:53,BTC,39932.36
2024-01-01T11:52:54,BTC,39937.2626
2024-01-01T11:52:55,BTC,39902.589
2024-01-01T11:52:56,BTC,39931.9487
2024-01-01T11:52:57,BTC,39933.9796
2024-01-01T11:52:58,BTC,39909.1198
2024-01-01T11:52:59,BTC,39869.0938
2024-01-01T11:53:00,BTC,39905.9616
2024-01-01T11:53:01,BTC,39907.1478
2024-01-01T11:53:02,BTC,39941.9198
2024-01-01T11:53:03,BTC,39908.6342
2024-01-01T11:53:04,BTC,39914.6494
2024-01-01T11:53:05,BTC,39924.9417
2024-01-01T11:53:06,BTC,39918.9254
2024-01-01T11:53:07,BTC,39893.0314
2024-01-01T11:53:08,BTC,39894.7466
2024-01-01T11:53:09,BTC,39888.7413
2024-01-01T11:53:10,BTC,39913.6533
2024-01-01T11:53:11,BTC,39905.3189
2024-01-01T11:53:12,BTC,39904.2389
2024-01-01T11:53:13,BTC,39906.7319
2024-01-01T11:53:14,BTC,39936.5612
2024-01-01T11:53:15,BTC,39949.1706
2024-01-01T11:53:16,BTC,39963.1198
2024-01-01T11:53:17,BTC,39937.6855
2024-01-01T11:53:18,BTC,39978.7395
2024-01-01T11:53:19,BTC,39951.6406
2024-01-01T11:53:20,BTC,39954.0547
2024-01-01T11:53:21,BTC,39927.1921
2024-01-01T11:53:22,BTC,39948.0134
2024-01-01T11:53:23,BTC,39931.1925
2024-01-01T11:53:24,BTC,39900.6174
2024-01-01T11:53:25,BTC,39893.131
2024-01-01T11:53:26,BTC,39905.8779
2024-01-01T11:53:27,BTC,39917.8311
2024-01-01T11:53:28,BTC,39874.3222
2024-01-01T11:53:29,BTC,39840.5732
2024-01-01T11:53:30,BTC,39841.3418
2024-01-01T11:53:31,BTC,39869.7802
2024-01-01T11:53:32,BTC,39883.3258
2024-01-01T11:53:33,BTC,39857.1058
2024-01-01T11:53:34,BTC,39822.6046
2024-01-01T11:53:35,BTC,39809.6746
2024-01-01T11:53:36,BTC,39790.8213
2024-01-01T11:53:37,BTC,39810.4438
2024-01-01T11:53:38,BTC,39821.6686
2024-01-01T11:53:39,BTC,39789.4693
2024-01-01T11:53:40,BTC,39784.3153
2024-01-01T11:53:41,BTC,39774.3232
2024-01-01T11:53:42,BTC,39762.0514
2024-01-01T11:53:43,BTC,39784.9035
2024-01-01T11:53:44,BTC,39791.0092
2024-01-01T11:53:45,BTC,39811.9423
2024-01-01T11:53:46,BTC,39806.7073
2024-01-01T11:53:47,BTC,39835.3689
2024-01-01T11:53:48,BTC,39787.158
2024-01-01T11:53:49,BTC,39760.6319
2024-01-01T11:53:50,BTC,39744.1659
2024-01-01T11:53:51,BTC,39730.7251
2024-01-01T11:53:52,BTC,39722.8614
2024-01-01T11:53:53,BTC,39732.3199
2024-01-01T11:53:54,BTC,39738.2346
2024-01-01T11:53:55,BTC,39755.8108
2024-01-01T11:53:56,BTC,39751.2424
2024-01-01T11:53:57,BTC,39739.8902
2024-01-01T11:53:58,BTC,39720.9944
2024-01-01T11:53:59,BTC,39735.5204
2024-01-01T11:54:00,BTC,39753.527
2024-01-01T11:54:01,BTC,39769.824
2024-01-01T11:54:02,BTC,39739.3752
2024-01-01T11:54:03,BTC,39745.2842
2024-01-01T11:54:04,BTC,39754.122
2024-01-01T11:54:05,BTC,39767.068
2024-01-01T11:54:06,BTC,39761.4587
2024-01-01T11:54:07,BTC,39785.7935
2024-01-01T11:54:08,BTC,39799.9173
2024-01-01T11:54:09,BTC,39803.3594
2024-01-01T11:54:10,BTC,39787.1438
2024-01-01T11:54:11,BTC,39730.1126
2024-01-01T11:54:12,BTC,39754.2525
2024-01-01T11:54:13,BTC,39753.0645
2024-01-01T11:54:14,BTC,39761.5082
2024-01-01T11:54:15,BTC,39771.2324
2024-01-01T11:54:16,BTC,39771.6624
2024-01-01T11:54:17,BTC,39777.1106
2024-01-01T11:54:18,BTC,39764.1103
2024-01-01T11:54:19,BTC,39791.5141
2024-01-01T11:54:20,BTC,39829.4259
2024-01-01T11:54:21,BTC,39846.2262
2024-01-01T11:54:22,BTC,39832.0124
2024-01-01T11:54:23,BTC,39791.73
2024-01-01T11:54:24,BTC,39815.2663
2024-01-01T11:54:25,BTC,39807.9762
2024-01-01T11:54:26,BTC,39786.2468
2024-01-01T11:54:27,BTC,39789.4065
2024-01-01T11:54:28,BTC,39809.4996
2024-01-01T11:54:29,BTC,39818.7737
2024-01-01T11:54:30,BTC,39829.233
2024-01-01T11:54:31,BTC,39867.9574
2024-01-01T11:54:32,BTC,39870.2614
2024-01-01T11:54:33,BTC,39868.9166
2024-01-01T11:54:34,BTC,39877.9168
2024-01-01T11:54:35,BTC,39868.9538
2024-01-01T11:54:36,BTC,39879.4693
2024-01-01T11:54:37,BTC,39921.8454
2024-01-01T11:54:38,BTC,39926.3604
2024-01-01T11:54:39,BTC,39934.589
2024-01-01T11:54:40,BTC,39916.7195
2024-01-01T11:54:41,BTC,39891.0996
2024-01-01T11:54:42,BTC,39906.8561
2024-01-01T11:54:43,BTC,39870.7202
2024-01-01T11:54:44,BTC,39888.9629
2024-01-01T11:54:45,BTC,39894.7392
2024-01-01T11:54:46,BTC,39916.2743
2024-01-01T11:54:47,BTC,39876.1796
2024-01-01T11:54:48,BTC,39892.7394
2024-01-01T11:54:49,BTC,39919.6547
2024-01-01T11:54:50,BTC,39913.3012
2024-01-01T11:54:51,BTC,39905.534
2024-01-01T11:54:52,BTC,39892.6619
2024-01-01T11:54:53,BTC,39910.7522
2024-01-01T11:54:54,BTC,39960.3042
2024-01-01T11:54:55,BTC,39958.9227
2024-01-01T11:54:56,BTC,39974.8939
2024-01-01T11:54:57,BTC,39969.975
2024-01-01T11:54:58,BTC,39948.4823
2024-01-01T11:54:59,BTC,39947.4324
2024-01-01T11:55:00,BTC,39934.0212
2024-01-01T17:52:00,BTC,39928.8438
2024-01-01T17:52:01,BTC,39961.7552
2024-01-01T17:52:02,BTC,39941.6366
2024-01-01T17:52:03,BTC,39975.1167
2024-01-01T17:52:04,BTC,39996.3438
2024-01-01T17:52:05,BTC,40002.3653
2024-01-01T17:52:06,BTC,39979.656
2024-01-01T17:52:07,BTC,39967.7555
2024-01-01T17:52:08,BTC,39979.5411
2024-01-01T17:52:09,BTC,39994.0021
2024-01-01T17:52:10,BTC,39986.8631
2024-01-01T17:52:11,BTC,39979.6158
2024-01-01T17:52:12,BTC,39936.9051
2024-01-01T17:52:13,BTC,39931.1926
2024-01-01T17:52:14,BTC,39957.4609
2024-01-01T17:52:15,BTC,39948.4462
2024-01-01T17:52:16,BTC,39978.5485
2024-01-01T17:52:17,BTC,40000.0241
2024-01-01T17:52:18,BTC,40030.4577
2024-01-01T17:52:19,BTC,40062.3417
2024-01-01T17:52:20,BTC,40062.7029
2024-01-01T17:52:21,BTC,40029.3201
2024-01-01T17:52:22,BTC,40039.4341
2024-01-01T17:52:23,BTC,40035.5631
2024-01-01T17:52:24,BTC,40054.3195
2024-01-01T17:52:25,BTC,40030.2971
2024-01-01T17:52:26,BTC,40078.9952
2024-01-01T17:52:27,BTC,40040.1098
2024-01-01T17:52:28,BTC,40062.6656
2024-01-01T17:52:29,BTC,40076.9135
2024-01-01T17:52:30,BTC,40086.9522
2024-01-01T17:52:31,BTC,40073.3712
2024-01-01T17:52:32,BTC,40057.1247
2024-01-01T17:52:33,BTC,40041.8522
2024-01-01T17:52:34,BTC,40059.8544
2024-01-01T17:52:35,BTC,40080.4485
2024-01-01T17:52:36,BTC,40059.0129
2024-01-01T17:52:37,BTC,40068.354
2024-01-01T17:52:38,BTC,40082.3793
2024-01-01T17:52:39,BTC,40077.4546
2024-01-01T17:52:40,BTC,40059.4772
2024-01-01T17:52:41,BTC,40045.1803
2024-01-01T17:52:42,BTC,40046.9391
2024-01-01T17:52:43,BTC,40007.5814
2024-01-01T17:52:44,BTC,40009.0935
2024-01-01T17:52:45,BTC,39979.3821
2024-01-01T17:52:46,BTC,40008.8725
2024-01-01T17:52:47,BTC,40031.6474
2024-01-01T17:52:48,BTC,40047.0987
2024-01-01T17:52:49,BTC,40038.7885
2024-01-01T17:52:50,BTC,40052.5877
2024-01-01T17:52:51,BTC,40071.5243
2024-01-01T17:52:52,BTC,40129.1772
2024-01-01T17:52:53,BTC,40144.1579
2024-01-01T17:52:54,BTC,40186.6317
2024-01-01T17:52:55,BTC,40198.3695
2024-01-01T17:52:56,BTC,40203.2291
2024-01-01T17:52:57,BTC,40211.8991
2024-01-01T17:52:58,BTC,40226.3889
2024-01-01T17:52:59,BTC,40220.907
2024-01-01T17:53:00,BTC,40219.6567
2024-01-01T17:53:01,BTC,40244.6897
2024-01-01T17:53:02,BTC,40276.7152
2024-01-01T17:53:03,BTC,40279.8011
2024-01-01T17:53:04,BTC,40271.2434
2024-01-01T17:53:05,BTC,40265.3353
2024-01-01T17:53:06,BTC,40274.382
2024-01-01T17:53:07,BTC,40250.5434
2024-01-01T17:53:08,BTC,40216.6873
2024-01-01T17:53:09,BTC,40243.6841
2024-01-01T17:53:10,BTC,40245.8564
2024-01-01T17:53:11,BTC,40238.8039
2024-01-01T17:53:12,BTC,40252.3366
2024-01-01T17:53:13,BTC,40230.395
2024-01-01T17:53:14,BTC,40251.5009
2024-01-01T17:53:15,BTC,40246.5429
2024-01-01T17:53:16,BTC,40223.0192
2024-01-01T17:53:17,BTC,40243.1148
2024-01-01T17:53:18,BTC,40255.0241
2024-01-01T17:53:19,BTC,40269.8912
2024-01-01T17:53:20,BTC,40270.6157
2024-01-01T17:53:21,BTC,40274.9123
2024-01-01T17:53:22,BTC,40269.7158
2024-01-01T17:53:23,BTC,40297.2635
2024-01-01T17:53:24,BTC,40296.6675
2024-01-01T17:53:25,BTC,40298.1056
2024-01-01T17:53:26,BTC,40322.2627
2024-01-01T17:53:27,BTC,40349.198
2024-01-01T17:53:28,BTC,40341.3156
2024-01-01T17:53:29,BTC,40353.4402
2024-01-01T17:53:30,BTC,40352.7155
2024-01-01T17:53:31,BTC,40398.2518
2024-01-01T17:53:32,BTC,40396.4614
2024-01-01T17:53:33,BTC,40391.3069
2024-01-01T17:53:34,BTC,40372.0478
2024-01-01T17:53:35,BTC,40371.4811
2024-01-01T17:53:36,BTC,40402.7806
2024-01-01T17:53:37,BTC,40406.0811
2024-01-01T17:53:38,BTC,40424.2385
2024-01-01T17:53:39,BTC,40396.4154
2024-01-01T17:53:40,BTC,40405.1986
2024-01-01T17:53:41,BTC,40416.8092
2024-01-01T17:53:42,BTC,40486.4563
2024-01-01T17:53:43,BTC,40504.6465
2024-01-01T17:53:44,BTC,40541.3385
2024-01-01T17:53:45,BTC,40541.9459
2024-01-01T17:53:46,BTC,40541.7188
2024-01-01T17:53:47,BTC,40548.2903
2024-01-01T17:53:48,BTC,40551.4768
2024-01-01T17:53:49,BTC,40578.0354
2024-01-01T17:53:50,BTC,40577.7016
2024-01-01T17:53:51,BTC,40599.1498
2024-01-01T17:53:52,BTC,40612.8956
2024-01-01T17:53:53,BTC,40603.1243
2024-01-01T17:53:54,BTC,40620.8316
2024-01-01T17:53:55,BTC,40615.5628
2024-01-01T17:53:56,BTC,40630.1372
2024-01-01T17:53:57,BTC,40610.1926
2024-01-01T17:53:58,BTC,40604.3717
2024-01-01T17:53:59,BTC,40577.1833
2024-01-01T17:54:00,BTC,40589.9355
2024-01-01T17:54:01,BTC,40654.7846
2024-01-01T17:54:02,BTC,40651.1362
2024-01-01T17:54:03,BTC,40628.1044
2024-01-01T17:54:04,BTC,40652.0746
2024-01-01T17:54:05,BTC,40656.2149
2024-01-01T17:54:06,BTC,40677.6621
2024-01-01T17:54:07,BTC,40651.6155
2024-01-01T17:54:08,BTC,40676.2916
2024-01-01T17:54:09,BTC,40705.661
2024-01-01T17:54:10,BTC,40690.1154
2024-01-01T17:54:11,BTC,40705.6312
2024-01-01T17:54:12,BTC,40679.0076
2024-01-01T17:54:13,BTC,40720.0179
2024-01-01T17:54:14,BTC,40699.8588
2024-01-01T17:54:15,BTC,40679.8459
2024-01-01T17:54:16,BTC,40683.2259
2024-01-01T17:54:17,BTC,40702.5815
2024-01-01T17:54:18,BTC,40693.5554
2024-01-01T17:54:19,BTC,40721.0299
2024-01-01T17:54:20,BTC,40754.5686
2024-01-01T17:54:21,BTC,40722.4972
2024-01-01T17:54:22,BTC,40757.3832
2024-01-01T17:54:23,BTC,40751.9548
2024-01-01T17:54:24,BTC,40790.3266
2024-01-01T17:54:25,BTC,40825.2053
2024-01-01T17:54:26,BTC,40815.9849
2024-01-01T17:54:27,BTC,40794.2511
2024-01-01T17:54:28,BTC,40812.3428
2024-01-01T17:54:29,BTC,40834.7912
2024-01-01T17:54:30,BTC,40826.6557
2024-01-01T17:54:31,BTC,40812.0256
2024-01-01T17:54:32,BTC,40834.0175
2024-01-01T17:54:33,BTC,40847.3228
2024-01-01T17:54:34,BTC,40851.6611
2024-01-01T17:54:35,BTC,40853.612
2024-01-01T17:54:36,BTC,40853.5807
2024-01-01T17:54:37,BTC,40846.9461
2024-01-01T17:54:38,BTC,40840.7135
2024-01-01T17:54:39,BTC,40840.9
2024-01-01T17:54:40,BTC,40874.0644
2024-01-01T17:54:41,BTC,40899.1962
2024-01-01T17:54:42,BTC,40935.8257
2024-01-01T17:54:43,BTC,40966.5135
2024-01-01T17:54:44,BTC,40976.4875
2024-01-01T17:54:45,BTC,40974.2573
2024-01-01T17:54:46,BTC,41020.5103
2024-01-01T17:54:47,BTC,41068.1056
2024-01-01T17:54:48,BTC,41102.0789
2024-01-01T17:54:49,BTC,41131.7716
2024-01-01T17:54:50,BTC,41170.7961
2024-01-01T17:54:51,BTC,41158.7041
2024-01-01T17:54:52,BTC,41183.0031
2024-01-01T17:54:53,BTC,41188.1738
2024-01-01T17:54:54,BTC,41171.8813
2024-01-01T17:54:55,BTC,41179.2938
2024-01-01T17:54:56,BTC,41175.4293
2024-01-01T17:54:57,BTC,41144.6458
2024-01-01T17:54:58,BTC,41138.5675
2024-01-01T17:54:59,BTC,41190.9904
2024-01-01T17:55:00,BTC,41192.8418
2024-01-01T17:55:01,BTC,41239.929
2024-01-01T17:55:02,BTC,41242.6908
2024-01-01T17:55:03,BTC,41241.2288
2024-01-01T17:55:04,BTC,41223.7047
2024-01-01T17:55:05,BTC,41212.0381
2024-01-01T17:55:06,BTC,41217.6893
2024-01-01T17:55:07,BTC,41218.2543
2024-01-01T17:55:08,BTC,41200.7702
2024-01-01T17:55:09,BTC,41229.1734
2024-01-01T17:55:10,BTC,41263.1362
2024-01-01T17:55:11,BTC,41255.6925
2024-01-01T17:55:12,BTC,41263.4586
2024-01-01T17:55:13,BTC,41304.5318
2024-01-01T17:55:14,BTC,41329.6737
2024-01-01T17:55:15,BTC,41320.689
2024-01-01T17:55:16,BTC,41316.8666
2024-01-01T17:55:17,BTC,41309.9698
2024-01-01T17:55:18,BTC,41332.4987
2024-01-01T17:55:19,BTC,41367.6713
2024-01-01T17:55:20,BTC,41346.4783
2024-01-01T17:55:21,BTC,41403.4735
2024-01-01T17:55:22,BTC,41388.1673
2024-01-01T17:55:23,BTC,41383.8028
2024-01-01T17:55:24,BTC,41352.9974
2024-01-01T17:55:25,BTC,41342.5711
2024-01-01T17:55:26,BTC,41342.7079
2024-01-01T17:55:27,BTC,41365.5367
2024-01-01T17:55:28,BTC,41349.5581
2024-01-01T17:55:29,BTC,41350.5498
2024-01-01T17:55:30,BTC,41324.9207
2024-01-01T17:55:31,BTC,41338.9172
2024-01-01T17:55:32,BTC,41333.3121
2024-01-01T17:55:33,BTC,41337.5104
2024-01-01T17:55:34,BTC,41344.2699
2024-01-01T17:55:35,BTC,41380.9249
2024-01-01T17:55:36,BTC,41366.5236
2024-01-01T17:55:37,BTC,41383.6356
2024-01-01T17:55:38,BTC,41341.2515
2024-01-01T17:55:39,BTC,41358.5563
2024-01-01T17:55:40,BTC,41380.7331
2024-01-01T17:55:41,BTC,41380.9623
2024-01-01T17:55:42,BTC,41375.4067
2024-01-01T17:55:43,BTC,41345.3165
2024-01-01T17:55:44,BTC,41367.1602
2024-01-01T17:55:45,BTC,41358.7887
2024-01-01T17:55:46,BTC,41396.3972
2024-01-01T17:55:47,BTC,41400.4429
2024-01-01T17:55:48,BTC,41392.059
2024-01-01T17:55:49,BTC,41409.3526
2024-01-01T17:55:50,BTC,41383.5464
2024-01-01T17:55:51,BTC,41365.1486
2024-01-01T17:55:52,BTC,41346.62
2024-01-01T17:55:53,BTC,41334.7775
2024-01-01T17:55:54,BTC,41350.1311
2024-01-01T17:55:55,BTC,41353.9304
2024-01-01T17:55:56,BTC,41392.9417
2024-01-01T17:55:57,BTC,41419.8719
2024-01-01T17:55:58,BTC,41419.7463
2024-01-01T17:55:59,BTC,41449.9706
2024-01-01T17:56:00,BTC,41506.8132
2024-01-01T17:56:01,BTC,41468.5553
2024-01-01T17:56:02,BTC,41479.223
2024-01-01T17:56:03,BTC,41433.7863
2024-01-01T17:56:04,BTC,41456.4919
2024-01-01T17:56:05,BTC,41450.9165
2024-01-01T17:56:06,BTC,41449.1654
2024-01-01T17:56:07,BTC,41453.6798
2024-01-01T17:56:08,BTC,41504.8516
2024-01-01T17:56:09,BTC,41500.0861
2024-01-01T17:56:10,BTC,41486.7393
2024-01-01T17:56:11,BTC,41529.4049
2024-01-01T17:56:12,BTC,41535.2289
2024-01-01T17:56:13,BTC,41550.0798
2024-01-01T17:56:14,BTC,41575.5594
2024-01-01T17:56:15,BTC,41535.723
2024-01-01T17:56:16,BTC,41492.8736
2024-01-01T17:56:17,BTC,41532.6144
2024-01-01T17:56:18,BTC,41512.027
2024-01-01T17:56:19,BTC,41556.4513
2024-01-01T17:56:20,BTC,41576.5671
2024-01-01T17:56:21,BTC,41577.2034
2024-01-01T17:56:22,BTC,41585.0907
2024-01-01T17:56:23,BTC,41581.0358
2024-01-01T17:56:24,BTC,41596.9706
2024-01-01T17:56:25,BTC,41616.9562
2024-01-01T17:56:26,BTC,41657.0527
2024-01-01T17:56:27,BTC,41667.4397
2024-01-01T17:56:28,BTC,41655.9129
2024-01-01T17:56:29,BTC,41637.9488
2024-01-01T17:56:30,BTC,41616.9372
2024-01-01T17:56:31,BTC,41638.4926
2024-01-01T17:56:32,BTC,41646.6198
2024-01-01T17:56:33,BTC,41607.8926
2024-01-01T17:56:34,BTC,41607.0083
2024-01-01T17:56:35,BTC,41612.086
2024-01-01T17:56:36,BTC,41610.9571
2024-01-01T17:56:37,BTC,41654.8931
2024-01-01T17:56:38,BTC,41649.9247
2024-01-01T17:56:39,BTC,41676.8064
2024-01-01T17:56:40,BTC,41686.0939
2024-01-01T17:56:41,BTC,41699.8756
2024-01-01T17:56:42,BTC,41715.5425
2024-01-01T17:56:43,BTC,41712.5833
2024-01-01T17:56:44,BTC,41739.4205
2024-01-01T17:56:45,BTC,41738.801
2024-01-01T17:56:46,BTC,41730.1134
2024-01-01T17:56:47,BTC,41689.2885
2024-01-01T17:56:48,BTC,41711.8351
2024-01-01T17:56:49,BTC,41690.7157
2024-01-01T17:56:50,BTC,41689.3082
2024-01-01T17:56:51,BTC,41712.4591
2024-01-01T17:56:52,BTC,41702.2834
2024-01-01T17:56:53,BTC,41701.1087
2024-01-01T17:56:54,BTC,41702.6206
2024-01-01T17:56:55,BTC,41708.4816
2024-01-01T17:56:56,BTC,41753.072
2024-01-01T17:56:57,BTC,41775.9754
2024-01-01T17:56:58,BTC,41745.0635
2024-01-01T17:56:59,BTC,41709.865
2024-01-01T17:57:00,BTC,41729.3926
2024-01-01T17:57:01,BTC,41708.1818
2024-01-01T17:57:02,BTC,41710.2149
2024-01-01T17:57:03,BTC,41713.3563
2024-01-01T17:57:04,BTC,41717.6299
2024-01-01T17:57:05,BTC,41740.7091
2024-01-01T17:57:06,BTC,41764.9518
2024-01-01T17:57:07,BTC,41769.547
2024-01-01T17:57:08,BTC,41756.1366
2024-01-01T17:57:09,BTC,41719.6795
2024-01-01T17:57:10,BTC,41708.9991
2024-01-01T17:57:11,BTC,41745.8917
2024-01-01T17:57:12,BTC,41743.7216
2024-01-01T17:57:13,BTC,41730.8068
2024-01-01T17:57:14,BTC,41737.7916
2024-01-01T17:57:15,BTC,41756.0131
2024-01-01T17:57:16,BTC,41766.6143
2024-01-01T17:57:17,BTC,41773.7168
2024-01-01T17:57:18,BTC,41733.3583
2024-01-01T17:57:19,BTC,41735.623
2024-01-01T17:57:20,BTC,41761.7193
2024-01-01T17:57:21,BTC,41805.2188
2024-01-01T17:57:22,BTC,41779.0549
2024-01-01T17:57:23,BTC,41752.0699
2024-01-01T17:57:24,BTC,41740.979
2024-01-01T17:57:25,BTC,41778.27
2024-01-01T17:57:26,BTC,41797.9225
2024-01-01T17:57:27,BTC,41788.5914
2024-01-01T17:57:28,BTC,41789.0771
2024-01-01T17:57:29,BTC,41787.4078
2024-01-01T17:57:30,BTC,41769.5838
2024-01-01T17:57:31,BTC,41751.1328
2024-01-01T17:57:32,BTC,41775.4874
2024-01-01T17:57:33,BTC,41783.3526
2024-01-01T17:57:34,BTC,41781.154
2024-01-01T17:57:35,BTC,41804.7949
2024-01-01T17:57:36,BTC,41818.683
2024-01-01T17:57:37,BTC,41802.1174
2024-01-01T17:57:38,BTC,41810.4036
2024-01-01T17:57:39,BTC,41813.9123
2024-01-01T17:57:40,BTC,41851.83
2024-01-01T17:57:41,BTC,41895.8108
2024-01-01T17:57:42,BTC,41903.462
2024-01-01T17:57:43,BTC,41875.3536
2024-01-01T17:57:44,BTC,41851.8829
2024-01-01T17:57:45,BTC,41851.9189
2024-01-01T17:57:46,BTC,41871.95
2024-01-01T17:57:47,BTC,41885.3381
2024-01-01T17:57:48,BTC,41902.0665
2024-01-01T17:57:49,BTC,41866.6637
2024-01-01T17:57:50,BTC,41862.0813
2024-01-01T17:57:51,BTC,41855.5855
2024-01-01T17:57:52,BTC,41861.951
2024-01-01T17:57:53,BTC,41850.5246
2024-01-01T17:57:54,BTC,41869.912
2024-01-01T17:57:55,BTC,41855.944
2024-01-01T17:57:56,BTC,41842.8457
2024-01-01T17:57:57,BTC,41860.4297
2024-01-01T17:57:58,BTC,41883.6343
2024-01-01T17:57:59,BTC,41889.3302
2024-01-01T17:58:00,BTC,41885.6382
2024-01-01T19:15:00,BTC,41892.3249
2024-01-01T19:15:01,BTC,41906.5713
2024-01-01T19:15:02,BTC,41900.372
2024-01-01T19:15:03,BTC,41873.1651
2024-01-01T19:15:04,BTC,41839.7667
2024-01-01T19:15:05,BTC,41799.413
2024-01-01T19:15:06,BTC,41759.7427
2024-01-01T19:15:07,BTC,41781.3131
2024-01-01T19:15:08,BTC,41780.5614
2024-01-01T19:15:09,BTC,41779.3076
2024-01-01T19:15:10,BTC,41747.7832
2024-01-01T19:15:11,BTC,41745.0994
2024-01-01T19:15:12,BTC,41749.0744
2024-01-01T19:15:13,BTC,41714.006
2024-01-01T19:15:14,BTC,41722.43
2024-01-01T19:15:15,BTC,41746.2377
2024-01-01T19:15:16,BTC,41723.7585
2024-01-01T19:15:17,BTC,41720.7612
2024-01-01T19:15:18,BTC,41713.9836
2024-01-01T19:15:19,BTC,41713.9433
2024-01-01T19:15:20,BTC,41702.6518
2024-01-01T19:15:21,BTC,41713.2629
2024-01-01T19:15:22,BTC,41703.1876
2024-01-01T19:15:23,BTC,41700.687
2024-01-01T19:15:24,BTC,41679.4505
2024-01-01T19:15:25,BTC,41654.7661
2024-01-01T19:15:26,BTC,41640.7079
2024-01-01T19:15:27,BTC,41611.952
2024-01-01T19:15:28,BTC,41604.1566
2024-01-01T19:15:29,BTC,41564.5907
2024-01-01T19:15:30,BTC,41594.0317
2024-01-01T19:15:31,BTC,41609.7797
2024-01-01T19:15:32,BTC,41620.3616
2024-01-01T19:15:33,BTC,41599.7862
2024-01-01T19:15:34,BTC,41545.6559
2024-01-01T19:15:35,BTC,41511.9782
2024-01-01T19:15:36,BTC,41491.9384
2024-01-01T19:15:37,BTC,41441.549
2024-01-01T19:15:38,BTC,41417.7971
2024-01-01T19:15:39,BTC,41406.0832
2024-01-01T19:15:40,BTC,41398.9276
2024-01-01T19:15:41,BTC,41397.6011
2024-01-01T19:15:42,BTC,41380.2824
2024-01-01T19:15:43,BTC,41376.2042
2024-01-01T19:15:44,BTC,41373.5069
2024-01-01T19:15:45,BTC,41402.9731
2024-01-01T19:15:46,BTC,41382.2854
2024-01-01T19:15:47,BTC,41381.6079
2024-01-01T19:15:48,BTC,41396.8339
2024-01-01T19:15:49,BTC,41374.068
2024-01-01T19:15:50,BTC,41357.7385
2024-01-01T19:15:51,BTC,41404.2252
2024-01-01T19:15:52,BTC,41392.0395
2024-01-01T19:15:53,BTC,41378.0473
2024-01-01T19:15:54,BTC,41338.3053
2024-01-01T19:15:55,BTC,41354.6478
2024-01-01T19:15:56,BTC,41320.298
2024-01-01T19:15:57,BTC,41295.6972
2024-01-01T19:15:58,BTC,41280.0826
2024-01-01T19:15:59,BTC,41274.4912
2024-01-01T19:16:00,BTC,41245.2491
2024-01-01T19:16:01,BTC,41230.398
2024-01-01T19:16:02,BTC,41201.1387
2024-01-01T19:16:03,BTC,41198.7459
2024-01-01T19:16:04,BTC,41164.3503
2024-01-01T19:16:05,BTC,41160.2504
2024-01-01T19:16:06,BTC,41167.0297
2024-01-01T19:16:07,BTC,41123.3754
2024-01-01T19:16:08,BTC,41106.1166
2024-01-01T19:16:09,BTC,41125.0679
2024-01-01T19:16:10,BTC,41142.0908
2024-01-01T19:16:11,BTC,41101.8223
2024-01-01T19:16:12,BTC,41096.1233
2024-01-01T19:16:13,BTC,41067.231
2024-01-01T19:16:14,BTC,41085.4888
2024-01-01T19:16:15,BTC,41099.1344
2024-01-01T19:16:16,BTC,41069.1431
2024-01-01T19:16:17,BTC,41096.0113
2024-01-01T19:16:18,BTC,41086.8947
2024-01-01T19:16:19,BTC,41061.9947
2024-01-01T19:16:20,BTC,41063.9752
2024-01-01T19:16:21,BTC,41078.0961
2024-01-01T19:16:22,BTC,41069.5037
2024-01-01T19:16:23,BTC,41115.1786
2024-01-01T19:16:24,BTC,41058.0081
2024-01-01T19:16:25,BTC,41060.2823
2024-01-01T19:16:26,BTC,41070.3848
2024-01-01T19:16:27,BTC,41023.9095
2024-01-01T19:16:28,BTC,40998.1231
2024-01-01T19:16:29,BTC,40982.3724
2024-01-01T19:16:30,BTC,40928.0835
2024-01-01T19:16:31,BTC,40856.2516
2024-01-01T19:16:32,BTC,40861.2198
2024-01-01T19:16:33,BTC,40841.7087
2024-01-01T19:16:34,BTC,40860.6394
2024-01-01T19:16:35,BTC,40834.048
2024-01-01T19:16:36,BTC,40861.9586
2024-01-01T19:16:37,BTC,40857.5789
2024-01-01T19:16:38,BTC,40900.6994
2024-01-01T19:16:39,BTC,40890.6156
2024-01-01T19:16:40,BTC,40867.659
2024-01-01T19:16:41,BTC,40872.5208
2024-01-01T19:16:42,BTC,40882.8271
2024-01-01T19:16:43,BTC,40889.4242
2024-01-01T19:16:44,BTC,40912.9684
2024-01-01T19:16:45,BTC,40896.5365
2024-01-01T19:16:46,BTC,40906.5246
2024-01-01T19:16:47,BTC,40939.5206
2024-01-01T19:16:48,BTC,40913.3028
2024-01-01T19:16:49,BTC,40905.5024
2024-01-01T19:16:50,BTC,40910.1195
2024-01-01T19:16:51,BTC,40921.2847
2024-01-01T19:16:52,BTC,40939.2402
2024-01-01T19:16:53,BTC,40943.6494
2024-01-01T19:16:54,BTC,40956.7186
2024-01-01T19:16:55,BTC,40929.3649
2024-01-01T19:16:56,BTC,40905.2017
2024-01-01T19:16:57,BTC,40898.921
2024-01-01T19:16:58,BTC,40868.8064
2024-01-01T19:16:59,BTC,40872.4016
2024-01-01T19:17:00,BTC,40852.8636
2024-01-01T19:17:01,BTC,40842.4196
2024-01-01T19:17:02,BTC,40841.937
2024-01-01T19:17:03,BTC,40878.7724
2024-01-01T19:17:04,BTC,40871.3044
2024-01-01T19:17:05,BTC,40875.0308
2024-01-01T19:17:06,BTC,40874.7121
2024-01-01T19:17:07,BTC,40876.9754
2024-01-01T19:17:08,BTC,40862.0114
2024-01-01T19:17:09,BTC,40846.1859
2024-01-01T19:17:10,BTC,40820.1464
2024-01-01T19:17:11,BTC,40791.6421
2024-01-01T19:17:12,BTC,40786.3439
2024-01-01T19:17:13,BTC,40781.6874
2024-01-01T19:17:14,BTC,40755.9134
2024-01-01T19:17:15,BTC,40775.5561
2024-01-01T19:17:16,BTC,40760.1181
2024-01-01T19:17:17,BTC,40740.5105
2024-01-01T19:17:18,BTC,40714.4128
2024-01-01T19:17:19,BTC,40716.2817
2024-01-01T19:17:20,BTC,40710.653
2024-01-01T19:17:21,BTC,40719.7445
2024-01-01T19:17:22,BTC,40698.9786
2024-01-01T19:17:23,BTC,40668.7754
2024-01-01T19:17:24,BTC,40670.0935
2024-01-01T19:17:25,BTC,40667.1966
2024-01-01T19:17:26,BTC,40671.115
2024-01-01T19:17:27,BTC,40629.8356
2024-01-01T19:17:28,BTC,40662.7481
2024-01-01T19:17:29,BTC,40686.9752
2024-01-01T19:17:30,BTC,40669.4535
2024-01-01T19:17:31,BTC,40653.5784
2024-01-01T19:17:32,BTC,40645.1031
2024-01-01T19:17:33,BTC,40642.5001
2024-01-01T19:17:34,BTC,40632.7926
2024-01-01T19:17:35,BTC,40627.7689
2024-01-01T19:17:36,BTC,40616.0317
2024-01-01T19:17:37,BTC,40624.5757
2024-01-01T19:17:38,BTC,40643.5492
2024-01-01T19:17:39,BTC,40646.2658
2024-01-01T19:17:40,BTC,40631.2889
2024-01-01T19:17:41,BTC,40627.1865
2024-01-01T19:17:42,BTC,40655.3292
2024-01-01T19:17:43,BTC,40642.6686
2024-01-01T19:17:44,BTC,40654.6813
2024-01-01T19:17:45,BTC,40643.2239
2024-01-01T19:17:46,BTC,40613.0907
2024-01-01T19:17:47,BTC,40617.4682
2024-01-01T19:17:48,BTC,40629.4066
2024-01-01T19:17:49,BTC,40659.0219
2024-01-01T19:17:50,BTC,40684.0942
2024-01-01T19:17:51,BTC,40732.8054
2024-01-01T19:17:52,BTC,40764.0837
2024-01-01T19:17:53,BTC,40765.2789
2024-01-01T19:17:54,BTC,40757.3356
2024-01-01T19:17:55,BTC,40743.6014
2024-01-01T19:17:56,BTC,40722.9219
2024-01-01T19:17:57,BTC,40747.4497
2024-01-01T19:17:58,BTC,40721.1042
2024-01-01T19:17:59,BTC,40697.9678
2024-01-01T19:18:00,BTC,40700.764
2024-01-01T19:18:01,BTC,40709.7299
2024-01-01T19:18:02,BTC,40660.4581
2024-01-01T19:18:03,BTC,40653.2539
2024-01-01T19:18:04,BTC,40623.9739
2024-01-01T19:18:05,BTC,40624.4477
2024-01-01T19:18:06,BTC,40604.9021
2024-01-01T19:18:07,BTC,40614.2605
2024-01-01T19:18:08,BTC,40591.7183
2024-01-01T19:18:09,BTC,40606.0095
2024-01-01T19:18:10,BTC,40618.6573
2024-01-01T19:18:11,BTC,40616.0866
2024-01-01T19:18:12,BTC,40576.2874
2024-01-01T19:18:13,BTC,40535.4111
2024-01-01T19:18:14,BTC,40508.2397
2024-01-01T19:18:15,BTC,40489.1299
2024-01-01T19:18:16,BTC,40455.3952
2024-01-01T19:18:17,BTC,40488.6444
2024-01-01T19:18:18,BTC,40478.8652
2024-01-01T19:18:19,BTC,40447.2605
2024-01-01T19:18:20,BTC,40435.0425
2024-01-01T19:18:21,BTC,40431.4871
2024-01-01T19:18:22,BTC,40420.2791
2024-01-01T19:18:23,BTC,40384.3781
2024-01-01T19:18:24,BTC,40363.3729
2024-01-01T19:18:25,BTC,40333.0976
2024-01-01T19:18:26,BTC,40316.1221
2024-01-01T19:18:27,BTC,40287.6245
2024-01-01T19:18:28,BTC,40286.2814
2024-01-01T19:18:29,BTC,40257.413
2024-01-01T19:18:30,BTC,40276.3074
2024-01-01T19:18:31,BTC,40269.0826
2024-01-01T19:18:32,BTC,40307.9689
2024-01-01T19:18:33,BTC,40333.1008
2024-01-01T19:18:34,BTC,40335.5536
2024-01-01T19:18:35,BTC,40354.1918
2024-01-01T19:18:36,BTC,40380.296
2024-01-01T19:18:37,BTC,40343.7554
2024-01-01T19:18:38,BTC,40331.0875
2024-01-01T19:18:39,BTC,40311.7595
2024-01-01T19:18:40,BTC,40298.1029
2024-01-01T19:18:41,BTC,40295.1291
2024-01-01T19:18:42,BTC,40262.0218
2024-01-01T19:18:43,BTC,40254.761
2024-01-01T19:18:44,BTC,40256.3167
2024-01-01T19:18:45,BTC,40234.7774
2024-01-01T19:18:46,BTC,40195.3441
2024-01-01T19:18:47,BTC,40194.705
2024-01-01T19:18:48,BTC,40179.9851
2024-01-01T19:18:49,BTC,40158.4319
2024-01-01T19:18:50,BTC,40113.6994
2024-01-01T19:18:51,BTC,40093.3823
2024-01-01T19:18:52,BTC,40081.2967
2024-01-01T19:18:53,BTC,40078.9461
2024-01-01T19:18:54,BTC,40082.3948
2024-01-01T19:18:55,BTC,40054.8111
2024-01-01T19:18:56,BTC,40038.9176
2024-01-01T19:18:57,BTC,40015.9642
2024-01-01T19:18:58,BTC,40010.0139
2024-01-01T19:18:59,BTC,39989.4671
2024-01-01T19:19:00,BTC,39979.1475
2024-01-01T19:19:01,BTC,39952.4658
2024-01-01T19:19:02,BTC,39953.858
2024-01-01T19:19:03,BTC,39988.2605
2024-01-01T19:19:04,BTC,39967.1443
2024-01-01T19:19:05,BTC,39914.8029
2024-01-01T19:19:06,BTC,39896.6766
2024-01-01T19:19:07,BTC,39889.0888
2024-01-01T19:19:08,BTC,39862.8245
2024-01-01T19:19:09,BTC,39847.7167
2024-01-01T19:19:10,BTC,39851.0229
2024-01-01T19:19:11,BTC,39832.0878
2024-01-01T19:19:12,BTC,39810.6626
2024-01-01T19:19:13,BTC,39833.902
2024-01-01T19:19:14,BTC,39827.9404
2024-01-01T19:19:15,BTC,39784.2967
2024-01-01T19:19:16,BTC,39771.6158
2024-01-01T19:19:17,BTC,39751.3288
2024-01-01T19:19:18,BTC,39769.0673
2024-01-01T19:19:19,BTC,39740.4082
2024-01-01T19:19:20,BTC,39744.8978
2024-01-01T19:19:21,BTC,39780.5922
2024-01-01T19:19:22,BTC,39768.38
2024-01-01T19:19:23,BTC,39768.2199
2024-01-01T19:19:24,BTC,39771.0047
2024-01-01T19:19:25,BTC,39781.5465
2024-01-01T19:19:26,BTC,39769.1826
2024-01-01T19:19:27,BTC,39759.2239
2024-01-01T19:19:28,BTC,39714.4924
2024-01-01T19:19:29,BTC,39716.4799
2024-01-01T19:19:30,BTC,39715.7954
2024-01-01T19:19:31,BTC,39663.9666
2024-01-01T19:19:32,BTC,39654.9067
2024-01-01T19:19:33,BTC,39655.7423
2024-01-01T19:19:34,BTC,39616.8588
2024-01-01T19:19:35,BTC,39615.3166
2024-01-01T19:19:36,BTC,39629.4802
2024-01-01T19:19:37,BTC,39655.5207
2024-01-01T19:19:38,BTC,39653.0197
2024-01-01T19:19:39,BTC,39653.5709
2024-01-01T19:19:40,BTC,39655.717
2024-01-01T19:19:41,BTC,39682.6806
2024-01-01T19:19:42,BTC,39732.2934
2024-01-01T19:19:43,BTC,39709.0135
2024-01-01T19:19:44,BTC,39667.3675
2024-01-01T19:19:45,BTC,39621.1213
2024-01-01T19:19:46,BTC,39605.5874
2024-01-01T19:19:47,BTC,39623.6408
2024-01-01T19:19:48,BTC,39602.8575
2024-01-01T19:19:49,BTC,39598.989
2024-01-01T19:19:50,BTC,39577.4059
2024-01-01T19:19:51,BTC,39562.6701
2024-01-01T19:19:52,BTC,39550.4982
2024-01-01T19:19:53,BTC,39547.5339
2024-01-01T19:19:54,BTC,39524.9543
2024-01-01T19:19:55,BTC,39534.5217
2024-01-01T19:19:56,BTC,39526.7509
2024-01-01T19:19:57,BTC,39547.5688
2024-01-01T19:19:58,BTC,39520.1599
2024-01-01T19:19:59,BTC,39487.5653
2024-01-01T19:20:00,BTC,39482.4307
2024-01-01T19:20:01,BTC,39487.1004
2024-01-01T19:20:02,BTC,39495.1859
2024-01-01T19:20:03,BTC,39510.0426
2024-01-01T19:20:04,BTC,39530.4707
2024-01-01T19:20:05,BTC,39509.6996
2024-01-01T19:20:06,BTC,39478.3595
2024-01-01T19:20:07,BTC,39463.2493
2024-01-01T19:20:08,BTC,39452.3812
2024-01-01T19:20:09,BTC,39461.4715
2024-01-01T19:20:10,BTC,39429.0128
2024-01-01T19:20:11,BTC,39403.5278
2024-01-01T19:20:12,BTC,39388.1205
2024-01-01T19:20:13,BTC,39366.2939
2024-01-01T19:20:14,BTC,39344.2627
2024-01-01T19:20:15,BTC,39308.5465
2024-01-01T19:20:16,BTC,39321.1932
2024-01-01T19:20:17,BTC,39324.0858
2024-01-01T19:20:18,BTC,39335.7326
2024-01-01T19:20:19,BTC,39323.762
2024-01-01T19:20:20,BTC,39334.2203
2024-01-01T19:20:21,BTC,39299.4863
2024-01-01T19:20:22,BTC,39305.515
2024-01-01T19:20:23,BTC,39291.0394
2024-01-01T19:20:24,BTC,39282.004
2024-01-01T19:20:25,BTC,39282.0453
2024-01-01T19:20:26,BTC,39310.132
2024-01-01T19:20:27,BTC,39260.0895
2024-01-01T19:20:28,BTC,39255.2768
2024-01-01T19:20:29,BTC,39281.412
2024-01-01T19:20:30,BTC,39284.1335
2024-01-01T19:20:31,BTC,39299.9698
2024-01-01T19:20:32,BTC,39277.018
2024-01-01T19:20:33,BTC,39263.8409
2024-01-01T19:20:34,BTC,39287.9853
2024-01-01T19:20:35,BTC,39267.6149
2024-01-01T19:20:36,BTC,39292.0848
2024-01-01T19:20:37,BTC,39284.2853
2024-01-01T19:20:38,BTC,39298.004
2024-01-01T19:20:39,BTC,39294.6439
2024-01-01T19:20:40,BTC,39281.0763
2024-01-01T19:20:41,BTC,39274.9068
2024-01-01T19:20:42,BTC,39272.9812
2024-01-01T19:20:43,BTC,39282.7534
2024-01-01T19:20:44,BTC,39274.4912
2024-01-01T19:20:45,BTC,39266.5393
2024-01-01T19:20:46,BTC,39286.5982
2024-01-01T19:20:47,BTC,39263.5755
2024-01-01T19:20:48,BTC,39261.3823
2024-01-01T19:20:49,BTC,39280.2716
2024-01-01T19:20:50,BTC,39272.0726
2024-01-01T19:20:51,BTC,39252.3026
2024-01-01T19:20:52,BTC,39267.4841
2024-01-01T19:20:53,BTC,39276.8334
2024-01-01T19:20:54,BTC,39281.117
2024-01-01T19:20:55,BTC,39273.6944
2024-01-01T19:20:56,BTC,39253.3728
2024-01-01T19:20:57,BTC,39256.6808
2024-01-01T19:20:58,BTC,39233.5806
2024-01-01T19:20:59,BTC,39217.327
2024-01-01T19:21:00,BTC,39209.6217
2024-01-01T23:41:00,BTC,39184.4496
2024-01-01T23:41:01,BTC,39219.1713
2024-01-01T23:41:02,BTC,39207.1699
2024-01-01T23:41:03,BTC,39221.6052
2024-01-01T23:41:04,BTC,39203.4684
2024-01-01T23:41:05,BTC,39225.871
2024-01-01T23:41:06,BTC,39207.0696
2024-01-01T23:41:07,BTC,39235.4455
2024-01-01T23:41:08,BTC,39236.1816
2024-01-01T23:41:09,BTC,39258.1744
2024-01-01T23:41:10,BTC,39262.2577
2024-01-01T23:41:11,BTC,39278.2101
2024-01-01T23:41:12,BTC,39302.6755
2024-01-01T23:41:13,BTC,39316.7081
2024-01-01T23:41:14,BTC,39302.4756
2024-01-01T23:41:15,BTC,39257.3765
2024-01-01T23:41:16,BTC,39246.1649
2024-01-01T23:41:17,BTC,39268.3605
2024-01-01T23:41:18,BTC,39271.9983
2024-01-01T23:41:19,BTC,39272.8387
2024-01-01T23:41:20,BTC,39263.4291
2024-01-01T23:41:21,BTC,39319.7483
2024-01-01T23:41:22,BTC,39337.5817
2024-01-01T23:41:23,BTC,39335.2898
2024-01-01T23:41:24,BTC,39309.6166
2024-01-01T23:41:25,BTC,39333.2409
2024-01-01T23:41:26,BTC,39329.045
2024-01-01T23:41:27,BTC,39344.1536
2024-01-01T23:41:28,BTC,39322.8999
2024-01-01T23:41:29,BTC,39272.2641
2024-01-01T23:41:30,BTC,39284.3232
2024-01-01T23:41:31,BTC,39311.2363
2024-01-01T23:41:32,BTC,39317.6835
2024-01-01T23:41:33,BTC,39321.8086
2024-01-01T23:41:34,BTC,39330.0532
2024-01-01T23:41:35,BTC,39323.519
2024-01-01T23:41:36,BTC,39328.8255
2024-01-01T23:41:37,BTC,39354.1956
2024-01-01T23:41:38,BTC,39354.8476
2024-01-01T23:41:39,BTC,39364.304
2024-01-01T23:41:40,BTC,39379.2312
2024-01-01T23:41:41,BTC,39382.5418
2024-01-01T23:41:42,BTC,39358.8528
2024-01-01T23:41:43,BTC,39383.2206
2024-01-01T23:41:44,BTC,39393.6089
2024-01-01T23:41:45,BTC,39398.8185
2024-01-01T23:41:46,BTC,39405.0725
2024-01-01T23:41:47,BTC,39422.7842
2024-01-01T23:41:48,BTC,39428.1846
2024-01-01T23:41:49,BTC,39427.8178
2024-01-01T23:41:50,BTC,39422.7974
2024-01-01T23:41:51,BTC,39457.952
2024-01-01T23:41:52,BTC,39472.8585
2024-01-01T23:41:53,BTC,39462.308
2024-01-01T23:41:54,BTC,39474.2033
2024-01-01T23:41:55,BTC,39506.2138
2024-01-01T23:41:56,BTC,39573.1122
2024-01-01T23:41:57,BTC,39556.6321
2024-01-01T23:41:58,BTC,39525.1381
2024-01-01T23:41:59,BTC,39552.6788
2024-01-01T23:42:00,BTC,39564.7516
2024-01-01T23:42:01,BTC,39546.1363
2024-01-01T23:42:02,BTC,39575.8065
2024-01-01T23:42:03,BTC,39579.9401
2024-01-01T23:42:04,BTC,39609.7264
2024-01-01T23:42:05,BTC,39634.8042
2024-01-01T23:42:06,BTC,39656.6947
2024-01-01T23:42:07,BTC,39650.6762
2024-01-01T23:42:08,BTC,39651.0827
2024-01-01T23:42:09,BTC,39712.9486
2024-01-01T23:42:10,BTC,39745.5684
2024-01-01T23:42:11,BTC,39734.535
2024-01-01T23:42:12,BTC,39726.2982
2024-01-01T23:42:13,BTC,39734.4869
2024-01-01T23:42:14,BTC,39726.6157
2024-01-01T23:42:15,BTC,39748.0515
2024-01-01T23:42:16,BTC,39750.9627
2024-01-01T23:42:17,BTC,39768.3684
2024-01-01T23:42:18,BTC,39799.3764
2024-01-01T23:42:19,BTC,39822.7532
2024-01-01T23:42:20,BTC,39801.7538
2024-01-01T23:42:21,BTC,39810.31
2024-01-01T23:42:22,BTC,39830.6789
2024-01-01T23:42:23,BTC,39845.9988
2024-01-01T23:42:24,BTC,39850.0949
2024-01-01T23:42:25,BTC,39867.0057
2024-01-01T23:42:26,BTC,39855.1892
2024-01-01T23:42:27,BTC,39850.6766
2024-01-01T23:42:28,BTC,39840.6122
2024-01-01T23:42:29,BTC,39828.249
2024-01-01T23:42:30,BTC,39856.712
2024-01-01T23:42:31,BTC,39857.2442
2024-01-01T23:42:32,BTC,39893.1019
2024-01-01T23:42:33,BTC,39870.1013
2024-01-01T23:42:34,BTC,39869.5216
2024-01-01T23:42:35,BTC,39886.6464
2024-01-01T23:42:36,BTC,39874.3161
2024-01-01T23:42:37,BTC,39926.3701
2024-01-01T23:42:38,BTC,39933.5199
2024-01-01T23:42:39,BTC,39959.8313
2024-01-01T23:42:40,BTC,39969.8125
2024-01-01T23:42:41,BTC,40002.6678
2024-01-01T23:42:42,BTC,40030.0723
2024-01-01T23:42:43,BTC,40037.3833
2024-01-01T23:42:44,BTC,40053.4336
2024-01-01T23:42:45,BTC,40089.3084
2024-01-01T23:42:46,BTC,40104.7511
2024-01-01T23:42:47,BTC,40153.6485
2024-01-01T23:42:48,BTC,40172.5834
2024-01-01T23:42:49,BTC,40172.4504
2024-01-01T23:42:50,BTC,40200.1105
2024-01-01T23:42:51,BTC,40208.6317
2024-01-01T23:42:52,BTC,40192.9402
2024-01-01T23:42:53,BTC,40200.2917
2024-01-01T23:42:54,BTC,40216.4246
2024-01-01T23:42:55,BTC,40220.3792
2024-01-01T23:42:56,BTC,40235.1492
2024-01-01T23:42:57,BTC,40241.2266
2024-01-01T23:42:58,BTC,40250.5466
2024-01-01T23:42:59,BTC,40251.9376
2024-01-01T23:43:00,BTC,40230.2449
2024-01-01T23:43:01,BTC,40274.2276
2024-01-01T23:43:02,BTC,40308.0138
2024-01-01T23:43:03,BTC,40321.8005
2024-01-01T23:43:04,BTC,40344.2142
2024-01-01T23:43:05,BTC,40346.1424
2024-01-01T23:43:06,BTC,40349.265
2024-01-01T23:43:07,BTC,40369.8735
2024-01-01T23:43:08,BTC,40408.8358
2024-01-01T23:43:09,BTC,40400.8601
2024-01-01T23:43:10,BTC,40405.7957
2024-01-01T23:43:11,BTC,40425.7615
2024-01-01T23:43:12,BTC,40425.2272
2024-01-01T23:43:13,BTC,40421.167
2024-01-01T23:43:14,BTC,40455.4387
2024-01-01T23:43:15,BTC,40467.838
2024-01-01T23:43:16,BTC,40478.0956
2024-01-01T23:43:17,BTC,40481.1184
2024-01-01T23:43:18,BTC,40531.7252
2024-01-01T23:43:19,BTC,40520.4203
2024-01-01T23:43:20,BTC,40529.5221
2024-01-01T23:43:21,BTC,40501.2642
2024-01-01T23:43:22,BTC,40549.136
2024-01-01T23:43:23,BTC,40536.6722
2024-01-01T23:43:24,BTC,40510.0177
2024-01-01T23:43:25,BTC,40520.807
2024-01-01T23:43:26,BTC,40558.21
2024-01-01T23:43:27,BTC,40581.2877
2024-01-01T23:43:28,BTC,40616.8272
2024-01-01T23:43:29,BTC,40632.3105
2024-01-01T23:43:30,BTC,40613.6524
2024-01-01T23:43:31,BTC,40632.5222
2024-01-01T23:43:32,BTC,40639.1875
2024-01-01T23:43:33,BTC,40621.1771
2024-01-01T23:43:34,BTC,40627.7007
2024-01-01T23:43:35,BTC,40639.2572
2024-01-01T23:43:36,BTC,40646.5557
2024-01-01T23:43:37,BTC,40656.3107
2024-01-01T23:43:38,BTC,40691.0295
2024-01-01T23:43:39,BTC,40739.5774
2024-01-01T23:43:40,BTC,40718.1012
2024-01-01T23:43:41,BTC,40711.2022
2024-01-01T23:43:42,BTC,40729.3203
2024-01-01T23:43:43,BTC,40722.1137
2024-01-01T23:43:44,BTC,40730.329
2024-01-01T23:43:45,BTC,40736.9352
2024-01-01T23:43:46,BTC,40770.1621
2024-01-01T23:43:47,BTC,40778.9192
2024-01-01T23:43:48,BTC,40775.08
2024-01-01T23:43:49,BTC,40766.9417
2024-01-01T23:43:50,BTC,40748.7832
2024-01-01T23:43:51,BTC,40744.9568
2024-01-01T23:43:52,BTC,40784.5249
2024-01-01T23:43:53,BTC,40787.1742
2024-01-01T23:43:54,BTC,40794.1767
2024-01-01T23:43:55,BTC,40824.9545
2024-01-01T23:43:56,BTC,40813.4262
2024-01-01T23:43:57,BTC,40836.0834
2024-01-01T23:43:58,BTC,40842.2215
2024-01-01T23:43:59,BTC,40843.8124
2024-01-01T23:44:00,BTC,40874.1979
2024-01-01T23:44:01,BTC,40882.6409
2024-01-01T23:44:02,BTC,40852.4959
2024-01-01T23:44:03,BTC,40915.9087
2024-01-01T23:44:04,BTC,40948.8964
2024-01-01T23:44:05,BTC,40963.8016
2024-01-01T23:44:06,BTC,40931.4396
2024-01-01T23:44:07,BTC,40932.9309
2024-01-01T23:44:08,BTC,40960.7863
2024-01-01T23:44:09,BTC,40959.2272
2024-01-01T23:44:10,BTC,40946.2251
2024-01-01T23:44:11,BTC,40973.357
2024-01-01T23:44:12,BTC,40992.4799
2024-01-01T23:44:13,BTC,40981.7182
2024-01-01T23:44:14,BTC,41017.8399
2024-01-01T23:44:15,BTC,41047.1485
2024-01-01T23:44:16,BTC,41078.1676
2024-01-01T23:44:17,BTC,41038.372
2024-01-01T23:44:18,BTC,41074.5096
2024-01-01T23:44:19,BTC,41056.2648
2024-01-01T23:44:20,BTC,41070.0258
2024-01-01T23:44:21,BTC,41070.7874
2024-01-01T23:44:22,BTC,41085.8862
2024-01-01T23:44:23,BTC,41104.1803
2024-01-01T23:44:24,BTC,41118.8919
2024-01-01T23:44:25,BTC,41149.3523
2024-01-01T23:44:26,BTC,41154.4988
2024-01-01T23:44:27,BTC,41169.6624
2024-01-01T23:44:28,BTC,41180.4747
2024-01-01T23:44:29,BTC,41155.8493
2024-01-01T23:44:30,BTC,41120.1542
2024-01-01T23:44:31,BTC,41152.6389
2024-01-01T23:44:32,BTC,41177.084
2024-01-01T23:44:33,BTC,41186.3164
2024-01-01T23:44:34,BTC,41185.9266
2024-01-01T23:44:35,BTC,41192.673
2024-01-01T23:44:36,BTC,41208.2109
2024-01-01T23:44:37,BTC,41189.6898
2024-01-01T23:44:38,BTC,41176.175
2024-01-01T23:44:39,BTC,41201.8759
2024-01-01T23:44:40,BTC,41195.8168
2024-01-01T23:44:41,BTC,41206.7795
2024-01-01T23:44:42,BTC,41212.5507
2024-01-01T23:44:43,BTC,41224.8604
2024-01-01T23:44:44,BTC,41258.8381
2024-01-01T23:44:45,BTC,41253.1329
2024-01-01T23:44:46,BTC,41251.6534
2024-01-01T23:44:47,BTC,41244.812
2024-01-01T23:44:48,BTC,41241.498
2024-01-01T23:44:49,BTC,41211.6986
2024-01-01T23:44:50,BTC,41229.1293
2024-01-01T23:44:51,BTC,41210.1801
2024-01-01T23:44:52,BTC,41239.663
2024-01-01T23:44:53,BTC,41209.7665
2024-01-01T23:44:54,BTC,41183.9381
2024-01-01T23:44:55,BTC,41195.8694
2024-01-01T23:44:56,BTC,41193.7126
2024-01-01T23:44:57,BTC,41207.9013
2024-01-01T23:44:58,BTC,41210.8143
2024-01-01T23:44:59,BTC,41195.5353
2024-01-01T23:45:00,BTC,41172.8545
2024-01-01T23:45:01,BTC,41165.6698
2024-01-01T23:45:02,BTC,41149.9886
2024-01-01T23:45:03,BTC,41219.2553
2024-01-01T23:45:04,BTC,41237.1691
2024-01-01T23:45:05,BTC,41240.9304
2024-01-01T23:45:06,BTC,41263.174
2024-01-01T23:45:07,BTC,41278.3652
2024-01-01T23:45:08,BTC,41315.2169
2024-01-01T23:45:09,BTC,41301.6621
2024-01-01T23:45:10,BTC,41321.7513
2024-01-01T23:45:11,BTC,41342.435
2024-01-01T23:45:12,BTC,41352.3232
2024-01-01T23:45:13,BTC,41332.0125
2024-01-01T23:45:14,BTC,41364.2339
2024-01-01T23:45:15,BTC,41363.9231
2024-01-01T23:45:16,BTC,41391.8063
2024-01-01T23:45:17,BTC,41378.61
2024-01-01T23:45:18,BTC,41373.7939
2024-01-01T23:45:19,BTC,41379.6288
2024-01-01T23:45:20,BTC,41374.1114
2024-01-01T23:45:21,BTC,41352.9862
2024-01-01T23:45:22,BTC,41378.1336
2024-01-01T23:45:23,BTC,41408.4807
2024-01-01T23:45:24,BTC,41429.1678
2024-01-01T23:45:25,BTC,41428.6882
2024-01-01T23:45:26,BTC,41404.9491
2024-01-01T23:45:27,BTC,41423.9982
2024-01-01T23:45:28,BTC,41483.8445
2024-01-01T23:45:29,BTC,41482.9517
2024-01-01T23:45:30,BTC,41488.1407
2024-01-01T23:45:31,BTC,41509.8239
2024-01-01T23:45:32,BTC,41544.6846
2024-01-01T23:45:33,BTC,41534.4164
2024-01-01T23:45:34,BTC,41526.5658
2024-01-01T23:45:35,BTC,41509.8922
2024-01-01T23:45:36,BTC,41530.8659
2024-01-01T23:45:37,BTC,41528.9043
2024-01-01T23:45:38,BTC,41514.1796
2024-01-01T23:45:39,BTC,41550.0441
2024-01-01T23:45:40,BTC,41548.206
2024-01-01T23:45:41,BTC,41519.9407
2024-01-01T23:45:42,BTC,41470.9647
2024-01-01T23:45:43,BTC,41462.8155
2024-01-01T23:45:44,BTC,41479.624
2024-01-01T23:45:45,BTC,41468.8558
2024-01-01T23:45:46,BTC,41490.8084
2024-01-01T23:45:47,BTC,41479.3806
2024-01-01T23:45:48,BTC,41500.8374
2024-01-01T23:45:49,BTC,41505.8291
2024-01-01T23:45:50,BTC,41535.312
2024-01-01T23:45:51,BTC,41550.312
2024-01-01T23:45:52,BTC,41564.2398
2024-01-01T23:45:53,BTC,41574.1067
2024-01-01T23:45:54,BTC,41556.1314
2024-01-01T23:45:55,BTC,41586.3223
2024-01-01T23:45:56,BTC,41572.709
2024-01-01T23:45:57,BTC,41582.7954
2024-01-01T23:45:58,BTC,41583.7459
2024-01-01T23:45:59,BTC,41625.3417
2024-01-01T23:46:00,BTC,41671.3167
2024-01-01T23:46:01,BTC,41705.8989
2024-01-01T23:46:02,BTC,41731.6408
2024-01-01T23:46:03,BTC,41772.7093
2024-01-01T23:46:04,BTC,41797.4544
2024-01-01T23:46:05,BTC,41835.5494
2024-01-01T23:46:06,BTC,41846.4331
2024-01-01T23:46:07,BTC,41827.6022
2024-01-01T23:46:08,BTC,41897.7639
2024-01-01T23:46:09,BTC,41928.6863
2024-01-01T23:46:10,BTC,41954.1549
2024-01-01T23:46:11,BTC,41953.4943
2024-01-01T23:46:12,BTC,41960.6972
2024-01-01T23:46:13,BTC,41976.7997
2024-01-01T23:46:14,BTC,41991.9162
2024-01-01T23:46:15,BTC,41952.3548
2024-01-01T23:46:16,BTC,41955.6132
2024-01-01T23:46:17,BTC,41919.1168
2024-01-01T23:46:18,BTC,41927.7383
2024-01-01T23:46:19,BTC,41935.7134
2024-01-01T23:46:20,BTC,41910.6911
2024-01-01T23:46:21,BTC,41888.7386
2024-01-01T23:46:22,BTC,41913.278
2024-01-01T23:46:23,BTC,41933.2018
2024-01-01T23:46:24,BTC,41929.725
2024-01-01T23:46:25,BTC,41908.256
2024-01-01T23:46:26,BTC,41933.5875
2024-01-01T23:46:27,BTC,41947.8912
2024-01-01T23:46:28,BTC,41941.3107
2024-01-01T23:46:29,BTC,41944.4796
2024-01-01T23:46:30,BTC,41951.0731
2024-01-01T23:46:31,BTC,41941.5177
2024-01-01T23:46:32,BTC,41911.8573
2024-01-01T23:46:33,BTC,41955.7312
2024-01-01T23:46:34,BTC,41948.2121
2024-01-01T23:46:35,BTC,41966.6381
2024-01-01T23:46:36,BTC,41982.1346
2024-01-01T23:46:37,BTC,41970.0614
2024-01-01T23:46:38,BTC,41996.9492
2024-01-01T23:46:39,BTC,42027.648
2024-01-01T23:46:40,BTC,42054.6535
2024-01-01T23:46:41,BTC,42086.2677
2024-01-01T23:46:42,BTC,42079.4627
2024-01-01T23:46:43,BTC,42095.048
2024-01-01T23:46:44,BTC,42107.1164
2024-01-01T23:46:45,BTC,42098.9851
2024-01-01T23:46:46,BTC,42111.9161
2024-01-01T23:46:47,BTC,42107.8554
2024-01-01T23:46:48,BTC,42113.8945
2024-01-01T23:46:49,BTC,42155.441
2024-01-01T23:46:50,BTC,42175.4694
2024-01-01T23:46:51,BTC,42159.4701
2024-01-01T23:46:52,BTC,42164.3476
2024-01-01T23:46:53,BTC,42167.6985
2024-01-01T23:46:54,BTC,42208.3053
2024-01-01T23:46:55,BTC,42225.4148
2024-01-01T23:46:56,BTC,42246.3886
2024-01-01T23:46:57,BTC,42250.1109
2024-01-01T23:46:58,BTC,42259.4111
2024-01-01T23:46:59,BTC,42248.0812
2024-01-01T23:47:00,BTC,42285.4395
2024-01-02T00:06:00,BTC,42255.5181
2024-01-02T00:06:01,BTC,42263.7205
2024-01-02T00:06:02,BTC,42264.2552
2024-01-02T00:06:03,BTC,42270.8421
2024-01-02T00:06:04,BTC,42256.514
2024-01-02T00:06:05,BTC,42280.424
2024-01-02T00:06:06,BTC,42264.4073
2024-01-02T00:06:07,BTC,42284.7082
2024-01-02T00:06:08,BTC,42287.3565
2024-01-02T00:06:09,BTC,42299.3093
2024-01-02T00:06:10,BTC,42353.3332
2024-01-02T00:06:11,BTC,42331.0051
2024-01-02T00:06:12,BTC,42331.2183
2024-01-02T00:06:13,BTC,42320.6119
2024-01-02T00:06:14,BTC,42291.1945
2024-01-02T00:06:15,BTC,42262.0372
2024-01-02T00:06:16,BTC,42273.7726
2024-01-02T00:06:17,BTC,42265.6739
2024-01-02T00:06:18,BTC,42253.1706
2024-01-02T00:06:19,BTC,42265.7957
2024-01-02T00:06:20,BTC,42254.4161
2024-01-02T00:06:21,BTC,42238.2445
2024-01-02T00:06:22,BTC,42178.5362
2024-01-02T00:06:23,BTC,42150.4425
2024-01-02T00:06:24,BTC,42160.0743
2024-01-02T00:06:25,BTC,42131.5739
2024-01-02T00:06:26,BTC,42125.4995
2024-01-02T00:06:27,BTC,42141.9331
2024-01-02T00:06:28,BTC,42160.4948
2024-01-02T00:06:29,BTC,42158.361
2024-01-02T00:06:30,BTC,42202.9045
2024-01-02T00:06:31,BTC,42212.9422
2024-01-02T00:06:32,BTC,42202.1777
2024-01-02T00:06:33,BTC,42196.599
2024-01-02T00:06:34,BTC,42175.0674
2024-01-02T00:06:35,BTC,42171.5104
2024-01-02T00:06:36,BTC,42127.1937
2024-01-02T00:06:37,BTC,42087.0284
2024-01-02T00:06:38,BTC,42080.5077
2024-01-02T00:06:39,BTC,42068.6137
2024-01-02T00:06:40,BTC,42058.7169
2024-01-02T00:06:41,BTC,42040.8533
2024-01-02T00:06:42,BTC,42035.3702
2024-01-02T00:06:43,BTC,42069.7406
2024-01-02T00:06:44,BTC,42062.7555
2024-01-02T00:06:45,BTC,42059.6062
2024-01-02T00:06:46,BTC,42029.0385
2024-01-02T00:06:47,BTC,42014.5347
2024-01-02T00:06:48,BTC,42048.7396
2024-01-02T00:06:49,BTC,42001.9687
2024-01-02T00:06:50,BTC,41986.0467
2024-01-02T00:06:51,BTC,41964.1646
2024-01-02T00:06:52,BTC,41983.7841
2024-01-02T00:06:53,BTC,41997.3791
2024-01-02T00:06:54,BTC,42009.1069
2024-01-02T00:06:55,BTC,42028.6561
2024-01-02T00:06:56,BTC,42005.5136
2024-01-02T00:06:57,BTC,41982.5137
2024-01-02T00:06:58,BTC,42001.2941
2024-01-02T00:06:59,BTC,41961.2166
2024-01-02T00:07:00,BTC,41950.7681
2024-01-02T00:07:01,BTC,41944.5619
2024-01-02T00:07:02,BTC,41955.7431
2024-01-02T00:07:03,BTC,41980.8956
2024-01-02T00:07:04,BTC,41987.6786
2024-01-02T00:07:05,BTC,41998.091
2024-01-02T00:07:06,BTC,41992.867
2024-01-02T00:07:07,BTC,41957.8125
2024-01-02T00:07:08,BTC,41958.5404
2024-01-02T00:07:09,BTC,41980.9842
2024-01-02T00:07:10,BTC,41992.0347
2024-01-02T00:07:11,BTC,42040.7326
2024-01-02T00:07:12,BTC,42024.7407
2024-01-02T00:07:13,BTC,42037.3253
2024-01-02T00:07:14,BTC,42024.4311
2024-01-02T00:07:15,BTC,42065.542
2024-01-02T00:07:16,BTC,42075.8682
2024-01-02T00:07:17,BTC,42085.2751
2024-01-02T00:07:18,BTC,42103.8941
2024-01-02T00:07:19,BTC,42129.974
2024-01-02T00:07:20,BTC,42159.1557
2024-01-02T00:07:21,BTC,42152.6434
2024-01-02T00:07:22,BTC,42140.7709
2024-01-02T00:07:23,BTC,42135.6842
2024-01-02T00:07:24,BTC,42125.4374
2024-01-02T00:07:25,BTC,42162.5225
2024-01-02T00:07:26,BTC,42149.3233
2024-01-02T00:07:27,BTC,42129.8499
2024-01-02T00:07:28,BTC,42140.1652
2024-01-02T00:07:29,BTC,42144.1367
2024-01-02T00:07:30,BTC,42139.2258
2024-01-02T00:07:31,BTC,42163.319
2024-01-02T00:07:32,BTC,42140.1185
2024-01-02T00:07:33,BTC,42118.3656
2024-01-02T00:07:34,BTC,42083.9216
2024-01-02T00:07:35,BTC,42089.6506
2024-01-02T00:07:36,BTC,42111.8065
2024-01-02T00:07:37,BTC,42093.4136
2024-01-02T00:07:38,BTC,42093.0968
2024-01-02T00:07:39,BTC,42069.7428
2024-01-02T00:07:40,BTC,42055.5386
2024-01-02T00:07:41,BTC,42014.7769
2024-01-02T00:07:42,BTC,42017.257
2024-01-02T00:07:43,BTC,42014.3475
2024-01-02T00:07:44,BTC,41993.8376
2024-01-02T00:07:45,BTC,41986.0863
2024-01-02T00:07:46,BTC,41992.104
2024-01-02T00:07:47,BTC,41964.8464
2024-01-02T00:07:48,BTC,41961.8288
2024-01-02T00:07:49,BTC,41964.3613
2024-01-02T00:07:50,BTC,41918.5197
2024-01-02T00:07:51,BTC,41925.4066
2024-01-02T00:07:52,BTC,41920.5222
2024-01-02T00:07:53,BTC,41941.6004
2024-01-02T00:07:54,BTC,41955.2309
2024-01-02T00:07:55,BTC,41971.1288
2024-01-02T00:07:56,BTC,41954.9126
2024-01-02T00:07:57,BTC,41977.7925
2024-01-02T00:07:58,BTC,41946.6371
2024-01-02T00:07:59,BTC,41976.5014
2024-01-02T00:08:00,BTC,41969.8539
2024-01-02T00:08:01,BTC,41919.2762
2024-01-02T00:08:02,BTC,41927.0444
2024-01-02T00:08:03,BTC,41934.6244
2024-01-02T00:08:04,BTC,41943.1809
2024-01-02T00:08:05,BTC,41932.3064
2024-01-02T00:08:06,BTC,41941.6148
2024-01-02T00:08:07,BTC,41945.551
2024-01-02T00:08:08,BTC,41944.5639
2024-01-02T00:08:09,BTC,41939.4287
2024-01-02T00:08:10,BTC,41960.3589
2024-01-02T00:08:11,BTC,41965.5676
2024-01-02T00:08:12,BTC,41952.0499
2024-01-02T00:08:13,BTC,41939.1834
2024-01-02T00:08:14,BTC,41952.707
2024-01-02T00:08:15,BTC,41947.3526
2024-01-02T00:08:16,BTC,41940.7871
2024-01-02T00:08:17,BTC,41961.7059
2024-01-02T00:08:18,BTC,41945.8254
2024-01-02T00:08:19,BTC,41929.2118
2024-01-02T00:08:20,BTC,41935.9615
2024-01-02T00:08:21,BTC,41936.1662
2024-01-02T00:08:22,BTC,41932.1105
2024-01-02T00:08:23,BTC,41951.4469
2024-01-02T00:08:24,BTC,41939.7044
2024-01-02T00:08:25,BTC,41910.5567
2024-01-02T00:08:26,BTC,41908.6092
2024-01-02T00:08:27,BTC,41899.0566
2024-01-02T00:08:28,BTC,41923.8556
2024-01-02T00:08:29,BTC,41937.423
2024-01-02T00:08:30,BTC,41935.7434
2024-01-02T00:08:31,BTC,41925.257
2024-01-02T00:08:32,BTC,41934.7595
2024-01-02T00:08:33,BTC,41925.8459
2024-01-02T00:08:34,BTC,41924.1851
2024-01-02T00:08:35,BTC,41932.8286
2024-01-02T00:08:36,BTC,41934.9309
2024-01-02T00:08:37,BTC,41929.6821
2024-01-02T00:08:38,BTC,41905.6187
2024-01-02T00:08:39,BTC,41929.2222
2024-01-02T00:08:40,BTC,41942.3933
2024-01-02T00:08:41,BTC,41920.3824
2024-01-02T00:08:42,BTC,41919.3433
2024-01-02T00:08:43,BTC,41898.7901
2024-01-02T00:08:44,BTC,41912.9685
2024-01-02T00:08:45,BTC,41899.2234
2024-01-02T00:08:46,BTC,41900.0905
2024-01-02T00:08:47,BTC,41893.0242
2024-01-02T00:08:48,BTC,41932.0861
2024-01-02T00:08:49,BTC,41939.2655
2024-01-02T00:08:50,BTC,41962.5058
2024-01-02T00:08:51,BTC,41960.1895
2024-01-02T00:08:52,BTC,41966.7068
2024-01-02T00:08:53,BTC,41984.4785
2024-01-02T00:08:54,BTC,41975.4401
2024-01-02T00:08:55,BTC,41966.9109
2024-01-02T00:08:56,BTC,42015.3154
2024-01-02T00:08:57,BTC,42001.9273
2024-01-02T00:08:58,BTC,41964.2504
2024-01-02T00:08:59,BTC,41955.5146
2024-01-02T00:09:00,BTC,41939.3856
2024-01-02T00:09:01,BTC,41953.9788
2024-01-02T00:09:02,BTC,41944.9363
2024-01-02T00:09:03,BTC,41910.5053
2024-01-02T00:09:04,BTC,41858.1288
2024-01-02T00:09:05,BTC,41889.358
2024-01-02T00:09:06,BTC,41894.998
2024-01-02T00:09:07,BTC,41909.9796
2024-01-02T00:09:08,BTC,41908.6712
2024-01-02T00:09:09,BTC,41983.2562
2024-01-02T00:09:10,BTC,41989.0878
2024-01-02T00:09:11,BTC,41991.1836
2024-01-02T00:09:12,BTC,41999.5889
2024-01-02T00:09:13,BTC,41998.973
2024-01-02T00:09:14,BTC,42008.1049
2024-01-02T00:09:15,BTC,42026.7908
2024-01-02T00:09:16,BTC,41999.2038
2024-01-02T00:09:17,BTC,41988.2064
2024-01-02T00:09:18,BTC,41953.5322
2024-01-02T00:09:19,BTC,41939.2809
2024-01-02T00:09:20,BTC,41928.86
2024-01-02T00:09:21,BTC,41949.8778
2024-01-02T00:09:22,BTC,42001.204
2024-01-02T00:09:23,BTC,41992.1006
2024-01-02T00:09:24,BTC,41994.7057
2024-01-02T00:09:25,BTC,42025.6974
2024-01-02T00:09:26,BTC,42029.6593
2024-01-02T00:09:27,BTC,42039.0806
2024-01-02T00:09:28,BTC,42030.6655
2024-01-02T00:09:29,BTC,42001.3091
2024-01-02T00:09:30,BTC,41978.0962
2024-01-02T00:09:31,BTC,41935.8499
2024-01-02T00:09:32,BTC,41928.1331
2024-01-02T00:09:33,BTC,41909.5996
2024-01-02T00:09:34,BTC,41925.2164
2024-01-02T00:09:35,BTC,41937.6224
2024-01-02T00:09:36,BTC,41939.6081
2024-01-02T00:09:37,BTC,41932.5199
2024-01-02T00:09:38,BTC,41971.8392
2024-01-02T00:09:39,BTC,42042.4675
2024-01-02T00:09:40,BTC,42050.7526
2024-01-02T00:09:41,BTC,42018.8993
2024-01-02T00:09:42,BTC,42000.5157
2024-01-02T00:09:43,BTC,42022.3327
2024-01-02T00:09:44,BTC,42026.4042
2024-01-02T00:09:45,BTC,42022.6062
2024-01-02T00:09:46,BTC,42020.2391
2024-01-02T00:09:47,BTC,42039.4965
2024-01-02T00:09:48,BTC,42025.8046
2024-01-02T00:09:49,BTC,42051.2754
2024-01-02T00:09:50,BTC,42053.1451
2024-01-02T00:09:51,BTC,42032.9208
2024-01-02T00:09:52,BTC,42068.9832
2024-01-02T00:09:53,BTC,42057.8079
2024-01-02T00:09:54,BTC,42018.6973
2024-01-02T00:09:55,BTC,42016.3859
2024-01-02T00:09:56,BTC,42056.2946
2024-01-02T00:09:57,BTC,42037.7359
2024-01-02T00:09:58,BTC,42021.5323
2024-01-02T00:09:59,BTC,42029.7685
2024-01-02T00:10:00,BTC,42014.3342
2024-01-02T00:10:01,BTC,42030.9905
2024-01-02T00:10:02,BTC,42012.927
2024-01-02T00:10:03,BTC,41999.1036
2024-01-02T00:10:04,BTC,41989.3878
2024-01-02T00:10:05,BTC,41999.9045
2024-01-02T00:10:06,BTC,42071.299
2024-01-02T00:10:07,BTC,42056.2159
2024-01-02T00:10:08,BTC,42041.0725
2024-01-02T00:10:09,BTC,42047.3705
2024-01-02T00:10:10,BTC,42042.1297
2024-01-02T00:10:11,BTC,42060.6314
2024-01-02T00:10:12,BTC,42060.7316
2024-01-02T00:10:13,BTC,42042.2281
2024-01-02T00:10:14,BTC,42018.6044
2024-01-02T00:10:15,BTC,41999.14
2024-01-02T00:10:16,BTC,42023.7246
2024-01-02T00:10:17,BTC,42057.1585
2024-01-02T00:10:18,BTC,42060.3584
2024-01-02T00:10:19,BTC,42026.6908
2024-01-02T00:10:20,BTC,41998.1194
2024-01-02T00:10:21,BTC,41996.9575
2024-01-02T00:10:22,BTC,42027.7561
2024-01-02T00:10:23,BTC,41992.9066
2024-01-02T00:10:24,BTC,42005.5512
2024-01-02T00:10:25,BTC,42008.2018
2024-01-02T00:10:26,BTC,42062.5703
2024-01-02T00:10:27,BTC,42073.0118
2024-01-02T00:10:28,BTC,42035.664
2024-01-02T00:10:29,BTC,42013.4971
2024-01-02T00:10:30,BTC,42030.6267
2024-01-02T00:10:31,BTC,42041.4597
2024-01-02T00:10:32,BTC,42024.4944
2024-01-02T00:10:33,BTC,42044.1738
2024-01-02T00:10:34,BTC,42047.1236
2024-01-02T00:10:35,BTC,42063.9245
2024-01-02T00:10:36,BTC,42066.6626
2024-01-02T00:10:37,BTC,42078.5671
2024-01-02T00:10:38,BTC,42095.9245
2024-01-02T00:10:39,BTC,42117.3444
2024-01-02T00:10:40,BTC,42114.1511
2024-01-02T00:10:41,BTC,42172.072
2024-01-02T00:10:42,BTC,42140.7359
2024-01-02T00:10:43,BTC,42159.6681
2024-01-02T00:10:44,BTC,42159.6715
2024-01-02T00:10:45,BTC,42160.2015
2024-01-02T00:10:46,BTC,42144.1062
2024-01-02T00:10:47,BTC,42178.1166
2024-01-02T00:10:48,BTC,42168.1255
2024-01-02T00:10:49,BTC,42188.5464
2024-01-02T00:10:50,BTC,42159.3579
2024-01-02T00:10:51,BTC,42158.1351
2024-01-02T00:10:52,BTC,42172.6715
2024-01-02T00:10:53,BTC,42149.0201
2024-01-02T00:10:54,BTC,42161.8685
2024-01-02T00:10:55,BTC,42197.7225
2024-01-02T00:10:56,BTC,42156.3304
2024-01-02T00:10:57,BTC,42131.7271
2024-01-02T00:10:58,BTC,42128.2756
2024-01-02T00:10:59,BTC,42138.1372
2024-01-02T00:11:00,BTC,42108.3751
2024-01-02T00:11:01,BTC,42091.7102
2024-01-02T00:11:02,BTC,42049.4182
2024-01-02T00:11:03,BTC,42064.3538
2024-01-02T00:11:04,BTC,42043.8328
2024-01-02T00:11:05,BTC,42050.0977
2024-01-02T00:11:06,BTC,42020.0499
2024-01-02T00:11:07,BTC,42051.3085
2024-01-02T00:11:08,BTC,42042.2686
2024-01-02T00:11:09,BTC,42022.8291
2024-01-02T00:11:10,BTC,42033.531
2024-01-02T00:11:11,BTC,42046.325
2024-01-02T00:11:12,BTC,42074.1737
2024-01-02T00:11:13,BTC,42066.6913
2024-01-02T00:11:14,BTC,42097.7584
2024-01-02T00:11:15,BTC,42087.4962
2024-01-02T00:11:16,BTC,42076.1227
2024-01-02T00:11:17,BTC,42045.9758
2024-01-02T00:11:18,BTC,42024.6213
2024-01-02T00:11:19,BTC,41989.5633
2024-01-02T00:11:20,BTC,41955.007
2024-01-02T00:11:21,BTC,41951.3986
2024-01-02T00:11:22,BTC,41973.2836
2024-01-02T00:11:23,BTC,41959.7314
2024-01-02T00:11:24,BTC,41981.1033
2024-01-02T00:11:25,BTC,41998.5873
2024-01-02T00:11:26,BTC,42036.9439
2024-01-02T00:11:27,BTC,42051.5275
2024-01-02T00:11:28,BTC,42054.2805
2024-01-02T00:11:29,BTC,42051.1179
2024-01-02T00:11:30,BTC,42064.5677
2024-01-02T00:11:31,BTC,42060.0932
2024-01-02T00:11:32,BTC,42050.5951
2024-01-02T00:11:33,BTC,42051.0847
2024-01-02T00:11:34,BTC,42025.3516
2024-01-02T00:11:35,BTC,41997.2122
2024-01-02T00:11:36,BTC,41996.1712
2024-01-02T00:11:37,BTC,42001.5782
2024-01-02T00:11:38,BTC,42036.494
2024-01-02T00:11:39,BTC,42051.1037
2024-01-02T00:11:40,BTC,42042.714
2024-01-02T00:11:41,BTC,42055.4011
2024-01-02T00:11:42,BTC,42047.3094
2024-01-02T00:11:43,BTC,42066.5942
2024-01-02T00:11:44,BTC,42036.5751
2024-01-02T00:11:45,BTC,42058.424
2024-01-02T00:11:46,BTC,42053.5848
2024-01-02T00:11:47,BTC,42004.3869
2024-01-02T00:11:48,BTC,41996.5148
2024-01-02T00:11:49,BTC,41999.4004
2024-01-02T00:11:50,BTC,41970.4966
2024-01-02T00:11:51,BTC,41961.1824
2024-01-02T00:11:52,BTC,41983.8462
2024-01-02T00:11:53,BTC,42004.6205
2024-01-02T00:11:54,BTC,42004.0782
2024-01-02T00:11:55,BTC,42051.6697
2024-01-02T00:11:56,BTC,42063.2785
2024-01-02T00:11:57,BTC,42064.8537
2024-01-02T00:11:58,BTC,42105.0942
2024-01-02T00:11:59,BTC,42115.7653
2024-01-02T00:12:00,BTC,42144.191
2024-01-02T03:31:00,BTC,42159.2755
2024-01-02T03:31:01,BTC,42134.1526
2024-01-02T03:31:02,BTC,42116.5585
2024-01-02T03:31:03,BTC,42108.5673
2024-01-02T03:31:04,BTC,42094.7728
2024-01-02T03:31:05,BTC,42129.746
2024-01-02T03:31:06,BTC,42140.4192
2024-01-02T03:31:07,BTC,42143.1692
2024-01-02T03:31:08,BTC,42112.6432
2024-01-02T03:31:09,BTC,42145.8189
2024-01-02T03:31:10,BTC,42139.8815
2024-01-02T03:31:11,BTC,42124.7097
2024-01-02T03:31:12,BTC,42100.2386
2024-01-02T03:31:13,BTC,42120.7638
2024-01-02T03:31:14,BTC,42114.8002
2024-01-02T03:31:15,BTC,42117.3961
2024-01-02T03:31:16,BTC,42100.2604
2024-01-02T03:31:17,BTC,42095.7388
2024-01-02T03:31:18,BTC,42104.0231
2024-01-02T03:31:19,BTC,42110.465
2024-01-02T03:31:20,BTC,42088.1947
2024-01-02T03:31:21,BTC,42104.2369
2024-01-02T03:31:22,BTC,42091.7905
2024-01-02T03:31:23,BTC,42067.8358
2024-01-02T03:31:24,BTC,42082.2778
2024-01-02T03:31:25,BTC,42089.8176
2024-01-02T03:31:26,BTC,42129.4629
2024-01-02T03:31:27,BTC,42141.1005
2024-01-02T03:31:28,BTC,42131.9058
2024-01-02T03:31:29,BTC,42149.6561
2024-01-02T03:31:30,BTC,42133.1307
2024-01-02T03:31:31,BTC,42130.1403
2024-01-02T03:31:32,BTC,42115.2276
2024-01-02T03:31:33,BTC,42108.9702
2024-01-02T03:31:34,BTC,42130.0776
2024-01-02T03:31:35,BTC,42113.4401
2024-01-02T03:31:36,BTC,42112.2154
2024-01-02T03:31:37,BTC,42141.5266
2024-01-02T03:31:38,BTC,42142.3977
2024-01-02T03:31:39,BTC,42129.0952
2024-01-02T03:31:40,BTC,42125.7344
2024-01-02T03:31:41,BTC,42104.6965
2024-01-02T03:31:42,BTC,42107.2982
2024-01-02T03:31:43,BTC,42072.6056
2024-01-02T03:31:44,BTC,42077.5324
2024-01-02T03:31:45,BTC,42084.0793
2024-01-02T03:31:46,BTC,42073.3011
2024-01-02T03:31:47,BTC,42056.8952
2024-01-02T03:31:48,BTC,42046.4884
2024-01-02T03:31:49,BTC,42051.0008
2024-01-02T03:31:50,BTC,42025.1274
2024-01-02T03:31:51,BTC,42037.9185
2024-01-02T03:31:52,BTC,42044.4279
2024-01-02T03:31:53,BTC,42056.6474
2024-01-02T03:31:54,BTC,42063.0642
2024-01-02T03:31:55,BTC,42075.8786
2024-01-02T03:31:56,BTC,42085.2418
2024-01-02T03:31:57,BTC,42071.1695
2024-01-02T03:31:58,BTC,42051.2723
2024-01-02T03:31:59,BTC,42020.88
2024-01-02T03:32:00,BTC,42025.0875
2024-01-02T03:32:01,BTC,42019.6678
2024-01-02T03:32:02,BTC,42014.6303
2024-01-02T03:32:03,BTC,41994.5865
2024-01-02T03:32:04,BTC,41972.8276
2024-01-02T03:32:05,BTC,41996.9252
2024-01-02T03:32:06,BTC,41989.7429
2024-01-02T03:32:07,BTC,41972.874
2024-01-02T03:32:08,BTC,41991.065
2024-01-02T03:32:09,BTC,41973.1536
2024-01-02T03:32:10,BTC,41961.1882
2024-01-02T03:32:11,BTC,41939.3873
2024-01-02T03:32:12,BTC,41901.5636
2024-01-02T03:32:13,BTC,41935.2839
2024-01-02T03:32:14,BTC,41966.3082
2024-01-02T03:32:15,BTC,41962.5656
2024-01-02T03:32:16,BTC,41956.0503
2024-01-02T03:32:17,BTC,41955.6437
2024-01-02T03:32:18,BTC,41951.6867
2024-01-02T03:32:19,BTC,41972.8269
2024-01-02T03:32:20,BTC,41917.7656
2024-01-02T03:32:21,BTC,41923.1052
2024-01-02T03:32:22,BTC,41928.1746
2024-01-02T03:32:23,BTC,41917.2998
2024-01-02T03:32:24,BTC,41852.5192
2024-01-02T03:32:25,BTC,41809.2764
2024-01-02T03:32:26,BTC,41820.1763
2024-01-02T03:32:27,BTC,41791.6261
2024-01-02T03:32:28,BTC,41822.7252
2024-01-02T03:32:29,BTC,41859.1982
2024-01-02T03:32:30,BTC,41843.1742
2024-01-02T03:32:31,BTC,41843.9867
2024-01-02T03:32:32,BTC,41822.7924
2024-01-02T03:32:33,BTC,41817.0856
2024-01-02T03:32:34,BTC,41786.9377
2024-01-02T03:32:35,BTC,41788.039
2024-01-02T03:32:36,BTC,41769.1134
2024-01-02T03:32:37,BTC,41729.3885
2024-01-02T03:32:38,BTC,41723.5268
2024-01-02T03:32:39,BTC,41753.3776
2024-01-02T03:32:40,BTC,41770.6609
2024-01-02T03:32:41,BTC,41755.7112
2024-01-02T03:32:42,BTC,41752.6011
2024-01-02T03:32:43,BTC,41768.9821
2024-01-02T03:32:44,BTC,41775.9281
2024-01-02T03:32:45,BTC,41775.3809
2024-01-02T03:32:46,BTC,41774.0922
2024-01-02T03:32:47,BTC,41786.1683
2024-01-02T03:32:48,BTC,41790.2746
2024-01-02T03:32:49,BTC,41778.7991
2024-01-02T03:32:50,BTC,41805.1165
2024-01-02T03:32:51,BTC,41782.687
2024-01-02T03:32:52,BTC,41784.4565
2024-01-02T03:32:53,BTC,41778.7659
2024-01-02T03:32:54,BTC,41802.6058
2024-01-02T03:32:55,BTC,41827.1873
2024-01-02T03:32:56,BTC,41865.8991
2024-01-02T03:32:57,BTC,41879.3441
2024-01-02T03:32:58,BTC,41875.9666
2024-01-02T03:32:59,BTC,41818.4304
2024-01-02T03:33:00,BTC,41810.8629
2024-01-02T03:33:01,BTC,41818.777
2024-01-02T03:33:02,BTC,41792.2176
2024-01-02T03:33:03,BTC,41752.8313
2024-01-02T03:33:04,BTC,41765.2539
2024-01-02T03:33:05,BTC,41780.3001
2024-01-02T03:33:06,BTC,41751.6686
2024-01-02T03:33:07,BTC,41772.3585
2024-01-02T03:33:08,BTC,41747.0679
2024-01-02T03:33:09,BTC,41746.0638
2024-01-02T03:33:10,BTC,41739.7414
2024-01-02T03:33:11,BTC,41748.9618
2024-01-02T03:33:12,BTC,41760.6465
2024-01-02T03:33:13,BTC,41764.5035
2024-01-02T03:33:14,BTC,41739.2884
2024-01-02T03:33:15,BTC,41724.8252
2024-01-02T03:33:16,BTC,41706.5967
2024-01-02T03:33:17,BTC,41719.7697
2024-01-02T03:33:18,BTC,41744.9105
2024-01-02T03:33:19,BTC,41774.5612
2024-01-02T03:33:20,BTC,41787.3743
2024-01-02T03:33:21,BTC,41784.2774
2024-01-02T03:33:22,BTC,41807.34
2024-01-02T03:33:23,BTC,41765.3971
2024-01-02T03:33:24,BTC,41753.7111
2024-01-02T03:33:25,BTC,41748.9576
2024-01-02T03:33:26,BTC,41711.2924
2024-01-02T03:33:27,BTC,41710.856
2024-01-02T03:33:28,BTC,41701.1694
2024-01-02T03:33:29,BTC,41711.683
2024-01-02T03:33:30,BTC,41711.3564
2024-01-02T03:33:31,BTC,41677.3681
2024-01-02T03:33:32,BTC,41682.6442
2024-01-02T03:33:33,BTC,41665.0618
2024-01-02T03:33:34,BTC,41656.3058
2024-01-02T03:33:35,BTC,41630.8849
2024-01-02T03:33:36,BTC,41630.7586
2024-01-02T03:33:37,BTC,41616.2
2024-01-02T03:33:38,BTC,41586.1477
2024-01-02T03:33:39,BTC,41572.1815
2024-01-02T03:33:40,BTC,41554.2141
2024-01-02T03:33:41,BTC,41560.2327
2024-01-02T03:33:42,BTC,41563.5765
2024-01-02T03:33:43,BTC,41584.9931
2024-01-02T03:33:44,BTC,41540.648
2024-01-02T03:33:45,BTC,41517.4904
2024-01-02T03:33:46,BTC,41528.397
2024-01-02T03:33:47,BTC,41510.1827
2024-01-02T03:33:48,BTC,41511.1446
2024-01-02T03:33:49,BTC,41513.8792
2024-01-02T03:33:50,BTC,41515.6409
2024-01-02T03:33:51,BTC,41527.4497
2024-01-02T03:33:52,BTC,41533.7369
2024-01-02T03:33:53,BTC,41480.2636
2024-01-02T03:33:54,BTC,41494.4909
2024-01-02T03:33:55,BTC,41465.8359
2024-01-02T03:33:56,BTC,41468.3805
2024-01-02T03:33:57,BTC,41476.9406
2024-01-02T03:33:58,BTC,41477.2692
2024-01-02T03:33:59,BTC,41471.3799
2024-01-02T03:34:00,BTC,41442.1385
2024-01-02T03:34:01,BTC,41478.2252
2024-01-02T03:34:02,BTC,41474.3124
2024-01-02T03:34:03,BTC,41468.0283
2024-01-02T03:34:04,BTC,41467.3133
2024-01-02T03:34:05,BTC,41490.28
2024-01-02T03:34:06,BTC,41519.2211
2024-01-02T03:34:07,BTC,41491.4025
2024-01-02T03:34:08,BTC,41482.65
2024-01-02T03:34:09,BTC,41527.9396
2024-01-02T03:34:10,BTC,41534.1471
2024-01-02T03:34:11,BTC,41524.0801
2024-01-02T03:34:12,BTC,41512.0516
2024-01-02T03:34:13,BTC,41528.2151
2024-01-02T03:34:14,BTC,41533.5301
2024-01-02T03:34:15,BTC,41526.8975
2024-01-02T03:34:16,BTC,41509.7869
2024-01-02T03:34:17,BTC,41497.7355
2024-01-02T03:34:18,BTC,41514.3396
2024-01-02T03:34:19,BTC,41528.1831
2024-01-02T03:34:20,BTC,41533.6515
2024-01-02T03:34:21,BTC,41508.2793
2024-01-02T03:34:22,BTC,41533.3447
2024-01-02T03:34:23,BTC,41529.1084
2024-01-02T03:34:24,BTC,41527.9727
2024-01-02T03:34:25,BTC,41546.3808
2024-01-02T03:34:26,BTC,41550.2261
2024-01-02T03:34:27,BTC,41593.5802
2024-01-02T03:34:28,BTC,41603.71
2024-01-02T03:34:29,BTC,41603.8241
2024-01-02T03:34:30,BTC,41598.1016
2024-01-02T03:34:31,BTC,41612.2471
2024-01-02T03:34:32,BTC,41621.2164
2024-01-02T03:34:33,BTC,41614.6855
2024-01-02T03:34:34,BTC,41624.228
2024-01-02T03:34:35,BTC,41580.5449
2024-01-02T03:34:36,BTC,41602.1273
2024-01-02T03:34:37,BTC,41635.8273
2024-01-02T03:34:38,BTC,41682.7221
2024-01-02T03:34:39,BTC,41714.668
2024-01-02T03:34:40,BTC,41701.3274
2024-01-02T03:34:41,BTC,41723.2186
2024-01-02T03:34:42,BTC,41723.9363
2024-01-02T03:34:43,BTC,41723.6865
2024-01-02T03:34:44,BTC,41721.7755
2024-01-02T03:34:45,BTC,41721.2245
2024-01-02T03:34:46,BTC,41715.1048
2024-01-02T03:34:47,BTC,41693.8866
2024-01-02T03:34:48,BTC,41675.6904
2024-01-02T03:34:49,BTC,41660.0698
2024-01-02T03:34:50,BTC,41655.8483
2024-01-02T03:34:51,BTC,41656.006
2024-01-02T03:34:52,BTC,41680.3448
2024-01-02T03:34:53,BTC,41678.3956
2024-01-02T03:34:54,BTC,41654.1872
2024-01-02T03:34:55,BTC,41638.8566
2024-01-02T03:34:56,BTC,41632.0613
2024-01-02T03:34:57,BTC,41629.1959
2024-01-02T03:34:58,BTC,41662.1583
2024-01-02T03:34:59,BTC,41641.3061
2024-01-02T03:35:00,BTC,41656.4742
2024-01-02T03:35:01,BTC,41671.7017
2024-01-02T03:35:02,BTC,41664.2985
2024-01-02T03:35:03,BTC,41631.17
2024-01-02T03:35:04,BTC,41641.8018
2024-01-02T03:35:05,BTC,41655.4708
2024-01-02T03:35:06,BTC,41636.6134
2024-01-02T03:35:07,BTC,41627.8992
2024-01-02T03:35:08,BTC,41610.8539
2024-01-02T03:35:09,BTC,41641.5479
2024-01-02T03:35:10,BTC,41631.3702
2024-01-02T03:35:11,BTC,41618.2729
2024-01-02T03:35:12,BTC,41642.6778
2024-01-02T03:35:13,BTC,41624.2414
2024-01-02T03:35:14,BTC,41576.375
2024-01-02T03:35:15,BTC,41582.9369
2024-01-02T03:35:16,BTC,41579.4737
2024-01-02T03:35:17,BTC,41603.9145
2024-01-02T03:35:18,BTC,41624.9393
2024-01-02T03:35:19,BTC,41654.0297
2024-01-02T03:35:20,BTC,41638.0195
2024-01-02T03:35:21,BTC,41641.9171
2024-01-02T03:35:22,BTC,41636.1382
2024-01-02T03:35:23,BTC,41660.6624
2024-01-02T03:35:24,BTC,41662.0765
2024-01-02T03:35:25,BTC,41670.6184
2024-01-02T03:35:26,BTC,41687.0789
2024-01-02T03:35:27,BTC,41711.7919
2024-01-02T03:35:28,BTC,41755.0454
2024-01-02T03:35:29,BTC,41768.7417
2024-01-02T03:35:30,BTC,41760.9615
2024-01-02T03:35:31,BTC,41767.5055
2024-01-02T03:35:32,BTC,41771.3099
2024-01-02T03:35:33,BTC,41751.5444
2024-01-02T03:35:34,BTC,41766.6485
2024-01-02T03:35:35,BTC,41745.2858
2024-01-02T03:35:36,BTC,41710.6846
2024-01-02T03:35:37,BTC,41705.7212
2024-01-02T03:35:38,BTC,41657.4228
2024-01-02T03:35:39,BTC,41690.8917
2024-01-02T03:35:40,BTC,41708.2875
2024-01-02T03:35:41,BTC,41724.4403
2024-01-02T03:35:42,BTC,41715.0453
2024-01-02T03:35:43,BTC,41715.9229
2024-01-02T03:35:44,BTC,41689.4811
2024-01-02T03:35:45,BTC,41686.0765
2024-01-02T03:35:46,BTC,41669.5618
2024-01-02T03:35:47,BTC,41654.9044
2024-01-02T03:35:48,BTC,41682.1717
2024-01-02T03:35:49,BTC,41697.1793
2024-01-02T03:35:50,BTC,41683.8901
2024-01-02T03:35:51,BTC,41731.7249
2024-01-02T03:35:52,BTC,41691.3538
2024-01-02T03:35:53,BTC,41727.538
2024-01-02T03:35:54,BTC,41718.2856
2024-01-02T03:35:55,BTC,41684.2746
2024-01-02T03:35:56,BTC,41674.8908
2024-01-02T03:35:57,BTC,41687.4424
2024-01-02T03:35:58,BTC,41712.2588
2024-01-02T03:35:59,BTC,41713.4545
2024-01-02T03:36:00,BTC,41702.354
2024-01-02T03:36:01,BTC,41739.4634
2024-01-02T03:36:02,BTC,41723.6322
2024-01-02T03:36:03,BTC,41714.5912
2024-01-02T03:36:04,BTC,41719.5232
2024-01-02T03:36:05,BTC,41725.1086
2024-01-02T03:36:06,BTC,41704.5371
2024-01-02T03:36:07,BTC,41735.6455
2024-01-02T03:36:08,BTC,41746.3409
2024-01-02T03:36:09,BTC,41745.3717
2024-01-02T03:36:10,BTC,41729.6048
2024-01-02T03:36:11,BTC,41707.1763
2024-01-02T03:36:12,BTC,41710.0936
2024-01-02T03:36:13,BTC,41747.958
2024-01-02T03:36:14,BTC,41740.9527
2024-01-02T03:36:15,BTC,41777.4163
2024-01-02T03:36:16,BTC,41795.8318
2024-01-02T03:36:17,BTC,41780.3598
2024-01-02T03:36:18,BTC,41785.1244
2024-01-02T03:36:19,BTC,41806.0896
2024-01-02T03:36:20,BTC,41802.5813
2024-01-02T03:36:21,BTC,41792.8435
2024-01-02T03:36:22,BTC,41811.9777
2024-01-02T03:36:23,BTC,41802.0759
2024-01-02T03:36:24,BTC,41778.0292
2024-01-02T03:36:25,BTC,41751.3265
2024-01-02T03:36:26,BTC,41790.4326
2024-01-02T03:36:27,BTC,41821.3739
2024-01-02T03:36:28,BTC,41824.3025
2024-01-02T03:36:29,BTC,41824.9591
2024-01-02T03:36:30,BTC,41815.5117
2024-01-02T03:36:31,BTC,41769.1269
2024-01-02T03:36:32,BTC,41706.2029
2024-01-02T03:36:33,BTC,41703.456
2024-01-02T03:36:34,BTC,41707.6725
2024-01-02T03:36:35,BTC,41692.6248
2024-01-02T03:36:36,BTC,41659.5407
2024-01-02T03:36:37,BTC,41661.4253
2024-01-02T03:36:38,BTC,41639.8538
2024-01-02T03:36:39,BTC,41641.2209
2024-01-02T03:36:40,BTC,41615.1885
2024-01-02T03:36:41,BTC,41592.5002
2024-01-02T03:36:42,BTC,41594.3994
2024-01-02T03:36:43,BTC,41596.9913
2024-01-02T03:36:44,BTC,41600.2671
2024-01-02T03:36:45,BTC,41600.8712
2024-01-02T03:36:46,BTC,41587.6534
2024-01-02T03:36:47,BTC,41580.4808
2024-01-02T03:36:48,BTC,41557.001
2024-01-02T03:36:49,BTC,41561.4245
2024-01-02T03:36:50,BTC,41592.8276
2024-01-02T03:36:51,BTC,41598.5281
2024-01-02T03:36:52,BTC,41584.5418
2024-01-02T03:36:53,BTC,41558.1826
2024-01-02T03:36:54,BTC,41568.136
2024-01-02T03:36:55,BTC,41601.3416
2024-01-02T03:36:56,BTC,41600.3842
2024-01-02T03:36:57,BTC,41602.3459
2024-01-02T03:36:58,BTC,41601.2329
2024-01-02T03:36:59,BTC,41578.5144
2024-01-02T03:37:00,BTC,41589.5983
2024-01-02T04:50:00,BTC,41535.6605
2024-01-02T04:50:01,BTC,41526.8348
2024-01-02T04:50:02,BTC,41525.8267
2024-01-02T04:50:03,BTC,41494.0033
2024-01-02T04:50:04,BTC,41457.7253
2024-01-02T04:50:05,BTC,41450.3068
2024-01-02T04:50:06,BTC,41472.6233
2024-01-02T04:50:07,BTC,41475.8816
2024-01-02T04:50:08,BTC,41477.7942
2024-01-02T04:50:09,BTC,41530.7753
2024-01-02T04:50:10,BTC,41522.6397
2024-01-02T04:50:11,BTC,41536.3336
2024-01-02T04:50:12,BTC,41540.9938
2024-01-02T04:50:13,BTC,41565.5406
2024-01-02T04:50:14,BTC,41545.1719
2024-01-02T04:50:15,BTC,41520.819
2024-01-02T04:50:16,BTC,41530.1206
2024-01-02T04:50:17,BTC,41514.4487
2024-01-02T04:50:18,BTC,41523.3345
2024-01-02T04:50:19,BTC,41521.8797
2024-01-02T04:50:20,BTC,41543.7423
2024-01-02T04:50:21,BTC,41536.967
2024-01-02T04:50:22,BTC,41514.6694
2024-01-02T04:50:23,BTC,41478.7219
2024-01-02T04:50:24,BTC,41483.3991
2024-01-02T04:50:25,BTC,41439.9614
2024-01-02T04:50:26,BTC,41459.1586
2024-01-02T04:50:27,BTC,41430.5408
2024-01-02T04:50:28,BTC,41417.5166
2024-01-02T04:50:29,BTC,41416.3325
2024-01-02T04:50:30,BTC,41410.3013
2024-01-02T04:50:31,BTC,41432.49
2024-01-02T04:50:32,BTC,41419.0202
2024-01-02T04:50:33,BTC,41439.87
2024-01-02T04:50:34,BTC,41432.1816
2024-01-02T04:50:35,BTC,41439.4811
2024-01-02T04:50:36,BTC,41455.8675
2024-01-02T04:50:37,BTC,41444.5111
2024-01-02T04:50:38,BTC,41433.9649
2024-01-02T04:50:39,BTC,41420.6901
2024-01-02T04:50:40,BTC,41455.8823
2024-01-02T04:50:41,BTC,41484.303
2024-01-02T04:50:42,BTC,41479.3822
2024-01-02T04:50:43,BTC,41490.1722
2024-01-02T04:50:44,BTC,41484.2892
2024-01-02T04:50:45,BTC,41530.2232
2024-01-02T04:50:46,BTC,41506.1366
2024-01-02T04:50:47,BTC,41485.8137
2024-01-02T04:50:48,BTC,41466.0949
2024-01-02T04:50:49,BTC,41485.3503
2024-01-02T04:50:50,BTC,41474.1462
2024-01-02T04:50:51,BTC,41506.012
2024-01-02T04:50:52,BTC,41521.7543
2024-01-02T04:50:53,BTC,41537.6404
2024-01-02T04:50:54,BTC,41498.3641
2024-01-02T04:50:55,BTC,41478.2903
2024-01-02T04:50:56,BTC,41502.8304
2024-01-02T04:50:57,BTC,41538.7796
2024-01-02T04:50:58,BTC,41536.5606
2024-01-02T04:50:59,BTC,41555.661
2024-01-02T04:51:00,BTC,41542.312
2024-01-02T04:51:01,BTC,41559.5293
2024-01-02T04:51:02,BTC,41539.2363
2024-01-02T04:51:03,BTC,41529.6336
2024-01-02T04:51:04,BTC,41508.0874
2024-01-02T04:51:05,BTC,41539.9729
2024-01-02T04:51:06,BTC,41535.3692
2024-01-02T04:51:07,BTC,41500.4478
2024-01-02T04:51:08,BTC,41457.6936
2024-01-02T04:51:09,BTC,41478.492
2024-01-02T04:51:10,BTC,41470.8736
2024-01-02T04:51:11,BTC,41450.7671
2024-01-02T04:51:12,BTC,41450.0637
2024-01-02T04:51:13,BTC,41454.9462
2024-01-02T04:51:14,BTC,41455.4274
2024-01-02T04:51:15,BTC,41464.5238
2024-01-02T04:51:16,BTC,41497.8809
2024-01-02T04:51:17,BTC,41487.6637
2024-01-02T04:51:18,BTC,41502.8202
2024-01-02T04:51:19,BTC,41485.1174
2024-01-02T04:51:20,BTC,41502.8335
2024-01-02T04:51:21,BTC,41479.1464
2024-01-02T04:51:22,BTC,41447.1854
2024-01-02T04:51:23,BTC,41444.1997
2024-01-02T04:51:24,BTC,41435.5425
2024-01-02T04:51:25,BTC,41429.2979
2024-01-02T04:51:26,BTC,41416.5641
2024-01-02T04:51:27,BTC,41419.8409
2024-01-02T04:51:28,BTC,41391.8253
2024-01-02T04:51:29,BTC,41413.8099
2024-01-02T04:51:30,BTC,41419.3094
2024-01-02T04:51:31,BTC,41450.0604
2024-01-02T04:51:32,BTC,41434.7807
2024-01-02T04:51:33,BTC,41441.134
2024-01-02T04:51:34,BTC,41464.5323
2024-01-02T04:51:35,BTC,41459.301
2024-01-02T04:51:36,BTC,41483.1541
2024-01-02T04:51:37,BTC,41513.658
2024-01-02T04:51:38,BTC,41551.5246
2024-01-02T04:51:39,BTC,41520.0595
2024-01-02T04:51:40,BTC,41517.0318
2024-01-02T04:51:41,BTC,41501.9014
2024-01-02T04:51:42,BTC,41533.7403
2024-01-02T04:51:43,BTC,41521.871
2024-01-02T04:51:44,BTC,41540.9009
2024-01-02T04:51:45,BTC,41558.6209
2024-01-02T04:51:46,BTC,41579.6361
2024-01-02T04:51:47,BTC,41594.3804
2024-01-02T04:51:48,BTC,41586.8937
2024-01-02T04:51:49,BTC,41600.9066
2024-01-02T04:51:50,BTC,41601.7203
2024-01-02T04:51:51,BTC,41585.8686
2024-01-02T04:51:52,BTC,41622.1002
2024-01-02T04:51:53,BTC,41647.8336
2024-01-02T04:51:54,BTC,41649.8795
2024-01-02T04:51:55,BTC,41653.2314
2024-01-02T04:51:56,BTC,41673.6101
2024-01-02T04:51:57,BTC,41631.8414
2024-01-02T04:51:58,BTC,41636.4522
2024-01-02T04:51:59,BTC,41631.5582
2024-01-02T04:52:00,BTC,41655.6061
2024-01-02T04:52:01,BTC,41662.4075
2024-01-02T04:52:02,BTC,41703.9496
2024-01-02T04:52:03,BTC,41688.3626
2024-01-02T04:52:04,BTC,41684.5832
2024-01-02T04:52:05,BTC,41704.6223
2024-01-02T04:52:06,BTC,41744.2484
2024-01-02T04:52:07,BTC,41724.8137
2024-01-02T04:52:08,BTC,41720.2563
2024-01-02T04:52:09,BTC,41689.9551
2024-01-02T04:52:10,BTC,41669.0942
2024-01-02T04:52:11,BTC,41685.8767
2024-01-02T04:52:12,BTC,41710.5031
2024-01-02T04:52:13,BTC,41705.9777
2024-01-02T04:52:14,BTC,41678.753
2024-01-02T04:52:15,BTC,41683.4025
2024-01-02T04:52:16,BTC,41660.0682
2024-01-02T04:52:17,BTC,41668.8886
2024-01-02T04:52:18,BTC,41678.1007
2024-01-02T04:52:19,BTC,41693.835
2024-01-02T04:52:20,BTC,41719.6086
2024-01-02T04:52:21,BTC,41753.0132
2024-01-02T04:52:22,BTC,41728.8119
2024-01-02T04:52:23,BTC,41716.7054
2024-01-02T04:52:24,BTC,41707.7697
2024-01-02T04:52:25,BTC,41697.708
2024-01-02T04:52:26,BTC,41658.867
2024-01-02T04:52:27,BTC,41658.0371
2024-01-02T04:52:28,BTC,41685.5632
2024-01-02T04:52:29,BTC,41686.5871
2024-01-02T04:52:30,BTC,41691.5013
2024-01-02T04:52:31,BTC,41694.9728
2024-01-02T04:52:32,BTC,41712.8831
2024-01-02T04:52:33,BTC,41699.7837
2024-01-02T04:52:34,BTC,41693.2305
2024-01-02T04:52:35,BTC,41692.4516
2024-01-02T04:52:36,BTC,41677.4559
2024-01-02T04:52:37,BTC,41669.6965
2024-01-02T04:52:38,BTC,41671.0129
2024-01-02T04:52:39,BTC,41672.9737
2024-01-02T04:52:40,BTC,41704.0669
2024-01-02T04:52:41,BTC,41717.8217
2024-01-02T04:52:42,BTC,41722.8958
2024-01-02T04:52:43,BTC,41710.0874
2024-01-02T04:52:44,BTC,41738.0965
2024-01-02T04:52:45,BTC,41756.3388
2024-01-02T04:52:46,BTC,41770.7685
2024-01-02T04:52:47,BTC,41726.7239
2024-01-02T04:52:48,BTC,41721.2521
2024-01-02T04:52:49,BTC,41703.7303
2024-01-02T04:52:50,BTC,41725.3391
2024-01-02T04:52:51,BTC,41714.0127
2024-01-02T04:52:52,BTC,41700.9969
2024-01-02T04:52:53,BTC,41689.9627
2024-01-02T04:52:54,BTC,41745.7608
2024-01-02T04:52:55,BTC,41756.5871
2024-01-02T04:52:56,BTC,41743.4661
2024-01-02T04:52:57,BTC,41723.8805
2024-01-02T04:52:58,BTC,41756.2512
2024-01-02T04:52:59,BTC,41747.2619
2024-01-02T04:53:00,BTC,41746.54
2024-01-02T04:53:01,BTC,41736.0496
2024-01-02T04:53:02,BTC,41787.2343
2024-01-02T04:53:03,BTC,41795.937
2024-01-02T04:53:04,BTC,41807.9357
2024-01-02T04:53:05,BTC,41805.5717
2024-01-02T04:53:06,BTC,41780.0106
2024-01-02T04:53:07,BTC,41785.0967
2024-01-02T04:53:08,BTC,41791.7164
2024-01-02T04:53:09,BTC,41790.4798
2024-01-02T04:53:10,BTC,41794.9273
2024-01-02T04:53:11,BTC,41791.8665
2024-01-02T04:53:12,BTC,41757.3974
2024-01-02T04:53:13,BTC,41724.0931
2024-01-02T04:53:14,BTC,41724.312
2024-01-02T04:53:15,BTC,41712.1069
2024-01-02T04:53:16,BTC,41703.5024
2024-01-02T04:53:17,BTC,41693.1432
2024-01-02T04:53:18,BTC,41687.3688
2024-01-02T04:53:19,BTC,41727.6503
2024-01-02T04:53:20,BTC,41703.4069
2024-01-02T04:53:21,BTC,41698.1881
2024-01-02T04:53:22,BTC,41720.3746
2024-01-02T04:53:23,BTC,41777.1817
2024-01-02T04:53:24,BTC,41775.388
2024-01-02T04:53:25,BTC,41787.6551
2024-01-02T04:53:26,BTC,41774.8052
2024-01-02T04:53:27,BTC,41761.4402
2024-01-02T04:53:28,BTC,41769.5541
2024-01-02T04:53:29,BTC,41753.1634
2024-01-02T04:53:30,BTC,41771.6418
2024-01-02T04:53:31,BTC,41768.2283
2024-01-02T04:53:32,BTC,41747.7602
2024-01-02T04:53:33,BTC,41749.3846
2024-01-02T04:53:34,BTC,41767.4356
2024-01-02T04:53:35,BTC,41761.0705
2024-01-02T04:53:36,BTC,41757.4563
2024-01-02T04:53:37,BTC,41746.8069
2024-01-02T04:53:38,BTC,41754.387
2024-01-02T04:53:39,BTC,41757.7348
2024-01-02T04:53:40,BTC,41775.0036
2024-01-02T04:53:41,BTC,41739.1239
2024-01-02T04:53:42,BTC,41706.3638
2024-01-02T04:53:43,BTC,41699.5505
2024-01-02T04:53:44,BTC,41707.3555
2024-01-02T04:53:45,BTC,41712.3146
2024-01-02T04:53:46,BTC,41679.8843
2024-01-02T04:53:47,BTC,41690.0443
2024-01-02T04:53:48,BTC,41684.9159
2024-01-02T04:53:49,BTC,41705.1474
2024-01-02T04:53:50,BTC,41695.01
2024-01-02T04:53:51,BTC,41702.4482
2024-01-02T04:53:52,BTC,41698.1293
2024-01-02T04:53:53,BTC,41670.6477
2024-01-02T04:53:54,BTC,41680.5146
2024-01-02T04:53:55,BTC,41673.5313
2024-01-02T04:53:56,BTC,41649.31
2024-01-02T04:53:57,BTC,41694.0778
2024-01-02T04:53:58,BTC,41715.104
2024-01-02T04:53:59,BTC,41722.0812
2024-01-02T04:54:00,BTC,41739.332
2024-01-02T04:54:01,BTC,41744.9179
2024-01-02T04:54:02,BTC,41755.7087
2024-01-02T04:54:03,BTC,41740.4113
2024-01-02T04:54:04,BTC,41766.4169
2024-01-02T04:54:05,BTC,41739.9229
2024-01-02T04:54:06,BTC,41716.3647
2024-01-02T04:54:07,BTC,41731.4236
2024-01-02T04:54:08,BTC,41729.2659
2024-01-02T04:54:09,BTC,41738.9788
2024-01-02T04:54:10,BTC,41739.89
2024-01-02T04:54:11,BTC,41736.3866
2024-01-02T04:54:12,BTC,41757.443
2024-01-02T04:54:13,BTC,41731.0348
2024-01-02T04:54:14,BTC,41737.3893
2024-01-02T04:54:15,BTC,41730.9561
2024-01-02T04:54:16,BTC,41759.1852
2024-01-02T04:54:17,BTC,41761.4703
2024-01-02T04:54:18,BTC,41773.9438
2024-01-02T04:54:19,BTC,41766.9229
2024-01-02T04:54:20,BTC,41782.2998
2024-01-02T04:54:21,BTC,41788.9284
2024-01-02T04:54:22,BTC,41749.8134
2024-01-02T04:54:23,BTC,41765.33
2024-01-02T04:54:24,BTC,41754.695
2024-01-02T04:54:25,BTC,41731.9097
2024-01-02T04:54:26,BTC,41764.3924
2024-01-02T04:54:27,BTC,41796.5837
2024-01-02T04:54:28,BTC,41804.3049
2024-01-02T04:54:29,BTC,41824.6818
2024-01-02T04:54:30,BTC,41818.6711
2024-01-02T04:54:31,BTC,41844.882
2024-01-02T04:54:32,BTC,41848.9718
2024-01-02T04:54:33,BTC,41814.0798
2024-01-02T04:54:34,BTC,41779.3322
2024-01-02T04:54:35,BTC,41775.3658
2024-01-02T04:54:36,BTC,41744.9653
2024-01-02T04:54:37,BTC,41721.4184
2024-01-02T04:54:38,BTC,41753.4826
2024-01-02T04:54:39,BTC,41746.5822
2024-01-02T04:54:40,BTC,41758.3999
2024-01-02T04:54:41,BTC,41759.7477
2024-01-02T04:54:42,BTC,41772.1166
2024-01-02T04:54:43,BTC,41773.0597
2024-01-02T04:54:44,BTC,41720.2159
2024-01-02T04:54:45,BTC,41744.6795
2024-01-02T04:54:46,BTC,41721.4594
2024-01-02T04:54:47,BTC,41712.839
2024-01-02T04:54:48,BTC,41688.7262
2024-01-02T04:54:49,BTC,41728.1024
2024-01-02T04:54:50,BTC,41665.9916
2024-01-02T04:54:51,BTC,41694.5672
2024-01-02T04:54:52,BTC,41708.479
2024-01-02T04:54:53,BTC,41700.1024
2024-01-02T04:54:54,BTC,41691.43
2024-01-02T04:54:55,BTC,41721.2859
2024-01-02T04:54:56,BTC,41769.3818
2024-01-02T04:54:57,BTC,41755.9902
2024-01-02T04:54:58,BTC,41805.7678
2024-01-02T04:54:59,BTC,41803.959
2024-01-02T04:55:00,BTC,41790.443
2024-01-02T04:55:01,BTC,41831.4601
2024-01-02T04:55:02,BTC,41840.9002
2024-01-02T04:55:03,BTC,41832.4434
2024-01-02T04:55:04,BTC,41847.5638
2024-01-02T04:55:05,BTC,41835.5493
2024-01-02T04:55:06,BTC,41865.4944
2024-01-02T04:55:07,BTC,41869.5349
2024-01-02T04:55:08,BTC,41861.4668
2024-01-02T04:55:09,BTC,41893.8304
2024-01-02T04:55:10,BTC,41908.123
2024-01-02T04:55:11,BTC,41886.1475
2024-01-02T04:55:12,BTC,41862.8432
2024-01-02T04:55:13,BTC,41853.9097
2024-01-02T04:55:14,BTC,41863.1069
2024-01-02T04:55:15,BTC,41885.923
2024-01-02T04:55:16,BTC,41865.8183
2024-01-02T04:55:17,BTC,41883.9144
2024-01-02T04:55:18,BTC,41865.4463
2024-01-02T04:55:19,BTC,41898.3897
2024-01-02T04:55:20,BTC,41875.0726
2024-01-02T04:55:21,BTC,41877.0328
2024-01-02T04:55:22,BTC,41926.5427
2024-01-02T04:55:23,BTC,41888.3219
2024-01-02T04:55:24,BTC,41857.2264
2024-01-02T04:55:25,BTC,41874.5725
2024-01-02T04:55:26,BTC,41872.0993
2024-01-02T04:55:27,BTC,41884.0867
2024-01-02T04:55:28,BTC,41886.6077
2024-01-02T04:55:29,BTC,41864.3091
2024-01-02T04:55:30,BTC,41855.2925
2024-01-02T04:55:31,BTC,41853.9847
2024-01-02T04:55:32,BTC,41855.2207
2024-01-02T04:55:33,BTC,41873.7523
2024-01-02T04:55:34,BTC,41873.7124
2024-01-02T04:55:35,BTC,41851.3822
2024-01-02T04:55:36,BTC,41841.1611
2024-01-02T04:55:37,BTC,41831.4862
2024-01-02T04:55:38,BTC,41821.2006
2024-01-02T04:55:39,BTC,41825.5867
2024-01-02T04:55:40,BTC,41811.7495
2024-01-02T04:55:41,BTC,41848.1101
2024-01-02T04:55:42,BTC,41853.8948
2024-01-02T04:55:43,BTC,41833.2037
2024-01-02T04:55:44,BTC,41820.4995
2024-01-02T04:55:45,BTC,41835.1649
2024-01-02T04:55:46,BTC,41836.6806
2024-01-02T04:55:47,BTC,41802.1218
2024-01-02T04:55:48,BTC,41761.1283
2024-01-02T04:55:49,BTC,41769.1348
2024-01-02T04:55:50,BTC,41750.9217
2024-01-02T04:55:51,BTC,41728.2363
2024-01-02T04:55:52,BTC,41722.3712
2024-01-02T04:55:53,BTC,41703.6129
2024-01-02T04:55:54,BTC,41728.8068
2024-01-02T04:55:55,BTC,41720.8845
2024-01-02T04:55:56,BTC,41728.7271
2024-01-02T04:55:57,BTC,41743.228
2024-01-02T04:55:58,BTC,41734.6931
2024-01-02T04:55:59,BTC,41700.1333
2024-01-02T04:56:00,BTC,41696.7345
2024-01-02T05:41:00,BTC,41672.618
2024-01-02T05:41:01,BTC,41674.4435
2024-01-02T05:41:02,BTC,41681.0059
2024-01-02T05:41:03,BTC,41679.9676
2024-01-02T05:41:04,BTC,41702.15
2024-01-02T05:41:05,BTC,41701.5419
2024-01-02T05:41:06,BTC,41713.6466
2024-01-02T05:41:07,BTC,41682.5577
2024-01-02T05:41:08,BTC,41658.9357
2024-01-02T05:41:09,BTC,41708.0065
2024-01-02T05:41:10,BTC,41722.8762
2024-01-02T05:41:11,BTC,41702.5582
2024-01-02T05:41:12,BTC,41724.1587
2024-01-02T05:41:13,BTC,41716.1756
2024-01-02T05:41:14,BTC,41751.0109
2024-01-02T05:41:15,BTC,41724.1707
2024-01-02T05:41:16,BTC,41706.9372
2024-01-02T05:41:17,BTC,41721.9726
2024-01-02T05:41:18,BTC,41733.8982
2024-01-02T05:41:19,BTC,41767.5261
2024-01-02T05:41:20,BTC,41786.019
2024-01-02T05:41:21,BTC,41776.244
2024-01-02T05:41:22,BTC,41778.049
2024-01-02T05:41:23,BTC,41805.4915
2024-01-02T05:41:24,BTC,41808.8769
2024-01-02T05:41:25,BTC,41794.3067
2024-01-02T05:41:26,BTC,41785.2279
2024-01-02T05:41:27,BTC,41793.7314
2024-01-02T05:41:28,BTC,41822.5811
2024-01-02T05:41:29,BTC,41801.3482
2024-01-02T05:41:30,BTC,41836.4866
2024-01-02T05:41:31,BTC,41871.5703
2024-01-02T05:41:32,BTC,41843.7038
2024-01-02T05:41:33,BTC,41870.523
2024-01-02T05:41:34,BTC,41865.7327
2024-01-02T05:41:35,BTC,41818.051
2024-01-02T05:41:36,BTC,41795.1965
2024-01-02T05:41:37,BTC,41799.3378
2024-01-02T05:41:38,BTC,41774.3732
2024-01-02T05:41:39,BTC,41798.8182
2024-01-02T05:41:40,BTC,41805.7291
2024-01-02T05:41:41,BTC,41803.9096
2024-01-02T05:41:42,BTC,41774.6175
2024-01-02T05:41:43,BTC,41785.8863
2024-01-02T05:41:44,BTC,41776.8928
2024-01-02T05:41:45,BTC,41768.7725
2024-01-02T05:41:46,BTC,41767.687
2024-01-02T05:41:47,BTC,41789.1421
2024-01-02T05:41:48,BTC,41788.6635
2024-01-02T05:41:49,BTC,41785.3709
2024-01-02T05:41:50,BTC,41781.1227
2024-01-02T05:41:51,BTC,41755.9492
2024-01-02T05:41:52,BTC,41772.6265
2024-01-02T05:41:53,BTC,41740.0812
2024-01-02T05:41:54,BTC,41729.1075
2024-01-02T05:41:55,BTC,41754.125
2024-01-02T05:41:56,BTC,41764.8292
2024-01-02T05:41:57,BTC,41765.4181
2024-01-02T05:41:58,BTC,41746.3728
2024-01-02T05:41:59,BTC,41721.8428
2024-01-02T05:42:00,BTC,41697.9636
2024-01-02T05:42:01,BTC,41695.8657
2024-01-02T05:42:02,BTC,41657.71
2024-01-02T05:42:03,BTC,41698.4307
2024-01-02T05:42:04,BTC,41694.2759
2024-01-02T05:42:05,BTC,41661.2535
2024-01-02T05:42:06,BTC,41697.2321
2024-01-02T05:42:07,BTC,41660.7918
2024-01-02T05:42:08,BTC,41678.3554
2024-01-02T05:42:09,BTC,41712.116
2024-01-02T05:42:10,BTC,41695.66
2024-01-02T05:42:11,BTC,41677.6066
2024-01-02T05:42:12,BTC,41664.7397
2024-01-02T05:42:13,BTC,41661.7928
2024-01-02T05:42:14,BTC,41654.8153
2024-01-02T05:42:15,BTC,41661.3516
2024-01-02T05:42:16,BTC,41633.827
2024-01-02T05:42:17,BTC,41605.6029
2024-01-02T05:42:18,BTC,41582.6628
2024-01-02T05:42:19,BTC,41609.8883
2024-01-02T05:42:20,BTC,41596.1493
2024-01-02T05:42:21,BTC,41582.0001
2024-01-02T05:42:22,BTC,41603.5358
2024-01-02T05:42:23,BTC,41598.2389
2024-01-02T05:42:24,BTC,41589.4481
2024-01-02T05:42:25,BTC,41596.3305
2024-01-02T05:42:26,BTC,41594.4314
2024-01-02T05:42:27,BTC,41579.3616
2024-01-02T05:42:28,BTC,41574.0801
2024-01-02T05:42:29,BTC,41545.349
2024-01-02T05:42:30,BTC,41590.4136
2024-01-02T05:42:31,BTC,41580.1791
2024-01-02T05:42:32,BTC,41568.0442
2024-01-02T05:42:33,BTC,41518.5606
2024-01-02T05:42:34,BTC,41522.5275
2024-01-02T05:42:35,BTC,41532.9708
2024-01-02T05:42:36,BTC,41557.1031
2024-01-02T05:42:37,BTC,41561.6101
2024-01-02T05:42:38,BTC,41554.1205
2024-01-02T05:42:39,BTC,41560.0653
2024-01-02T05:42:40,BTC,41573.86
2024-01-02T05:42:41,BTC,41595.8366
2024-01-02T05:42:42,BTC,41581.443
2024-01-02T05:42:43,BTC,41585.3062
2024-01-02T05:42:44,BTC,41573.996
2024-01-02T05:42:45,BTC,41587.3474
2024-01-02T05:42:46,BTC,41576.5296
2024-01-02T05:42:47,BTC,41577.5083
2024-01-02T05:42:48,BTC,41600.5254
2024-01-02T05:42:49,BTC,41605.0629
2024-01-02T05:42:50,BTC,41637.2501
2024-01-02T05:42:51,BTC,41629.9836
2024-01-02T05:42:52,BTC,41645.2821
2024-01-02T05:42:53,BTC,41669.5776
2024-01-02T05:42:54,BTC,41660.7143
2024-01-02T05:42:55,BTC,41652.2711
2024-01-02T05:42:56,BTC,41677.1624
2024-01-02T05:42:57,BTC,41698.8245
2024-01-02T05:42:58,BTC,41665.8781
2024-01-02T05:42:59,BTC,41659.7458
2024-01-02T05:43:00,BTC,41678.1103
2024-01-02T05:43:01,BTC,41700.3244
2024-01-02T05:43:02,BTC,41726.4898
2024-01-02T05:43:03,BTC,41745.6631
2024-01-02T05:43:04,BTC,41729.874
2024-01-02T05:43:05,BTC,41746.6326
2024-01-02T05:43:06,BTC,41768.4353
2024-01-02T05:43:07,BTC,41735.1845
2024-01-02T05:43:08,BTC,41725.6275
2024-01-02T05:43:09,BTC,41726.6958
2024-01-02T05:43:10,BTC,41712.1726
2024-01-02T05:43:11,BTC,41720.5094
2024-01-02T05:43:12,BTC,41753.4012
2024-01-02T05:43:13,BTC,41769.5853
2024-01-02T05:43:14,BTC,41786.4231
2024-01-02T05:43:15,BTC,41794.602
2024-01-02T05:43:16,BTC,41832.1572
2024-01-02T05:43:17,BTC,41833.8759
2024-01-02T05:43:18,BTC,41848.7972
2024-01-02T05:43:19,BTC,41872.9143
2024-01-02T05:43:20,BTC,41863.0242
2024-01-02T05:43:21,BTC,41857.2034
2024-01-02T05:43:22,BTC,41863.866
2024-01-02T05:43:23,BTC,41877.8339
2024-01-02T05:43:24,BTC,41855.326
2024-01-02T05:43:25,BTC,41829.6475
2024-01-02T05:43:26,BTC,41844.833
2024-01-02T05:43:27,BTC,41858.8603
2024-01-02T05:43:28,BTC,41875.5325
2024-01-02T05:43:29,BTC,41859.3969
2024-01-02T05:43:30,BTC,41868.7103
2024-01-02T05:43:31,BTC,41848.4549
2024-01-02T05:43:32,BTC,41837.1073
2024-01-02T05:43:33,BTC,41823.2112
2024-01-02T05:43:34,BTC,41808.2268
2024-01-02T05:43:35,BTC,41750.5805
2024-01-02T05:43:36,BTC,41724.6637
2024-01-02T05:43:37,BTC,41726.6788
2024-01-02T05:43:38,BTC,41737.0664
2024-01-02T05:43:39,BTC,41751.764
2024-01-02T05:43:40,BTC,41750.9684
2024-01-02T05:43:41,BTC,41724.6626
2024-01-02T05:43:42,BTC,41731.7049
2024-01-02T05:43:43,BTC,41748.082
2024-01-02T05:43:44,BTC,41780.3505
2024-01-02T05:43:45,BTC,41787.2665
2024-01-02T05:43:46,BTC,41779.8814
2024-01-02T05:43:47,BTC,41767.972
2024-01-02T05:43:48,BTC,41751.3573
2024-01-02T05:43:49,BTC,41738.436
2024-01-02T05:43:50,BTC,41731.175
2024-01-02T05:43:51,BTC,41740.186
2024-01-02T05:43:52,BTC,41758.1168
2024-01-02T05:43:53,BTC,41724.6358
2024-01-02T05:43:54,BTC,41711.6172
2024-01-02T05:43:55,BTC,41699.3523
2024-01-02T05:43:56,BTC,41663.3294
2024-01-02T05:43:57,BTC,41673.3414
2024-01-02T05:43:58,BTC,41682.7007
2024-01-02T05:43:59,BTC,41676.0896
2024-01-02T05:44:00,BTC,41679.9993
2024-01-02T05:44:01,BTC,41674.9314
2024-01-02T05:44:02,BTC,41669.23
2024-01-02T05:44:03,BTC,41690.9089
2024-01-02T05:44:04,BTC,41704.1291
2024-01-02T05:44:05,BTC,41703.3201
2024-01-02T05:44:06,BTC,41693.1915
2024-01-02T05:44:07,BTC,41706.0648
2024-01-02T05:44:08,BTC,41702.1406
2024-01-02T05:44:09,BTC,41680.3046
2024-01-02T05:44:10,BTC,41654.3629
2024-01-02T05:44:11,BTC,41620.6589
2024-01-02T05:44:12,BTC,41599.8439
2024-01-02T05:44:13,BTC,41592.2005
2024-01-02T05:44:14,BTC,41575.9621
2024-01-02T05:44:15,BTC,41569.7665
2024-01-02T05:44:16,BTC,41596.2779
2024-01-02T05:44:17,BTC,41586.2601
2024-01-02T05:44:18,BTC,41565.7049
2024-01-02T05:44:19,BTC,41556.0854
2024-01-02T05:44:20,BTC,41563.8627
2024-01-02T05:44:21,BTC,41558.3695
2024-01-02T05:44:22,BTC,41562.55
2024-01-02T05:44:23,BTC,41582.9002
2024-01-02T05:44:24,BTC,41589.5006
2024-01-02T05:44:25,BTC,41578.7218
2024-01-02T05:44:26,BTC,41564.8695
2024-01-02T05:44:27,BTC,41569.3395
2024-01-02T05:44:28,BTC,41604.4173
2024-01-02T05:44:29,BTC,41597.6701
2024-01-02T05:44:30,BTC,41612.2968
2024-01-02T05:44:31,BTC,41580.8967
2024-01-02T05:44:32,BTC,41564.3441
2024-01-02T05:44:33,BTC,41581.8561
2024-01-02T05:44:34,BTC,41557.3821
2024-01-02T05:44:35,BTC,41565.8141
2024-01-02T05:44:36,BTC,41552.0487
2024-01-02T05:44:37,BTC,41608.7715
2024-01-02T05:44:38,BTC,41572.2259
2024-01-02T05:44:39,BTC,41592.1763
2024-01-02T05:44:40,BTC,41599.6291
2024-01-02T05:44:41,BTC,41602.8985
2024-01-02T05:44:42,BTC,41619.1654
2024-01-02T05:44:43,BTC,41610.2194
2024-01-02T05:44:44,BTC,41643.8696
2024-01-02T05:44:45,BTC,41624.4987
2024-01-02T05:44:46,BTC,41665.14
2024-01-02T05:44:47,BTC,41641.7034
2024-01-02T05:44:48,BTC,41631.6021
2024-01-02T05:44:49,BTC,41639.2519
2024-01-02T05:44:50,BTC,41634.726
2024-01-02T05:44:51,BTC,41627.1549
2024-01-02T05:44:52,BTC,41627.5458
2024-01-02T05:44:53,BTC,41610.4044
2024-01-02T05:44:54,BTC,41623.7879
2024-01-02T05:44:55,BTC,41607.2935
2024-01-02T05:44:56,BTC,41613.4847
2024-01-02T05:44:57,BTC,41632.1727
2024-01-02T05:44:58,BTC,41621.4612
2024-01-02T05:44:59,BTC,41635.8868
2024-01-02T05:45:00,BTC,41616.2934
2024-01-02T05:45:01,BTC,41622.3618
2024-01-02T05:45:02,BTC,41616.96
2024-01-02T05:45:03,BTC,41607.0609
2024-01-02T05:45:04,BTC,41599.1085
2024-01-02T05:45:05,BTC,41597.4715
2024-01-02T05:45:06,BTC,41617.9846
2024-01-02T05:45:07,BTC,41576.6526
2024-01-02T05:45:08,BTC,41578.8408
2024-01-02T05:45:09,BTC,41589.5981
2024-01-02T05:45:10,BTC,41591.0158
2024-01-02T05:45:11,BTC,41607.837
2024-01-02T05:45:12,BTC,41623.0844
2024-01-02T05:45:13,BTC,41646.3399
2024-01-02T05:45:14,BTC,41654.4918
2024-01-02T05:45:15,BTC,41659.7549
2024-01-02T05:45:16,BTC,41690.4264
2024-01-02T05:45:17,BTC,41700.2601
2024-01-02T05:45:18,BTC,41706.0357
2024-01-02T05:45:19,BTC,41728.6574
2024-01-02T05:45:20,BTC,41762.9977
2024-01-02T05:45:21,BTC,41793.1494
2024-01-02T05:45:22,BTC,41789.7296
2024-01-02T05:45:23,BTC,41813.3534
2024-01-02T05:45:24,BTC,41789.6653
2024-01-02T05:45:25,BTC,41793.2598
2024-01-02T05:45:26,BTC,41776.4874
2024-01-02T05:45:27,BTC,41815.2052
2024-01-02T05:45:28,BTC,41797.4666
2024-01-02T05:45:29,BTC,41794.8731
2024-01-02T05:45:30,BTC,41804.0494
2024-01-02T05:45:31,BTC,41788.2523
2024-01-02T05:45:32,BTC,41785.581
2024-01-02T05:45:33,BTC,41792.7851
2024-01-02T05:45:34,BTC,41852.8325
2024-01-02T05:45:35,BTC,41881.7805
2024-01-02T05:45:36,BTC,41903.9686
2024-01-02T05:45:37,BTC,41892.4163
2024-01-02T05:45:38,BTC,41873.4535
2024-01-02T05:45:39,BTC,41846.9784
2024-01-02T05:45:40,BTC,41856.8835
2024-01-02T05:45:41,BTC,41837.1634
2024-01-02T05:45:42,BTC,41875.1725
2024-01-02T05:45:43,BTC,41902.05
2024-01-02T05:45:44,BTC,41897.8025
2024-01-02T05:45:45,BTC,41871.7115
2024-01-02T05:45:46,BTC,41896.1623
2024-01-02T05:45:47,BTC,41899.751
2024-01-02T05:45:48,BTC,41922.4649
2024-01-02T05:45:49,BTC,41894.7898
2024-01-02T05:45:50,BTC,41885.1714
2024-01-02T05:45:51,BTC,41907.2843
2024-01-02T05:45:52,BTC,41872.5044
2024-01-02T05:45:53,BTC,41839.5863
2024-01-02T05:45:54,BTC,41822.1255
2024-01-02T05:45:55,BTC,41847.012
2024-01-02T05:45:56,BTC,41849.0101
2024-01-02T05:45:57,BTC,41870.7613
2024-01-02T05:45:58,BTC,41849.8466
2024-01-02T05:45:59,BTC,41863.4141
2024-01-02T05:46:00,BTC,41887.5634
2024-01-02T05:46:01,BTC,41890.6562
2024-01-02T05:46:02,BTC,41907.6628
2024-01-02T05:46:03,BTC,41873.3204
2024-01-02T05:46:04,BTC,41862.3015
2024-01-02T05:46:05,BTC,41864.655
2024-01-02T05:46:06,BTC,41863.1139
2024-01-02T05:46:07,BTC,41858.24
2024-01-02T05:46:08,BTC,41868.1878
2024-01-02T05:46:09,BTC,41877.7063
2024-01-02T05:46:10,BTC,41870.0845
2024-01-02T05:46:11,BTC,41875.0314
2024-01-02T05:46:12,BTC,41923.8765
2024-01-02T05:46:13,BTC,41903.3652
2024-01-02T05:46:14,BTC,41914.5341
2024-01-02T05:46:15,BTC,41889.2666
2024-01-02T05:46:16,BTC,41869.6386
2024-01-02T05:46:17,BTC,41878.5422
2024-01-02T05:46:18,BTC,41882.9557
2024-01-02T05:46:19,BTC,41878.1768
2024-01-02T05:46:20,BTC,41874.8551
2024-01-02T05:46:21,BTC,41834.1496
2024-01-02T05:46:22,BTC,41814.9934
2024-01-02T05:46:23,BTC,41763.4436
2024-01-02T05:46:24,BTC,41763.3966
2024-01-02T05:46:25,BTC,41782.8548
2024-01-02T05:46:26,BTC,41797.7477
2024-01-02T05:46:27,BTC,41797.8463
2024-01-02T05:46:28,BTC,41833.3267
2024-01-02T05:46:29,BTC,41836.2373
2024-01-02T05:46:30,BTC,41856.8063
2024-01-02T05:46:31,BTC,41865.4295
2024-01-02T05:46:32,BTC,41863.3043
2024-01-02T05:46:33,BTC,41889.725
2024-01-02T05:46:34,BTC,41881.4381
2024-01-02T05:46:35,BTC,41891.0265
2024-01-02T05:46:36,BTC,41902.4608
2024-01-02T05:46:37,BTC,41916.4224
2024-01-02T05:46:38,BTC,41894.4233
2024-01-02T05:46:39,BTC,41878.6422
2024-01-02T05:46:40,BTC,41877.545
2024-01-02T05:46:41,BTC,41859.6829
2024-01-02T05:46:42,BTC,41837.6852
2024-01-02T05:46:43,BTC,41835.0504
2024-01-02T05:46:44,BTC,41845.6888
2024-01-02T05:46:45,BTC,41834.3133
2024-01-02T05:46:46,BTC,41844.28
2024-01-02T05:46:47,BTC,41840.7832
2024-01-02T05:46:48,BTC,41819.8234
2024-01-02T05:46:49,BTC,41837.4506
2024-01-02T05:46:50,BTC,41833.8945
2024-01-02T05:46:51,BTC,41832.9835
2024-01-02T05:46:52,BTC,41808.0014
2024-01-02T05:46:53,BTC,41825.5329
2024-01-02T05:46:54,BTC,41789.4862
2024-01-02T05:46:55,BTC,41766.4611
2024-01-02T05:46:56,BTC,41800.5529
2024-01-02T05:46:57,BTC,41809.5098
2024-01-02T05:46:58,BTC,41780.0299
2024-01-02T05:46:59,BTC,41828.4151
2024-01-02T05:47:00,BTC,41799.9501
2024-01-02T07:20:00,BTC,41791.3054
2024-01-02T07:20:01,BTC,41793.8758
2024-01-02T07:20:02,BTC,41782.7358
2024-01-02T07:20:03,BTC,41803.7579
2024-01-02T07:20:04,BTC,41787.703
2024-01-02T07:20:05,BTC,41823.6433
2024-01-02T07:20:06,BTC,41844.2874
2024-01-02T07:20:07,BTC,41815.5031
2024-01-02T07:20:08,BTC,41817.7632
2024-01-02T07:20:09,BTC,41832.8878
2024-01-02T07:20:10,BTC,41799.8617
2024-01-02T07:20:11,BTC,41756.6628
2024-01-02T07:20:12,BTC,41708.0393
2024-01-02T07:20:13,BTC,41708.2279
2024-01-02T07:20:14,BTC,41702.0123
2024-01-02T07:20:15,BTC,41669.3782
2024-01-02T07:20:16,BTC,41665.3155
2024-01-02T07:20:17,BTC,41650.923
2024-01-02T07:20:18,BTC,41640.5217
2024-01-02T07:20:19,BTC,41630.7501
2024-01-02T07:20:20,BTC,41626.1414
2024-01-02T07:20:21,BTC,41605.7723
2024-01-02T07:20:22,BTC,41631.5061
2024-01-02T07:20:23,BTC,41647.9798
2024-01-02T07:20:24,BTC,41627.1385
2024-01-02T07:20:25,BTC,41620.0885
2024-01-02T07:20:26,BTC,41601.3698
2024-01-02T07:20:27,BTC,41593.9157
2024-01-02T07:20:28,BTC,41595.986
2024-01-02T07:20:29,BTC,41601.0981
2024-01-02T07:20:30,BTC,41554.7744
2024-01-02T07:20:31,BTC,41553.5234
2024-01-02T07:20:32,BTC,41541.9431
2024-01-02T07:20:33,BTC,41539.5006
2024-01-02T07:20:34,BTC,41565.492
2024-01-02T07:20:35,BTC,41556.9159
2024-01-02T07:20:36,BTC,41551.9245
2024-01-02T07:20:37,BTC,41553.2235
2024-01-02T07:20:38,BTC,41525.6532
2024-01-02T07:20:39,BTC,41502.2876
2024-01-02T07:20:40,BTC,41493.2056
2024-01-02T07:20:41,BTC,41460.1315
2024-01-02T07:20:42,BTC,41459.46
2024-01-02T07:20:43,BTC,41486.7427
2024-01-02T07:20:44,BTC,41447.5085
2024-01-02T07:20:45,BTC,41485.2069
2024-01-02T07:20:46,BTC,41441.882
2024-01-02T07:20:47,BTC,41437.6393
2024-01-02T07:20:48,BTC,41470.836
2024-01-02T07:20:49,BTC,41452.5598
2024-01-02T07:20:50,BTC,41428.9034
2024-01-02T07:20:51,BTC,41447.9627
2024-01-02T07:20:52,BTC,41426.6822
2024-01-02T07:20:53,BTC,41421.5941
2024-01-02T07:20:54,BTC,41428.5226
2024-01-02T07:20:55,BTC,41414.2276
2024-01-02T07:20:56,BTC,41423.6024
2024-01-02T07:20:57,BTC,41419.4624
2024-01-02T07:20:58,BTC,41395.5226
2024-01-02T07:20:59,BTC,41369.1986
2024-01-02T07:21:00,BTC,41337.4191
2024-01-02T07:21:01,BTC,41379.1398
2024-01-02T07:21:02,BTC,41376.2908
2024-01-02T07:21:03,BTC,41359.1704
2024-01-02T07:21:04,BTC,41359.3506
2024-01-02T07:21:05,BTC,41317.8716
2024-01-02T07:21:06,BTC,41259.8196
2024-01-02T07:21:07,BTC,41256.5453
2024-01-02T07:21:08,BTC,41241.2381
2024-01-02T07:21:09,BTC,41245.5334
2024-01-02T07:21:10,BTC,41196.6732
2024-01-02T07:21:11,BTC,41193.0405
2024-01-02T07:21:12,BTC,41167.6956
2024-01-02T07:21:13,BTC,41167.1997
2024-01-02T07:21:14,BTC,41157.9812
2024-01-02T07:21:15,BTC,41123.1183
2024-01-02T07:21:16,BTC,41078.3891
2024-01-02T07:21:17,BTC,41054.1149
2024-01-02T07:21:18,BTC,41039.7942
2024-01-02T07:21:19,BTC,41047.3998
2024-01-02T07:21:20,BTC,41067.0126
2024-01-02T07:21:21,BTC,41077.4919
2024-01-02T07:21:22,BTC,41073.6354
2024-01-02T07:21:23,BTC,41107.1548
2024-01-02T07:21:24,BTC,41103.2328
2024-01-02T07:21:25,BTC,41127.5219
2024-01-02T07:21:26,BTC,41141.3869
2024-01-02T07:21:27,BTC,41119.3206
2024-01-02T07:21:28,BTC,41090.9843
2024-01-02T07:21:29,BTC,41060.0995
2024-01-02T07:21:30,BTC,41031.2957
2024-01-02T07:21:31,BTC,41001.2887
2024-01-02T07:21:32,BTC,40984.0424
2024-01-02T07:21:33,BTC,40968.1046
2024-01-02T07:21:34,BTC,40955.4048
2024-01-02T07:21:35,BTC,40950.4957
2024-01-02T07:21:36,BTC,40966.1192
2024-01-02T07:21:37,BTC,40920.7494
2024-01-02T07:21:38,BTC,40928.8414
2024-01-02T07:21:39,BTC,40936.0869
2024-01-02T07:21:40,BTC,40924.7568
2024-01-02T07:21:41,BTC,40906.0836
2024-01-02T07:21:42,BTC,40880.1054
2024-01-02T07:21:43,BTC,40895.5651
2024-01-02T07:21:44,BTC,40852.1512
2024-01-02T07:21:45,BTC,40864.4902
2024-01-02T07:21:46,BTC,40834.5234
2024-01-02T07:21:47,BTC,40813.0408
2024-01-02T07:21:48,BTC,40819.2497
2024-01-02T07:21:49,BTC,40778.7854
2024-01-02T07:21:50,BTC,40759.7348
2024-01-02T07:21:51,BTC,40738.3213
2024-01-02T07:21:52,BTC,40732.8931
2024-01-02T07:21:53,BTC,40730.9885
2024-01-02T07:21:54,BTC,40684.7821
2024-01-02T07:21:55,BTC,40711.2568
2024-01-02T07:21:56,BTC,40676.4061
2024-01-02T07:21:57,BTC,40636.8141
2024-01-02T07:21:58,BTC,40610.2325
2024-01-02T07:21:59,BTC,40613.2154
2024-01-02T07:22:00,BTC,40587.0741
2024-01-02T07:22:01,BTC,40614.5109
2024-01-02T07:22:02,BTC,40626.1325
2024-01-02T07:22:03,BTC,40653.7199
2024-01-02T07:22:04,BTC,40655.779
2024-01-02T07:22:05,BTC,40604.7927
2024-01-02T07:22:06,BTC,40593.2862
2024-01-02T07:22:07,BTC,40610.0838
2024-01-02T07:22:08,BTC,40599.1947
2024-01-02T07:22:09,BTC,40577.0544
2024-01-02T07:22:10,BTC,40570.7889
2024-01-02T07:22:11,BTC,40547.5317
2024-01-02T07:22:12,BTC,40541.3967
2024-01-02T07:22:13,BTC,40523.9661
2024-01-02T07:22:14,BTC,40506.2473
2024-01-02T07:22:15,BTC,40529.3863
2024-01-02T07:22:16,BTC,40513.1583
2024-01-02T07:22:17,BTC,40488.4829
2024-01-02T07:22:18,BTC,40481.9797
2024-01-02T07:22:19,BTC,40469.0417
2024-01-02T07:22:20,BTC,40453.6374
2024-01-02T07:22:21,BTC,40455.7045
2024-01-02T07:22:22,BTC,40421.3151
2024-01-02T07:22:23,BTC,40445.8336
2024-01-02T07:22:24,BTC,40421.1983
2024-01-02T07:22:25,BTC,40402.6255
2024-01-02T07:22:26,BTC,40396.9916
2024-01-02T07:22:27,BTC,40390.5153
2024-01-02T07:22:28,BTC,40395.319
2024-01-02T07:22:29,BTC,40407.0757
2024-01-02T07:22:30,BTC,40420.6847
2024-01-02T07:22:31,BTC,40422.0619
2024-01-02T07:22:32,BTC,40476.8635
2024-01-02T07:22:33,BTC,40451.7134
2024-01-02T07:22:34,BTC,40463.839
2024-01-02T07:22:35,BTC,40461.222
2024-01-02T07:22:36,BTC,40442.8638
2024-01-02T07:22:37,BTC,40444.3054
2024-01-02T07:22:38,BTC,40433.7135
2024-01-02T07:22:39,BTC,40423.2677
2024-01-02T07:22:40,BTC,40384.6805
2024-01-02T07:22:41,BTC,40359.2605
2024-01-02T07:22:42,BTC,40327.4928
2024-01-02T07:22:43,BTC,40319.7299
2024-01-02T07:22:44,BTC,40288.2516
2024-01-02T07:22:45,BTC,40289.0241
2024-01-02T07:22:46,BTC,40284.5019
2024-01-02T07:22:47,BTC,40273.2383
2024-01-02T07:22:48,BTC,40268.5901
2024-01-02T07:22:49,BTC,40265.7427
2024-01-02T07:22:50,BTC,40255.4209
2024-01-02T07:22:51,BTC,40274.8259
2024-01-02T07:22:52,BTC,40263.1561
2024-01-02T07:22:53,BTC,40209.1915
2024-01-02T07:22:54,BTC,40200.3799
2024-01-02T07:22:55,BTC,40181.1459
2024-01-02T07:22:56,BTC,40158.2045
2024-01-02T07:22:57,BTC,40146.0114
2024-01-02T07:22:58,BTC,40175.7575
2024-01-02T07:22:59,BTC,40153.7897
2024-01-02T07:23:00,BTC,40155.2639
2024-01-02T07:23:01,BTC,40130.4501
2024-01-02T07:23:02,BTC,40135.2968
2024-01-02T07:23:03,BTC,40109.504
2024-01-02T07:23:04,BTC,40066.0936
2024-01-02T07:23:05,BTC,40078.0592
2024-01-02T07:23:06,BTC,40040.5951
2024-01-02T07:23:07,BTC,40036.1148
2024-01-02T07:23:08,BTC,40043.3601
2024-01-02T07:23:09,BTC,40032.3809
2024-01-02T07:23:10,BTC,40027.2009
2024-01-02T07:23:11,BTC,40014.1113
2024-01-02T07:23:12,BTC,40010.0357
2024-01-02T07:23:13,BTC,40040.9362
2024-01-02T07:23:14,BTC,40027.83
2024-01-02T07:23:15,BTC,40022.0381
2024-01-02T07:23:16,BTC,40005.0838
2024-01-02T07:23:17,BTC,39977.2196
2024-01-02T07:23:18,BTC,39958.889
2024-01-02T07:23:19,BTC,39964.2357
2024-01-02T07:23:20,BTC,39953.22
2024-01-02T07:23:21,BTC,39971.7155
2024-01-02T07:23:22,BTC,39927.5727
2024-01-02T07:23:23,BTC,39933.8049
2024-01-02T07:23:24,BTC,39923.9302
2024-01-02T07:23:25,BTC,39873.9818
2024-01-02T07:23:26,BTC,39859.3521
2024-01-02T07:23:27,BTC,39859.4395
2024-01-02T07:23:28,BTC,39864.8141
2024-01-02T07:23:29,BTC,39869.6174
2024-01-02T07:23:30,BTC,39858.1544
2024-01-02T07:23:31,BTC,39855.1382
2024-01-02T07:23:32,BTC,39861.3891
2024-01-02T07:23:33,BTC,39837.3496
2024-01-02T07:23:34,BTC,39821.6216
2024-01-02T07:23:35,BTC,39847.5537
2024-01-02T07:23:36,BTC,39851.6058
2024-01-02T07:23:37,BTC,39821.4483
2024-01-02T07:23:38,BTC,39815.1611
2024-01-02T07:23:39,BTC,39835.157
2024-01-02T07:23:40,BTC,39849.0286
2024-01-02T07:23:41,BTC,39832.8984
2024-01-02T07:23:42,BTC,39821.526
2024-01-02T07:23:43,BTC,39846.3303
2024-01-02T07:23:44,BTC,39870.6447
2024-01-02T07:23:45,BTC,39858.4034
2024-01-02T07:23:46,BTC,39828.4577
2024-01-02T07:23:47,BTC,39826.2678
2024-01-02T07:23:48,BTC,39826.0108
2024-01-02T07:23:49,BTC,39816.7828
2024-01-02T07:23:50,BTC,39806.5719
2024-01-02T07:23:51,BTC,39850.7639
2024-01-02T07:23:52,BTC,39847.1813
2024-01-02T07:23:53,BTC,39841.3729
2024-01-02T07:23:54,BTC,39851.997
2024-01-02T07:23:55,BTC,39858.9231
2024-01-02T07:23:56,BTC,39872.8212
2024-01-02T07:23:57,BTC,39877.1835
2024-01-02T07:23:58,BTC,39816.1296
2024-01-02T07:23:59,BTC,39786.2481
2024-01-02T07:24:00,BTC,39779.6538
2024-01-02T07:24:01,BTC,39773.7125
2024-01-02T07:24:02,BTC,39750.5456
2024-01-02T07:24:03,BTC,39740.7424
2024-01-02T07:24:04,BTC,39732.2397
2024-01-02T07:24:05,BTC,39764.6536
2024-01-02T07:24:06,BTC,39749.5711
2024-01-02T07:24:07,BTC,39754.0511
2024-01-02T07:24:08,BTC,39707.608
2024-01-02T07:24:09,BTC,39725.4791
2024-01-02T07:24:10,BTC,39690.3041
2024-01-02T07:24:11,BTC,39717.6159
2024-01-02T07:24:12,BTC,39740.5588
2024-01-02T07:24:13,BTC,39738.4324
2024-01-02T07:24:14,BTC,39731.0371
2024-01-02T07:24:15,BTC,39722.4302
2024-01-02T07:24:16,BTC,39719.4821
2024-01-02T07:24:17,BTC,39700.3243
2024-01-02T07:24:18,BTC,39698.7062
2024-01-02T07:24:19,BTC,39696.9152
2024-01-02T07:24:20,BTC,39689.1682
2024-01-02T07:24:21,BTC,39687.5002
2024-01-02T07:24:22,BTC,39701.6537
2024-01-02T07:24:23,BTC,39746.0174
2024-01-02T07:24:24,BTC,39710.6763
2024-01-02T07:24:25,BTC,39706.8738
2024-01-02T07:24:26,BTC,39709.9883
2024-01-02T07:24:27,BTC,39707.8028
2024-01-02T07:24:28,BTC,39711.4646
2024-01-02T07:24:29,BTC,39672.2151
2024-01-02T07:24:30,BTC,39639.5761
2024-01-02T07:24:31,BTC,39631.9294
2024-01-02T07:24:32,BTC,39622.5484
2024-01-02T07:24:33,BTC,39648.8593
2024-01-02T07:24:34,BTC,39631.6221
2024-01-02T07:24:35,BTC,39622.1603
2024-01-02T07:24:36,BTC,39639.154
2024-01-02T07:24:37,BTC,39605.2735
2024-01-02T07:24:38,BTC,39613.0691
2024-01-02T07:24:39,BTC,39574.7917
2024-01-02T07:24:40,BTC,39567.1906
2024-01-02T07:24:41,BTC,39563.2096
2024-01-02T07:24:42,BTC,39533.7461
2024-01-02T07:24:43,BTC,39555.6721
2024-01-02T07:24:44,BTC,39555.2473
2024-01-02T07:24:45,BTC,39539.359
2024-01-02T07:24:46,BTC,39534.0089
2024-01-02T07:24:47,BTC,39547.3423
2024-01-02T07:24:48,BTC,39501.0732
2024-01-02T07:24:49,BTC,39510.8069
2024-01-02T07:24:50,BTC,39500.7333
2024-01-02T07:24:51,BTC,39501.7124
2024-01-02T07:24:52,BTC,39500.7832
2024-01-02T07:24:53,BTC,39453.2488
2024-01-02T07:24:54,BTC,39461.2658
2024-01-02T07:24:55,BTC,39458.6257
2024-01-02T07:24:56,BTC,39503.5045
2024-01-02T07:24:57,BTC,39517.7012
2024-01-02T07:24:58,BTC,39520.3898
2024-01-02T07:24:59,BTC,39520.0056
2024-01-02T07:25:00,BTC,39513.9344
2024-01-02T07:25:01,BTC,39513.782
2024-01-02T07:25:02,BTC,39519.432
2024-01-02T07:25:03,BTC,39479.2084
2024-01-02T07:25:04,BTC,39445.0906
2024-01-02T07:25:05,BTC,39448.9125
2024-01-02T07:25:06,BTC,39433.7363
2024-01-02T07:25:07,BTC,39407.165
2024-01-02T07:25:08,BTC,39390.2336
2024-01-02T07:25:09,BTC,39389.932
2024-01-02T07:25:10,BTC,39353.827
2024-01-02T07:25:11,BTC,39360.5158
2024-01-02T07:25:12,BTC,39343.3179
2024-01-02T07:25:13,BTC,39343.9208
2024-01-02T07:25:14,BTC,39341.2573
2024-01-02T07:25:15,BTC,39349.8288
2024-01-02T07:25:16,BTC,39349.5855
2024-01-02T07:25:17,BTC,39351.3496
2024-01-02T07:25:18,BTC,39352.1132
2024-01-02T07:25:19,BTC,39324.2524
2024-01-02T07:25:20,BTC,39316.6667
2024-01-02T07:25:21,BTC,39314.91
2024-01-02T07:25:22,BTC,39333.3535
2024-01-02T07:25:23,BTC,39327.8477
2024-01-02T07:25:24,BTC,39357.0755
2024-01-02T07:25:25,BTC,39355.5147
2024-01-02T07:25:26,BTC,39340.8405
2024-01-02T07:25:27,BTC,39336.2521
2024-01-02T07:25:28,BTC,39297.9534
2024-01-02T07:25:29,BTC,39263.929
2024-01-02T07:25:30,BTC,39251.2908
2024-01-02T07:25:31,BTC,39270.8847
2024-01-02T07:25:32,BTC,39243.0724
2024-01-02T07:25:33,BTC,39294.0537
2024-01-02T07:25:34,BTC,39279.0925
2024-01-02T07:25:35,BTC,39302.717
2024-01-02T07:25:36,BTC,39301.441
2024-01-02T07:25:37,BTC,39301.2627
2024-01-02T07:25:38,BTC,39290.2823
2024-01-02T07:25:39,BTC,39292.7902
2024-01-02T07:25:40,BTC,39298.9019
2024-01-02T07:25:41,BTC,39288.2074
2024-01-02T07:25:42,BTC,39271.5792
2024-01-02T07:25:43,BTC,39257.6176
2024-01-02T07:25:44,BTC,39258.1733
2024-01-02T07:25:45,BTC,39266.5431
2024-01-02T07:25:46,BTC,39227.0996
2024-01-02T07:25:47,BTC,39261.8668
2024-01-02T07:25:48,BTC,39230.5353
2024-01-02T07:25:49,BTC,39208.9509
2024-01-02T07:25:50,BTC,39178.0282
2024-01-02T07:25:51,BTC,39159.3802
2024-01-02T07:25:52,BTC,39202.6505
2024-01-02T07:25:53,BTC,39149.0071
2024-01-02T07:25:54,BTC,39131.8309
2024-01-02T07:25:55,BTC,39116.2917
2024-01-02T07:25:56,BTC,39094.3504
2024-01-02T07:25:57,BTC,39118.3714
2024-01-02T07:25:58,BTC,39113.3733
2024-01-02T07:25:59,BTC,39100.5554
2024-01-02T07:26:00,BTC,39077.5955
2024-01-02T08:27:00,BTC,39087.9164
2024-01-02T08:27:01,BTC,39072.6533
2024-01-02T08:27:02,BTC,39090.2366
2024-01-02T08:27:03,BTC,39070.219
2024-01-02T08:27:04,BTC,39071.2338
2024-01-02T08:27:05,BTC,39060.9555
2024-01-02T08:27:06,BTC,39069.7129
2024-01-02T08:27:07,BTC,39053.7661
2024-01-02T08:27:08,BTC,39093.7052
2024-01-02T08:27:09,BTC,39092.4331
2024-01-02T08:27:10,BTC,39085.8667
2024-01-02T08:27:11,BTC,39091.1837
2024-01-02T08:27:12,BTC,39103.8811
2024-01-02T08:27:13,BTC,39093.4921
2024-01-02T08:27:14,BTC,39071.1632
2024-01-02T08:27:15,BTC,39065.8081
2024-01-02T08:27:16,BTC,39048.1856
2024-01-02T08:27:17,BTC,39045.4151
2024-01-02T08:27:18,BTC,39047.0597
2024-01-02T08:27:19,BTC,39033.249
2024-01-02T08:27:20,BTC,39025.9083
2024-01-02T08:27:21,BTC,39059.8556
2024-01-02T08:27:22,BTC,39078.8055
2024-01-02T08:27:23,BTC,39054.4652
2024-01-02T08:27:24,BTC,39062.6053
2024-01-02T08:27:25,BTC,39057.5517
2024-01-02T08:27:26,BTC,39051.0976
2024-01-02T08:27:27,BTC,39022.6875
2024-01-02T08:27:28,BTC,39019.4229
2024-01-02T08:27:29,BTC,39014.3629
2024-01-02T08:27:30,BTC,39038.7638
2024-01-02T08:27:31,BTC,39008.6411
2024-01-02T08:27:32,BTC,39034.1876
2024-01-02T08:27:33,BTC,38986.8521
2024-01-02T08:27:34,BTC,39013.2204
2024-01-02T08:27:35,BTC,38994.5186
2024-01-02T08:27:36,BTC,38984.139
2024-01-02T08:27:37,BTC,38929.5145
2024-01-02T08:27:38,BTC,38946.8968
2024-01-02T08:27:39,BTC,38948.3179
2024-01-02T08:27:40,BTC,38953.8698
2024-01-02T08:27:41,BTC,38957.9355
2024-01-02T08:27:42,BTC,38930.3486
2024-01-02T08:27:43,BTC,38909.954
2024-01-02T08:27:44,BTC,38869.1358
2024-01-02T08:27:45,BTC,38860.8801
2024-01-02T08:27:46,BTC,38845.0778
2024-01-02T08:27:47,BTC,38837.7929
2024-01-02T08:27:48,BTC,38814.1475
2024-01-02T08:27:49,BTC,38801.866
2024-01-02T08:27:50,BTC,38779.797
2024-01-02T08:27:51,BTC,38770.0782
2024-01-02T08:27:52,BTC,38760.2212
2024-01-02T08:27:53,BTC,38750.0861
2024-01-02T08:27:54,BTC,38713.8277
2024-01-02T08:27:55,BTC,38705.9572
2024-01-02T08:27:56,BTC,38701.6405
2024-01-02T08:27:57,BTC,38710.5845
2024-01-02T08:27:58,BTC,38719.0014
2024-01-02T08:27:59,BTC,38716.7853
2024-01-02T08:28:00,BTC,38699.8747
2024-01-02T08:28:01,BTC,38708.7555
2024-01-02T08:28:02,BTC,38701.4568
2024-01-02T08:28:03,BTC,38648.0015
2024-01-02T08:28:04,BTC,38620.5632
2024-01-02T08:28:05,BTC,38601.874
2024-01-02T08:28:06,BTC,38596.7527
2024-01-02T08:28:07,BTC,38598.39
2024-01-02T08:28:08,BTC,38610.7639
2024-01-02T08:28:09,BTC,38615.7451
2024-01-02T08:28:10,BTC,38612.2815
2024-01-02T08:28:11,BTC,38594.5994
2024-01-02T08:28:12,BTC,38593.0022
2024-01-02T08:28:13,BTC,38579.7265
2024-01-02T08:28:14,BTC,38540.3603
2024-01-02T08:28:15,BTC,38541.0301
2024-01-02T08:28:16,BTC,38517.4071
2024-01-02T08:28:17,BTC,38541.5501
2024-01-02T08:28:18,BTC,38508.5193
2024-01-02T08:28:19,BTC,38502.2324
2024-01-02T08:28:20,BTC,38515.4676
2024-01-02T08:28:21,BTC,38519.7053
2024-01-02T08:28:22,BTC,38513.4826
2024-01-02T08:28:23,BTC,38487.0817
2024-01-02T08:28:24,BTC,38478.9215
2024-01-02T08:28:25,BTC,38445.4492
2024-01-02T08:28:26,BTC,38432.7913
2024-01-02T08:28:27,BTC,38419.722
2024-01-02T08:28:28,BTC,38399.8241
2024-01-02T08:28:29,BTC,38393.5673
2024-01-02T08:28:30,BTC,38370.2841
2024-01-02T08:28:31,BTC,38334.1328
2024-01-02T08:28:32,BTC,38304.2727
2024-01-02T08:28:33,BTC,38315.8652
2024-01-02T08:28:34,BTC,38313.7527
2024-01-02T08:28:35,BTC,38333.5413
2024-01-02T08:28:36,BTC,38342.355
2024-01-02T08:28:37,BTC,38301.6395
2024-01-02T08:28:38,BTC,38319.8823
2024-01-02T08:28:39,BTC,38319.5875
2024-01-02T08:28:40,BTC,38286.963
2024-01-02T08:28:41,BTC,38283.5493
2024-01-02T08:28:42,BTC,38244.7901
2024-01-02T08:28:43,BTC,38255.2236
2024-01-02T08:28:44,BTC,38267.915
2024-01-02T08:28:45,BTC,38250.6835
2024-01-02T08:28:46,BTC,38233.7995
2024-01-02T08:28:47,BTC,38238.8804
2024-01-02T08:28:48,BTC,38232.7547
2024-01-02T08:28:49,BTC,38222.6312
2024-01-02T08:28:50,BTC,38223.5968
2024-01-02T08:28:51,BTC,38223.3367
2024-01-02T08:28:52,BTC,38190.0707
2024-01-02T08:28:53,BTC,38191.3828
2024-01-02T08:28:54,BTC,38157.8425
2024-01-02T08:28:55,BTC,38104.9849
2024-01-02T08:28:56,BTC,38086.3624
2024-01-02T08:28:57,BTC,38086.8172
2024-01-02T08:28:58,BTC,38084.2827
2024-01-02T08:28:59,BTC,38061.4269
2024-01-02T08:29:00,BTC,38055.7387
2024-01-02T08:29:01,BTC,38022.026
2024-01-02T08:29:02,BTC,37987.7543
2024-01-02T08:29:03,BTC,37989.9899
2024-01-02T08:29:04,BTC,38024.1821
2024-01-02T08:29:05,BTC,38030.0898
2024-01-02T08:29:06,BTC,38038.2813
2024-01-02T08:29:07,BTC,38038.5308
2024-01-02T08:29:08,BTC,38077.7463
2024-01-02T08:29:09,BTC,38045.0372
2024-01-02T08:29:10,BTC,38077.988
2024-01-02T08:29:11,BTC,38091.4991
2024-01-02T08:29:12,BTC,38074.5766
2024-01-02T08:29:13,BTC,38062.7914
2024-01-02T08:29:14,BTC,38018.6228
2024-01-02T08:29:15,BTC,38019.1018
2024-01-02T08:29:16,BTC,38031.3982
2024-01-02T08:29:17,BTC,38026.5889
2024-01-02T08:29:18,BTC,38039.2173
2024-01-02T08:29:19,BTC,38035.5398
2024-01-02T08:29:20,BTC,38031.0382
2024-01-02T08:29:21,BTC,38021.9725
2024-01-02T08:29:22,BTC,38008.6012
2024-01-02T08:29:23,BTC,38037.3911
2024-01-02T08:29:24,BTC,38028.7205
2024-01-02T08:29:25,BTC,37978.5635
2024-01-02T08:29:26,BTC,37964.7383
2024-01-02T08:29:27,BTC,37979.8039
2024-01-02T08:29:28,BTC,37982.9504
2024-01-02T08:29:29,BTC,37964.2462
2024-01-02T08:29:30,BTC,37944.5474
2024-01-02T08:29:31,BTC,37935.8632
2024-01-02T08:29:32,BTC,37921.8307
2024-01-02T08:29:33,BTC,37948.0256
2024-01-02T08:29:34,BTC,37954.3442
2024-01-02T08:29:35,BTC,37957.1689
2024-01-02T08:29:36,BTC,37959.1149
2024-01-02T08:29:37,BTC,37930.2159
2024-01-02T08:29:38,BTC,37928.8317
2024-01-02T08:29:39,BTC,37888.0586
2024-01-02T08:29:40,BTC,37924.4532
2024-01-02T08:29:41,BTC,37957.3127
2024-01-02T08:29:42,BTC,37986.8062
2024-01-02T08:29:43,BTC,37958.3409
2024-01-02T08:29:44,BTC,37928.7852
2024-01-02T08:29:45,BTC,37934.3047
2024-01-02T08:29:46,BTC,37950.5646
2024-01-02T08:29:47,BTC,37919.0079
2024-01-02T08:29:48,BTC,37892.7451
2024-01-02T08:29:49,BTC,37877.5268
2024-01-02T08:29:50,BTC,37864.333
2024-01-02T08:29:51,BTC,37879.2817
2024-01-02T08:29:52,BTC,37894.9965
2024-01-02T08:29:53,BTC,37875.9965
2024-01-02T08:29:54,BTC,37853.9488
2024-01-02T08:29:55,BTC,37854.3714
2024-01-02T08:29:56,BTC,37866.9665
2024-01-02T08:29:57,BTC,37850.2241
2024-01-02T08:29:58,BTC,37802.5634
2024-01-02T08:29:59,BTC,37793.0325
2024-01-02T08:30:00,BTC,37808.5126
2024-01-02T08:30:01,BTC,37773.4393
2024-01-02T08:30:02,BTC,37745.6472
2024-01-02T08:30:03,BTC,37755.6518
2024-01-02T08:30:04,BTC,37739.5917
2024-01-02T08:30:05,BTC,37726.8334
2024-01-02T08:30:06,BTC,37738.3653
2024-01-02T08:30:07,BTC,37741.4922
2024-01-02T08:30:08,BTC,37741.8549
2024-01-02T08:30:09,BTC,37714.7742
2024-01-02T08:30:10,BTC,37705.071
2024-01-02T08:30:11,BTC,37656.12
2024-01-02T08:30:12,BTC,37644.1894
2024-01-02T08:30:13,BTC,37662.6177
2024-01-02T08:30:14,BTC,37643.7452
2024-01-02T08:30:15,BTC,37650.0493
2024-01-02T08:30:16,BTC,37624.1475
2024-01-02T08:30:17,BTC,37590.9602
2024-01-02T08:30:18,BTC,37607.4022
2024-01-02T08:30:19,BTC,37625.7839
2024-01-02T08:30:20,BTC,37598.5112
2024-01-02T08:30:21,BTC,37555.9601
2024-01-02T08:30:22,BTC,37550.9774
2024-01-02T08:30:23,BTC,37553.919
2024-01-02T08:30:24,BTC,37553.769
2024-01-02T08:30:25,BTC,37540.348
2024-01-02T08:30:26,BTC,37520.4898
2024-01-02T08:30:27,BTC,37527.2278
2024-01-02T08:30:28,BTC,37491.8916
2024-01-02T08:30:29,BTC,37493.5419
2024-01-02T08:30:30,BTC,37455.1356
2024-01-02T08:30:31,BTC,37453.53
2024-01-02T08:30:32,BTC,37431.1593
2024-01-02T08:30:33,BTC,37432.5872
2024-01-02T08:30:34,BTC,37393.0735
2024-01-02T08:30:35,BTC,37395.6458
2024-01-02T08:30:36,BTC,37389.8884
2024-01-02T08:30:37,BTC,37366.716
2024-01-02T08:30:38,BTC,37342.6289
2024-01-02T08:30:39,BTC,37314.0982
2024-01-02T08:30:40,BTC,37303.5179
2024-01-02T08:30:41,BTC,37270.4769
2024-01-02T08:30:42,BTC,37275.8355
2024-01-02T08:30:43,BTC,37252.4355
2024-01-02T08:30:44,BTC,37239.5294
2024-01-02T08:30:45,BTC,37232.8722
2024-01-02T08:30:46,BTC,37231.4402
2024-01-02T08:30:47,BTC,37212.7899
2024-01-02T08:30:48,BTC,37219.4671
2024-01-02T08:30:49,BTC,37185.9912
2024-01-02T08:30:50,BTC,37171.5715
2024-01-02T08:30:51,BTC,37143.9546
2024-01-02T08:30:52,BTC,37145.0222
2024-01-02T08:30:53,BTC,37136.6235
2024-01-02T08:30:54,BTC,37128.5567
2024-01-02T08:30:55,BTC,37124.7691
2024-01-02T08:30:56,BTC,37113.0583
2024-01-02T08:30:57,BTC,37094.7776
2024-01-02T08:30:58,BTC,37095.3037
2024-01-02T08:30:59,BTC,37055.684
2024-01-02T08:31:00,BTC,37041.2275
2024-01-02T08:31:01,BTC,37061.7151
2024-01-02T08:31:02,BTC,37038.9869
2024-01-02T08:31:03,BTC,37061.9154
2024-01-02T08:31:04,BTC,37031.0685
2024-01-02T08:31:05,BTC,37021.5597
2024-01-02T08:31:06,BTC,37026.9647
2024-01-02T08:31:07,BTC,36983.7986
2024-01-02T08:31:08,BTC,36983.3359
2024-01-02T08:31:09,BTC,36964.4885
2024-01-02T08:31:10,BTC,36950.5478
2024-01-02T08:31:11,BTC,36983.2455
2024-01-02T08:31:12,BTC,36973.6958
2024-01-02T08:31:13,BTC,36963.9514
2024-01-02T08:31:14,BTC,36952.9745
2024-01-02T08:31:15,BTC,36921.7211
2024-01-02T08:31:16,BTC,36899.2551
2024-01-02T08:31:17,BTC,36869.9304
2024-01-02T08:31:18,BTC,36870.9877
2024-01-02T08:31:19,BTC,36846.6631
2024-01-02T08:31:20,BTC,36849.2956
2024-01-02T08:31:21,BTC,36846.7948
2024-01-02T08:31:22,BTC,36830.8584
2024-01-02T08:31:23,BTC,36834.0372
2024-01-02T08:31:24,BTC,36858.2505
2024-01-02T08:31:25,BTC,36857.3741
2024-01-02T08:31:26,BTC,36844.4257
2024-01-02T08:31:27,BTC,36817.2552
2024-01-02T08:31:28,BTC,36771.1619
2024-01-02T08:31:29,BTC,36755.9525
2024-01-02T08:31:30,BTC,36707.0965
2024-01-02T08:31:31,BTC,36710.2807
2024-01-02T08:31:32,BTC,36677.0119
2024-01-02T08:31:33,BTC,36653.6653
2024-01-02T08:31:34,BTC,36631.6672
2024-01-02T08:31:35,BTC,36625.2098
2024-01-02T08:31:36,BTC,36641.6161
2024-01-02T08:31:37,BTC,36621.5879
2024-01-02T08:31:38,BTC,36598.2327
2024-01-02T08:31:39,BTC,36600.9114
2024-01-02T08:31:40,BTC,36575.7636
2024-01-02T08:31:41,BTC,36577.0182
2024-01-02T08:31:42,BTC,36572.9745
2024-01-02T08:31:43,BTC,36582.4928
2024-01-02T08:31:44,BTC,36611.6337
2024-01-02T08:31:45,BTC,36582.3359
2024-01-02T08:31:46,BTC,36559.0219
2024-01-02T08:31:47,BTC,36555.2901
2024-01-02T08:31:48,BTC,36543.6246
2024-01-02T08:31:49,BTC,36511.7835
2024-01-02T08:31:50,BTC,36520.625
2024-01-02T08:31:51,BTC,36518.3883
2024-01-02T08:31:52,BTC,36489.9115
2024-01-02T08:31:53,BTC,36497.1934
2024-01-02T08:31:54,BTC,36437.1427
2024-01-02T08:31:55,BTC,36429.9643
2024-01-02T08:31:56,BTC,36436.3357
2024-01-02T08:31:57,BTC,36464.7346
2024-01-02T08:31:58,BTC,36473.1378
2024-01-02T08:31:59,BTC,36440.5485
2024-01-02T08:32:00,BTC,36429.7612
2024-01-02T08:32:01,BTC,36426.9191
2024-01-02T08:32:02,BTC,36463.3221
2024-01-02T08:32:03,BTC,36467.2872
2024-01-02T08:32:04,BTC,36454.324
2024-01-02T08:32:05,BTC,36463.1846
2024-01-02T08:32:06,BTC,36439.4572
2024-01-02T08:32:07,BTC,36417.7751
2024-01-02T08:32:08,BTC,36419.8605
2024-01-02T08:32:09,BTC,36410.2466
2024-01-02T08:32:10,BTC,36414.2978
2024-01-02T08:32:11,BTC,36386.7927
2024-01-02T08:32:12,BTC,36398.7392
2024-01-02T08:32:13,BTC,36351.8414
2024-01-02T08:32:14,BTC,36347.3345
2024-01-02T08:32:15,BTC,36314.0137
2024-01-02T08:32:16,BTC,36301.9968
2024-01-02T08:32:17,BTC,36305.2097
2024-01-02T08:32:18,BTC,36256.7192
2024-01-02T08:32:19,BTC,36269.4768
2024-01-02T08:32:20,BTC,36265.5799
2024-01-02T08:32:21,BTC,36280.514
2024-01-02T08:32:22,BTC,36254.3924
2024-01-02T08:32:23,BTC,36256.9311
2024-01-02T08:32:24,BTC,36234.9802
2024-01-02T08:32:25,BTC,36213.1717
2024-01-02T08:32:26,BTC,36174.55
2024-01-02T08:32:27,BTC,36134.0958
2024-01-02T08:32:28,BTC,36113.456
2024-01-02T08:32:29,BTC,36124.5674
2024-01-02T08:32:30,BTC,36123.0092
2024-01-02T08:32:31,BTC,36106.6349
2024-01-02T08:32:32,BTC,36083.2358
2024-01-02T08:32:33,BTC,36035.0592
2024-01-02T08:32:34,BTC,36039.958
2024-01-02T08:32:35,BTC,36024.9909
2024-01-02T08:32:36,BTC,35994.3272
2024-01-02T08:32:37,BTC,35977.3331
2024-01-02T08:32:38,BTC,35976.4215
2024-01-02T08:32:39,BTC,35942.6674
2024-01-02T08:32:40,BTC,35930.8438
2024-01-02T08:32:41,BTC,35926.9125
2024-01-02T08:32:42,BTC,35941.4887
2024-01-02T08:32:43,BTC,35931.296
2024-01-02T08:32:44,BTC,35895.432
2024-01-02T08:32:45,BTC,35895.0075
2024-01-02T08:32:46,BTC,35863.9079
2024-01-02T08:32:47,BTC,35843.1303
2024-01-02T08:32:48,BTC,35848.7235
2024-01-02T08:32:49,BTC,35850.1522
2024-01-02T08:32:50,BTC,35840.5485
2024-01-02T08:32:51,BTC,35824.8041
2024-01-02T08:32:52,BTC,35802.1787
2024-01-02T08:32:53,BTC,35783.823
2024-01-02T08:32:54,BTC,35759.9689
2024-01-02T08:32:55,BTC,35762.6897
2024-01-02T08:32:56,BTC,35787.7673
2024-01-02T08:32:57,BTC,35765.8578
2024-01-02T08:32:58,BTC,35779.4682
2024-01-02T08:32:59,BTC,35790.5616
2024-01-02T08:33:00,BTC,35778.866
2024-01-02T09:22:00,BTC,35775.4401
2024-01-02T09:22:01,BTC,35773.1216
2024-01-02T09:22:02,BTC,35780.3807
2024-01-02T09:22:03,BTC,35782.1419
2024-01-02T09:22:04,BTC,35760.1409
2024-01-02T09:22:05,BTC,35720.4414
2024-01-02T09:22:06,BTC,35724.6297
2024-01-02T09:22:07,BTC,35735.5446
2024-01-02T09:22:08,BTC,35700.4634
2024-01-02T09:22:09,BTC,35685.8839
2024-01-02T09:22:10,BTC,35654.7524
2024-01-02T09:22:11,BTC,35655.2353
2024-01-02T09:22:12,BTC,35654.7117
2024-01-02T09:22:13,BTC,35649.4768
2024-01-02T09:22:14,BTC,35640.5573
2024-01-02T09:22:15,BTC,35636.0357
2024-01-02T09:22:16,BTC,35638.4811
2024-01-02T09:22:17,BTC,35645.9546
2024-01-02T09:22:18,BTC,35634.8445
2024-01-02T09:22:19,BTC,35621.0047
2024-01-02T09:22:20,BTC,35606.4815
2024-01-02T09:22:21,BTC,35614.2928
2024-01-02T09:22:22,BTC,35576.9931
2024-01-02T09:22:23,BTC,35563.6077
2024-01-02T09:22:24,BTC,35542.4308
2024-01-02T09:22:25,BTC,35511.7144
2024-01-02T09:22:26,BTC,35524.6561
2024-01-02T09:22:27,BTC,35528.3742
2024-01-02T09:22:28,BTC,35530.1566
2024-01-02T09:22:29,BTC,35542.1109
2024-01-02T09:22:30,BTC,35553.9222
2024-01-02T09:22:31,BTC,35529.2088
2024-01-02T09:22:32,BTC,35535.515
2024-01-02T09:22:33,BTC,35521.5857
2024-01-02T09:22:34,BTC,35542.2066
2024-01-02T09:22:35,BTC,35541.1245
2024-01-02T09:22:36,BTC,35529.8067
2024-01-02T09:22:37,BTC,35543.3242
2024-01-02T09:22:38,BTC,35523.3139
2024-01-02T09:22:39,BTC,35507.7659
2024-01-02T09:22:40,BTC,35530.4737
2024-01-02T09:22:41,BTC,35508.6397
2024-01-02T09:22:42,BTC,35459.3723
2024-01-02T09:22:43,BTC,35471.5556
2024-01-02T09:22:44,BTC,35477.2805
2024-01-02T09:22:45,BTC,35447.0308
2024-01-02T09:22:46,BTC,35461.5902
2024-01-02T09:22:47,BTC,35459.5477
2024-01-02T09:22:48,BTC,35450.9763
2024-01-02T09:22:49,BTC,35429.1501
2024-01-02T09:22:50,BTC,35436.4881
2024-01-02T09:22:51,BTC,35428.3245
2024-01-02T09:22:52,BTC,35395.2286
2024-01-02T09:22:53,BTC,35359.484
2024-01-02T09:22:54,BTC,35370.8373
2024-01-02T09:22:55,BTC,35338.6325
2024-01-02T09:22:56,BTC,35331.0038
2024-01-02T09:22:57,BTC,35348.944
2024-01-02T09:22:58,BTC,35346.936
2024-01-02T09:22:59,BTC,35326.5458
2024-01-02T09:23:00,BTC,35316.5756
2024-01-02T09:23:01,BTC,35317.5681
2024-01-02T09:23:02,BTC,35285.9614
2024-01-02T09:23:03,BTC,35290.9244
2024-01-02T09:23:04,BTC,35301.2172
2024-01-02T09:23:05,BTC,35308.808
2024-01-02T09:23:06,BTC,35303.0752
2024-01-02T09:23:07,BTC,35270.0105
2024-01-02T09:23:08,BTC,35258.5779
2024-01-02T09:23:09,BTC,35258.1086
2024-01-02T09:23:10,BTC,35256.4439
2024-01-02T09:23:11,BTC,35276.726
2024-01-02T09:23:12,BTC,35260.7764
2024-01-02T09:23:13,BTC,35264.4302
2024-01-02T09:23:14,BTC,35247.1172
2024-01-02T09:23:15,BTC,35188.7867
2024-01-02T09:23:16,BTC,35213.9778
2024-01-02T09:23:17,BTC,35199.4809
2024-01-02T09:23:18,BTC,35178.7532
2024-01-02T09:23:19,BTC,35173.0993
2024-01-02T09:23:20,BTC,35155.4043
2024-01-02T09:23:21,BTC,35169.5767
2024-01-02T09:23:22,BTC,35156.6487
2024-01-02T09:23:23,BTC,35142.2284
2024-01-02T09:23:24,BTC,35154.3578
2024-01-02T09:23:25,BTC,35158.3634
2024-01-02T09:23:26,BTC,35161.6819
2024-01-02T09:23:27,BTC,35174.7165
2024-01-02T09:23:28,BTC,35189.8665
2024-01-02T09:23:29,BTC,35189.1385
2024-01-02T09:23:30,BTC,35173.8333
2024-01-02T09:23:31,BTC,35159.653
2024-01-02T09:23:32,BTC,35191.0324
2024-01-02T09:23:33,BTC,35169.48
2024-01-02T09:23:34,BTC,35161.3636
2024-01-02T09:23:35,BTC,35137.0864
2024-01-02T09:23:36,BTC,35097.3912
2024-01-02T09:23:37,BTC,35119.6083
2024-01-02T09:23:38,BTC,35117.9941
2024-01-02T09:23:39,BTC,35073.5357
2024-01-02T09:23:40,BTC,35045.4356
2024-01-02T09:23:41,BTC,35033.0005
2024-01-02T09:23:42,BTC,35037.3765
2024-01-02T09:23:43,BTC,35042.832
2024-01-02T09:23:44,BTC,35053.7325
2024-01-02T09:23:45,BTC,35048.4339
2024-01-02T09:23:46,BTC,35010.9345
2024-01-02T09:23:47,BTC,35007.2283
2024-01-02T09:23:48,BTC,34963.4726
2024-01-02T09:23:49,BTC,34973.8722
2024-01-02T09:23:50,BTC,34981.725
2024-01-02T09:23:51,BTC,34987.5827
2024-01-02T09:23:52,BTC,34975.9793
2024-01-02T09:23:53,BTC,34958.1057
2024-01-02T09:23:54,BTC,34942.2434
2024-01-02T09:23:55,BTC,34933.8312
2024-01-02T09:23:56,BTC,34912.0455
2024-01-02T09:23:57,BTC,34900.9566
2024-01-02T09:23:58,BTC,34865.3244
2024-01-02T09:23:59,BTC,34865.5179
2024-01-02T09:24:00,BTC,34864.6428
2024-01-02T09:24:01,BTC,34870.8347
2024-01-02T09:24:02,BTC,34858.6129
2024-01-02T09:24:03,BTC,34854.0244
2024-01-02T09:24:04,BTC,34828.968
2024-01-02T09:24:05,BTC,34811.6653
2024-01-02T09:24:06,BTC,34786.1364
2024-01-02T09:24:07,BTC,34779.6252
2024-01-02T09:24:08,BTC,34773.0143
2024-01-02T09:24:09,BTC,34731.2413
2024-01-02T09:24:10,BTC,34743.5744
2024-01-02T09:24:11,BTC,34720.2382
2024-01-02T09:24:12,BTC,34717.798
2024-01-02T09:24:13,BTC,34732.6705
2024-01-02T09:24:14,BTC,34753.9069
2024-01-02T09:24:15,BTC,34733.1349
2024-01-02T09:24:16,BTC,34719.1338
2024-01-02T09:24:17,BTC,34711.427
2024-01-02T09:24:18,BTC,34696.6011
2024-01-02T09:24:19,BTC,34659.9671
2024-01-02T09:24:20,BTC,34684.8623
2024-01-02T09:24:21,BTC,34659.2422
2024-01-02T09:24:22,BTC,34640.086
2024-01-02T09:24:23,BTC,34643.7206
2024-01-02T09:24:24,BTC,34633.7867
2024-01-02T09:24:25,BTC,34646.0938
2024-01-02T09:24:26,BTC,34606.1542
2024-01-02T09:24:27,BTC,34600.5286
2024-01-02T09:24:28,BTC,34588.0889
2024-01-02T09:24:29,BTC,34561.0293
2024-01-02T09:24:30,BTC,34576.9443
2024-01-02T09:24:31,BTC,34585.3924
2024-01-02T09:24:32,BTC,34594.8412
2024-01-02T09:24:33,BTC,34600.0154
2024-01-02T09:24:34,BTC,34609.6371
2024-01-02T09:24:35,BTC,34625.7711
2024-01-02T09:24:36,BTC,34620.6089
2024-01-02T09:24:37,BTC,34624.5699
2024-01-02T09:24:38,BTC,34607.8948
2024-01-02T09:24:39,BTC,34611.8422
2024-01-02T09:24:40,BTC,34582.5509
2024-01-02T09:24:41,BTC,34538.2256
2024-01-02T09:24:42,BTC,34543.1733
2024-01-02T09:24:43,BTC,34540.3432
2024-01-02T09:24:44,BTC,34518.9935
2024-01-02T09:24:45,BTC,34528.6891
2024-01-02T09:24:46,BTC,34553.2755
2024-01-02T09:24:47,BTC,34581.9105
2024-01-02T09:24:48,BTC,34585.3853
2024-01-02T09:24:49,BTC,34584.8283
2024-01-02T09:24:50,BTC,34575.9889
2024-01-02T09:24:51,BTC,34538.1303
2024-01-02T09:24:52,BTC,34541.1331
2024-01-02T09:24:53,BTC,34523.8501
2024-01-02T09:24:54,BTC,34478.715
2024-01-02T09:24:55,BTC,34471.2713
2024-01-02T09:24:56,BTC,34472.0868
2024-01-02T09:24:57,BTC,34467.3962
2024-01-02T09:24:58,BTC,34461.477
2024-01-02T09:24:59,BTC,34440.4262
2024-01-02T09:25:00,BTC,34438.5473
2024-01-02T09:25:01,BTC,34423.729
2024-01-02T09:25:02,BTC,34423.9597
2024-01-02T09:25:03,BTC,34390.3928
2024-01-02T09:25:04,BTC,34376.437
2024-01-02T09:25:05,BTC,34375.6539
2024-01-02T09:25:06,BTC,34383.1133
2024-01-02T09:25:07,BTC,34389.8105
2024-01-02T09:25:08,BTC,34358.8416
2024-01-02T09:25:09,BTC,34341.2095
2024-01-02T09:25:10,BTC,34308.1187
2024-01-02T09:25:11,BTC,34326.1075
2024-01-02T09:25:12,BTC,34340.6976
2024-01-02T09:25:13,BTC,34349.8236
2024-01-02T09:25:14,BTC,34356.7831
2024-01-02T09:25:15,BTC,34384.7172
2024-01-02T09:25:16,BTC,34391.2279
2024-01-02T09:25:17,BTC,34368.5225
2024-01-02T09:25:18,BTC,34369.758
2024-01-02T09:25:19,BTC,34353.9964
2024-01-02T09:25:20,BTC,34343.2392
2024-01-02T09:25:21,BTC,34335.7945
2024-01-02T09:25:22,BTC,34316.8492
2024-01-02T09:25:23,BTC,34330.0683
2024-01-02T09:25:24,BTC,34335.9887
2024-01-02T09:25:25,BTC,34317.8327
2024-01-02T09:25:26,BTC,34319.8703
2024-01-02T09:25:27,BTC,34335.4771
2024-01-02T09:25:28,BTC,34314.7786
2024-01-02T09:25:29,BTC,34288.013
2024-01-02T09:25:30,BTC,34304.6507
2024-01-02T09:25:31,BTC,34326.2447
2024-01-02T09:25:32,BTC,34316.688
2024-01-02T09:25:33,BTC,34289.633
2024-01-02T09:25:34,BTC,34301.9002
2024-01-02T09:25:35,BTC,34288.3049
2024-01-02T09:25:36,BTC,34307.3103
2024-01-02T09:25:37,BTC,34284.0161
2024-01-02T09:25:38,BTC,34279.5239
2024-01-02T09:25:39,BTC,34273.8296
2024-01-02T09:25:40,BTC,34281.8924
2024-01-02T09:25:41,BTC,34267.9888
2024-01-02T09:25:42,BTC,34269.3617
2024-01-02T09:25:43,BTC,34275.3794
2024-01-02T09:25:44,BTC,34283.2521
2024-01-02T09:25:45,BTC,34265.841
2024-01-02T09:25:46,BTC,34236.0457
2024-01-02T09:25:47,BTC,34221.6249
2024-01-02T09:25:48,BTC,34222.1688
2024-01-02T09:25:49,BTC,34227.6387
2024-01-02T09:25:50,BTC,34183.162
2024-01-02T09:25:51,BTC,34187.8511
2024-01-02T09:25:52,BTC,34205.8721
2024-01-02T09:25:53,BTC,34203.185
2024-01-02T09:25:54,BTC,34205.5407
2024-01-02T09:25:55,BTC,34205.2444
2024-01-02T09:25:56,BTC,34191.5284
2024-01-02T09:25:57,BTC,34183.3164
2024-01-02T09:25:58,BTC,34178.7543
2024-01-02T09:25:59,BTC,34155.1021
2024-01-02T09:26:00,BTC,34152.605
2024-01-02T09:26:01,BTC,34133.5391
2024-01-02T09:26:02,BTC,34170.8956
2024-01-02T09:26:03,BTC,34142.8454
2024-01-02T09:26:04,BTC,34145.5348
2024-01-02T09:26:05,BTC,34121.2357
2024-01-02T09:26:06,BTC,34101.6516
2024-01-02T09:26:07,BTC,34094.4418
2024-01-02T09:26:08,BTC,34106.5526
2024-01-02T09:26:09,BTC,34128.0501
2024-01-02T09:26:10,BTC,34099.6269
2024-01-02T09:26:11,BTC,34115.6636
2024-01-02T09:26:12,BTC,34102.9548
2024-01-02T09:26:13,BTC,34080.242
2024-01-02T09:26:14,BTC,34079.7132
2024-01-02T09:26:15,BTC,34057.9047
2024-01-02T09:26:16,BTC,34071.5473
2024-01-02T09:26:17,BTC,34090.5917
2024-01-02T09:26:18,BTC,34117.6243
2024-01-02T09:26:19,BTC,34115.7013
2024-01-02T09:26:20,BTC,34118.2766
2024-01-02T09:26:21,BTC,34117.0043
2024-01-02T09:26:22,BTC,34106.5589
2024-01-02T09:26:23,BTC,34091.9788
2024-01-02T09:26:24,BTC,34076.7566
2024-01-02T09:26:25,BTC,34081.6877
2024-01-02T09:26:26,BTC,34059.9913
2024-01-02T09:26:27,BTC,34052.3561
2024-01-02T09:26:28,BTC,34039.7321
2024-01-02T09:26:29,BTC,34013.1315
2024-01-02T09:26:30,BTC,34009.383
2024-01-02T09:26:31,BTC,34047.8922
2024-01-02T09:26:32,BTC,34051.8014
2024-01-02T09:26:33,BTC,34045.2232
2024-01-02T09:26:34,BTC,34019.4689
2024-01-02T09:26:35,BTC,34002.5079
2024-01-02T09:26:36,BTC,34023.8914
2024-01-02T09:26:37,BTC,33981.6526
2024-01-02T09:26:38,BTC,33970.2429
2024-01-02T09:26:39,BTC,33984.0727
2024-01-02T09:26:40,BTC,33980.2697
2024-01-02T09:26:41,BTC,33974.9538
2024-01-02T09:26:42,BTC,33953.0149
2024-01-02T09:26:43,BTC,33969.8248
2024-01-02T09:26:44,BTC,33960.2355
2024-01-02T09:26:45,BTC,33960.3304
2024-01-02T09:26:46,BTC,33924.6337
2024-01-02T09:26:47,BTC,33932.9598
2024-01-02T09:26:48,BTC,33951.8178
2024-01-02T09:26:49,BTC,33960.8335
2024-01-02T09:26:50,BTC,33948.5851
2024-01-02T09:26:51,BTC,33946.7832
2024-01-02T09:26:52,BTC,33944.248
2024-01-02T09:26:53,BTC,33939.0966
2024-01-02T09:26:54,BTC,33956.7899
2024-01-02T09:26:55,BTC,33946.9407
2024-01-02T09:26:56,BTC,33919.8518
2024-01-02T09:26:57,BTC,33900.8032
2024-01-02T09:26:58,BTC,33912.4681
2024-01-02T09:26:59,BTC,33926.4409
2024-01-02T09:27:00,BTC,33889.7616
2024-01-02T09:27:01,BTC,33875.9186
2024-01-02T09:27:02,BTC,33885.639
2024-01-02T09:27:03,BTC,33874.4919
2024-01-02T09:27:04,BTC,33908.7858
2024-01-02T09:27:05,BTC,33889.8963
2024-01-02T09:27:06,BTC,33858.7434
2024-01-02T09:27:07,BTC,33859.0456
2024-01-02T09:27:08,BTC,33845.7048
2024-01-02T09:27:09,BTC,33844.4061
2024-01-02T09:27:10,BTC,33836.6467
2024-01-02T09:27:11,BTC,33838.9565
2024-01-02T09:27:12,BTC,33812.9649
2024-01-02T09:27:13,BTC,33797.1351
2024-01-02T09:27:14,BTC,33766.2972
2024-01-02T09:27:15,BTC,33754.3772
2024-01-02T09:27:16,BTC,33728.322
2024-01-02T09:27:17,BTC,33735.9238
2024-01-02T09:27:18,BTC,33770.2678
2024-01-02T09:27:19,BTC,33766.1255
2024-01-02T09:27:20,BTC,33759.2526
2024-01-02T09:27:21,BTC,33741.9758
2024-01-02T09:27:22,BTC,33755.3918
2024-01-02T09:27:23,BTC,33766.3531
2024-01-02T09:27:24,BTC,33781.0789
2024-01-02T09:27:25,BTC,33785.2459
2024-01-02T09:27:26,BTC,33770.4626
2024-01-02T09:27:27,BTC,33783.2975
2024-01-02T09:27:28,BTC,33769.266
2024-01-02T09:27:29,BTC,33760.498
2024-01-02T09:27:30,BTC,33777.347
2024-01-02T09:27:31,BTC,33790.062
2024-01-02T09:27:32,BTC,33805.8649
2024-01-02T09:27:33,BTC,33807.3419
2024-01-02T09:27:34,BTC,33801.8314
2024-01-02T09:27:35,BTC,33793.9992
2024-01-02T09:27:36,BTC,33785.5961
2024-01-02T09:27:37,BTC,33780.8768
2024-01-02T09:27:38,BTC,33778.8664
2024-01-02T09:27:39,BTC,33758.215
2024-01-02T09:27:40,BTC,33744.1989
2024-01-02T09:27:41,BTC,33748.6415
2024-01-02T09:27:42,BTC,33757.1608
2024-01-02T09:27:43,BTC,33745.4395
2024-01-02T09:27:44,BTC,33732.2422
2024-01-02T09:27:45,BTC,33728.7237
2024-01-02T09:27:46,BTC,33714.1845
2024-01-02T09:27:47,BTC,33709.0609
2024-01-02T09:27:48,BTC,33675.3981
2024-01-02T09:27:49,BTC,33675.9856
2024-01-02T09:27:50,BTC,33652.2548
2024-01-02T09:27:51,BTC,33642.3248
2024-01-02T09:27:52,BTC,33608.4513
2024-01-02T09:27:53,BTC,33586.2813
2024-01-02T09:27:54,BTC,33591.6639
2024-01-02T09:27:55,BTC,33578.5876
2024-01-02T09:27:56,BTC,33595.8468
2024-01-02T09:27:57,BTC,33584.8082
2024-01-02T09:27:58,BTC,33584.8038
2024-01-02T09:27:59,BTC,33580.8146
2024-01-02T09:28:00,BTC,33571.0139
2024-01-02T12:12:00,BTC,33547.7455
2024-01-02T12:12:01,BTC,33558.2974
2024-01-02T12:12:02,BTC,33541.5248
2024-01-02T12:12:03,BTC,33522.2158
2024-01-02T12:12:04,BTC,33526.1848
2024-01-02T12:12:05,BTC,33494.2232
2024-01-02T12:12:06,BTC,33476.8196
2024-01-02T12:12:07,BTC,33483.0782
2024-01-02T12:12:08,BTC,33506.5328
2024-01-02T12:12:09,BTC,33475.2288
2024-01-02T12:12:10,BTC,33456.2494
2024-01-02T12:12:11,BTC,33450.6352
2024-01-02T12:12:12,BTC,33464.9893
2024-01-02T12:12:13,BTC,33455.9682
2024-01-02T12:12:14,BTC,33450.1855
2024-01-02T12:12:15,BTC,33465.1353
2024-01-02T12:12:16,BTC,33466.1812
2024-01-02T12:12:17,BTC,33458.2487
2024-01-02T12:12:18,BTC,33440.3926
2024-01-02T12:12:19,BTC,33434.8509
2024-01-02T12:12:20,BTC,33440.1658
2024-01-02T12:12:21,BTC,33425.672
2024-01-02T12:12:22,BTC,33429.6544
2024-01-02T12:12:23,BTC,33415.6968
2024-01-02T12:12:24,BTC,33409.835
2024-01-02T12:12:25,BTC,33390.6117
2024-01-02T12:12:26,BTC,33416.3875
2024-01-02T12:12:27,BTC,33389.8213
2024-01-02T12:12:28,BTC,33397.9139
2024-01-02T12:12:29,BTC,33372.8136
2024-01-02T12:12:30,BTC,33418.8144
2024-01-02T12:12:31,BTC,33418.8792
2024-01-02T12:12:32,BTC,33401.4506
2024-01-02T12:12:33,BTC,33397.2134
2024-01-02T12:12:34,BTC,33405.9516
2024-01-02T12:12:35,BTC,33399.6655
2024-01-02T12:12:36,BTC,33383.7781
2024-01-02T12:12:37,BTC,33354.0358
2024-01-02T12:12:38,BTC,33357.5241
2024-01-02T12:12:39,BTC,33367.2008
2024-01-02T12:12:40,BTC,33356.3819
2024-01-02T12:12:41,BTC,33341.8896
2024-01-02T12:12:42,BTC,33344.9435
2024-01-02T12:12:43,BTC,33325.7776
2024-01-02T12:12:44,BTC,33311.6648
2024-01-02T12:12:45,BTC,33287.2044
2024-01-02T12:12:46,BTC,33273.111
2024-01-02T12:12:47,BTC,33279.3458
2024-01-02T12:12:48,BTC,33283.3969
2024-01-02T12:12:49,BTC,33268.6915
2024-01-02T12:12:50,BTC,33255.8816
2024-01-02T12:12:51,BTC,33260.7521
2024-01-02T12:12:52,BTC,33260.262
2024-01-02T12:12:53,BTC,33251.2924
2024-01-02T12:12:54,BTC,33301.3821
2024-01-02T12:12:55,BTC,33275.4045
2024-01-02T12:12:56,BTC,33279.3624
2024-01-02T12:12:57,BTC,33259.1851
2024-01-02T12:12:58,BTC,33264.0501
2024-01-02T12:12:59,BTC,33238.0838
2024-01-02T12:13:00,BTC,33215.6536
2024-01-02T12:13:01,BTC,33222.4351
2024-01-02T12:13:02,BTC,33206.3812
2024-01-02T12:13:03,BTC,33196.5161
2024-01-02T12:13:04,BTC,33163.8071
2024-01-02T12:13:05,BTC,33167.6367
2024-01-02T12:13:06,BTC,33152.5991
2024-01-02T12:13:07,BTC,33152.1072
2024-01-02T12:13:08,BTC,33156.9752
2024-01-02T12:13:09,BTC,33187.7443
2024-01-02T12:13:10,BTC,33189.1485
2024-01-02T12:13:11,BTC,33186.7755
2024-01-02T12:13:12,BTC,33194.9443
2024-01-02T12:13:13,BTC,33162.504
2024-01-02T12:13:14,BTC,33163.7782
2024-01-02T12:13:15,BTC,33144.7799
2024-01-02T12:13:16,BTC,33100.9671
2024-01-02T12:13:17,BTC,33093.4093
2024-01-02T12:13:18,BTC,33072.3413
2024-01-02T12:13:19,BTC,33059.8005
2024-01-02T12:13:20,BTC,33045.2934
2024-01-02T12:13:21,BTC,33038.8844
2024-01-02T12:13:22,BTC,33048.1144
2024-01-02T12:13:23,BTC,33002.8478
2024-01-02T12:13:24,BTC,32999.7403
2024-01-02T12:13:25,BTC,32963.9039
2024-01-02T12:13:26,BTC,32955.4374
2024-01-02T12:13:27,BTC,32948.029
2024-01-02T12:13:28,BTC,32937.6454
2024-01-02T12:13:29,BTC,32938.5481
2024-01-02T12:13:30,BTC,32928.2604
2024-01-02T12:13:31,BTC,32907.995
2024-01-02T12:13:32,BTC,32918.9959
2024-01-02T12:13:33,BTC,32892.0556
2024-01-02T12:13:34,BTC,32889.2128
2024-01-02T12:13:35,BTC,32898.9761
2024-01-02T12:13:36,BTC,32865.005
2024-01-02T12:13:37,BTC,32886.616
2024-01-02T12:13:38,BTC,32844.414
2024-01-02T12:13:39,BTC,32840.7977
2024-01-02T12:13:40,BTC,32867.8691
2024-01-02T12:13:41,BTC,32861.0617
2024-01-02T12:13:42,BTC,32848.1779
2024-01-02T12:13:43,BTC,32823.5784
2024-01-02T12:13:44,BTC,32826.6475
2024-01-02T12:13:45,BTC,32820.0435
2024-01-02T12:13:46,BTC,32817.4988
2024-01-02T12:13:47,BTC,32781.1724
2024-01-02T12:13:48,BTC,32808.1945
2024-01-02T12:13:49,BTC,32824.7158
2024-01-02T12:13:50,BTC,32846.0341
2024-01-02T12:13:51,BTC,32830.9651
2024-01-02T12:13:52,BTC,32838.9021
2024-01-02T12:13:53,BTC,32807.17
2024-01-02T12:13:54,BTC,32813.3537
2024-01-02T12:13:55,BTC,32795.2087
2024-01-02T12:13:56,BTC,32791.202
2024-01-02T12:13:57,BTC,32764.1893
2024-01-02T12:13:58,BTC,32756.9388
2024-01-02T12:13:59,BTC,32758.155
2024-01-02T12:14:00,BTC,32730.6008
2024-01-02T12:14:01,BTC,32721.6559
2024-01-02T12:14:02,BTC,32724.0951
2024-01-02T12:14:03,BTC,32717.3717
2024-01-02T12:14:04,BTC,32726.2561
2024-01-02T12:14:05,BTC,32762.3486
2024-01-02T12:14:06,BTC,32757.6799
2024-01-02T12:14:07,BTC,32765.2494
2024-01-02T12:14:08,BTC,32740.9083
2024-01-02T12:14:09,BTC,32747.7526
2024-01-02T12:14:10,BTC,32735.8465
2024-01-02T12:14:11,BTC,32691.2527
2024-01-02T12:14:12,BTC,32667.7528
2024-01-02T12:14:13,BTC,32665.5682
2024-01-02T12:14:14,BTC,32635.8463
2024-01-02T12:14:15,BTC,32627.4726
2024-01-02T12:14:16,BTC,32652.6878
2024-01-02T12:14:17,BTC,32631.7111
2024-01-02T12:14:18,BTC,32636.5814
2024-01-02T12:14:19,BTC,32642.0217
2024-01-02T12:14:20,BTC,32659.2335
2024-01-02T12:14:21,BTC,32676.8646
2024-01-02T12:14:22,BTC,32675.7066
2024-01-02T12:14:23,BTC,32667.2093
2024-01-02T12:14:24,BTC,32626.9207
2024-01-02T12:14:25,BTC,32608.225
2024-01-02T12:14:26,BTC,32611.8897
2024-01-02T12:14:27,BTC,32600.0089
2024-01-02T12:14:28,BTC,32584.4599
2024-01-02T12:14:29,BTC,32587.5304
2024-01-02T12:14:30,BTC,32581.5434
2024-01-02T12:14:31,BTC,32567.4978
2024-01-02T12:14:32,BTC,32568.2694
2024-01-02T12:14:33,BTC,32532.1814
2024-01-02T12:14:34,BTC,32539.9257
2024-01-02T12:14:35,BTC,32527.0608
2024-01-02T12:14:36,BTC,32531.9924
2024-01-02T12:14:37,BTC,32518.0398
2024-01-02T12:14:38,BTC,32523.5193
2024-01-02T12:14:39,BTC,32507.2307
2024-01-02T12:14:40,BTC,32496.2297
2024-01-02T12:14:41,BTC,32482.1662
2024-01-02T12:14:42,BTC,32502.9793
2024-01-02T12:14:43,BTC,32492.4737
2024-01-02T12:14:44,BTC,32515.3127
2024-01-02T12:14:45,BTC,32514.8123
2024-01-02T12:14:46,BTC,32520.9557
2024-01-02T12:14:47,BTC,32518.4924
2024-01-02T12:14:48,BTC,32517.1643
2024-01-02T12:14:49,BTC,32496.8555
2024-01-02T12:14:50,BTC,32477.579
2024-01-02T12:14:51,BTC,32447.953
2024-01-02T12:14:52,BTC,32466.8932
2024-01-02T12:14:53,BTC,32477.9669
2024-01-02T12:14:54,BTC,32449.3896
2024-01-02T12:14:55,BTC,32462.5496
2024-01-02T12:14:56,BTC,32440.1778
2024-01-02T12:14:57,BTC,32430.0158
2024-01-02T12:14:58,BTC,32406.9686
2024-01-02T12:14:59,BTC,32413.1737
2024-01-02T12:15:00,BTC,32425.9224
2024-01-02T12:15:01,BTC,32434.6364
2024-01-02T12:15:02,BTC,32458.4169
2024-01-02T12:15:03,BTC,32430.4232
2024-01-02T12:15:04,BTC,32453.5136
2024-01-02T12:15:05,BTC,32435.5723
2024-01-02T12:15:06,BTC,32420.1094
2024-01-02T12:15:07,BTC,32439.6091
2024-01-02T12:15:08,BTC,32423.2496
2024-01-02T12:15:09,BTC,32403.9898
2024-01-02T12:15:10,BTC,32420.1551
2024-01-02T12:15:11,BTC,32397.9177
2024-01-02T12:15:12,BTC,32388.8333
2024-01-02T12:15:13,BTC,32380.4623
2024-01-02T12:15:14,BTC,32352.798
2024-01-02T12:15:15,BTC,32325.6307
2024-01-02T12:15:16,BTC,32311.1283
2024-01-02T12:15:17,BTC,32303.9
2024-01-02T12:15:18,BTC,32299.0741
2024-01-02T12:15:19,BTC,32300.1606
2024-01-02T12:15:20,BTC,32307.0675
2024-01-02T12:15:21,BTC,32304.5987
2024-01-02T12:15:22,BTC,32316.2857
2024-01-02T12:15:23,BTC,32315.2642
2024-01-02T12:15:24,BTC,32294.711
2024-01-02T12:15:25,BTC,32285.1105
2024-01-02T12:15:26,BTC,32262.113
2024-01-02T12:15:27,BTC,32249.0484
2024-01-02T12:15:28,BTC,32269.6696
2024-01-02T12:15:29,BTC,32283.2455
2024-01-02T12:15:30,BTC,32281.3254
2024-01-02T12:15:31,BTC,32254.6564
2024-01-02T12:15:32,BTC,32269.7539
2024-01-02T12:15:33,BTC,32249.8766
2024-01-02T12:15:34,BTC,32252.7618
2024-01-02T12:15:35,BTC,32263.4037
2024-01-02T12:15:36,BTC,32272.812
2024-01-02T12:15:37,BTC,32245.3538
2024-01-02T12:15:38,BTC,32236.5958
2024-01-02T12:15:39,BTC,32198.316
2024-01-02T12:15:40,BTC,32202.9579
2024-01-02T12:15:41,BTC,32181.8967
2024-01-02T12:15:42,BTC,32158.3907
2024-01-02T12:15:43,BTC,32137.2185
2024-01-02T12:15:44,BTC,32138.6496
2024-01-02T12:15:45,BTC,32141.5376
2024-01-02T12:15:46,BTC,32129.4659
2024-01-02T12:15:47,BTC,32107.4788
2024-01-02T12:15:48,BTC,32105.7624
2024-01-02T12:15:49,BTC,32113.1212
2024-01-02T12:15:50,BTC,32112.5477
2024-01-02T12:15:51,BTC,32148.7879
2024-01-02T12:15:52,BTC,32146.9173
2024-01-02T12:15:53,BTC,32137.8504
2024-01-02T12:15:54,BTC,32141.2853
2024-01-02T12:15:55,BTC,32132.5805
2024-01-02T12:15:56,BTC,32124.4752
2024-01-02T12:15:57,BTC,32129.2334
2024-01-02T12:15:58,BTC,32109.0832
2024-01-02T12:15:59,BTC,32116.4114
2024-01-02T12:16:00,BTC,32094.3272
2024-01-02T12:16:01,BTC,32097.5116
2024-01-02T12:16:02,BTC,32100.8617
2024-01-02T12:16:03,BTC,32089.1521
2024-01-02T12:16:04,BTC,32092.1114
2024-01-02T12:16:05,BTC,32090.1191
2024-01-02T12:16:06,BTC,32048.3879
2024-01-02T12:16:07,BTC,32013.973
2024-01-02T12:16:08,BTC,31996.4511
2024-01-02T12:16:09,BTC,32016.6557
2024-01-02T12:16:10,BTC,32043.3337
2024-01-02T12:16:11,BTC,32052.1326
2024-01-02T12:16:12,BTC,32041.644
2024-01-02T12:16:13,BTC,32009.7991
2024-01-02T12:16:14,BTC,31992.9675
2024-01-02T12:16:15,BTC,31980.1893
2024-01-02T12:16:16,BTC,31987.3802
2024-01-02T12:16:17,BTC,31972.914
2024-01-02T12:16:18,BTC,31976.6559
2024-01-02T12:16:19,BTC,31957.2361
2024-01-02T12:16:20,BTC,31954.5531
2024-01-02T12:16:21,BTC,31939.9465
2024-01-02T12:16:22,BTC,31950.2312
2024-01-02T12:16:23,BTC,31955.7058
2024-01-02T12:16:24,BTC,31941.9128
2024-01-02T12:16:25,BTC,31940.6888
2024-01-02T12:16:26,BTC,31923.6928
2024-01-02T12:16:27,BTC,31901.6632
2024-01-02T12:16:28,BTC,31915.8747
2024-01-02T12:16:29,BTC,31903.1391
2024-01-02T12:16:30,BTC,31920.6275
2024-01-02T12:16:31,BTC,31896.0743
2024-01-02T12:16:32,BTC,31904.4716
2024-01-02T12:16:33,BTC,31892.1036
2024-01-02T12:16:34,BTC,31892.3735
2024-01-02T12:16:35,BTC,31877.4064
2024-01-02T12:16:36,BTC,31897.9656
2024-01-02T12:16:37,BTC,31882.2197
2024-01-02T12:16:38,BTC,31874.2963
2024-01-02T12:16:39,BTC,31865.7699
2024-01-02T12:16:40,BTC,31866.5496
2024-01-02T12:16:41,BTC,31850.4221
2024-01-02T12:16:42,BTC,31846.2445
2024-01-02T12:16:43,BTC,31846.1892
2024-01-02T12:16:44,BTC,31819.48
2024-01-02T12:16:45,BTC,31781.1348
2024-01-02T12:16:46,BTC,31756.3435
2024-01-02T12:16:47,BTC,31754.2582
2024-01-02T12:16:48,BTC,31741.2712
2024-01-02T12:16:49,BTC,31717.2651
2024-01-02T12:16:50,BTC,31710.6412
2024-01-02T12:16:51,BTC,31701.14
2024-01-02T12:16:52,BTC,31693.5903
2024-01-02T12:16:53,BTC,31670.6281
2024-01-02T12:16:54,BTC,31647.4972
2024-01-02T12:16:55,BTC,31641.6493
2024-01-02T12:16:56,BTC,31669.6503
2024-01-02T12:16:57,BTC,31687.039
2024-01-02T12:16:58,BTC,31673.4951
2024-01-02T12:16:59,BTC,31677.1433
2024-01-02T12:17:00,BTC,31678.4104
2024-01-02T12:17:01,BTC,31678.0347
2024-01-02T12:17:02,BTC,31682.1411
2024-01-02T12:17:03,BTC,31685.994
2024-01-02T12:17:04,BTC,31661.7626
2024-01-02T12:17:05,BTC,31662.8417
2024-01-02T12:17:06,BTC,31665.1828
2024-01-02T12:17:07,BTC,31640.3523
2024-01-02T12:17:08,BTC,31615.8696
2024-01-02T12:17:09,BTC,31624.365
2024-01-02T12:17:10,BTC,31612.9013
2024-01-02T12:17:11,BTC,31577.3792
2024-01-02T12:17:12,BTC,31601.2178
2024-01-02T12:17:13,BTC,31591.7259
2024-01-02T12:17:14,BTC,31595.5115
2024-01-02T12:17:15,BTC,31565.068
2024-01-02T12:17:16,BTC,31548.7118
2024-01-02T12:17:17,BTC,31544.3247
2024-01-02T12:17:18,BTC,31538.7726
2024-01-02T12:17:19,BTC,31533.9175
2024-01-02T12:17:20,BTC,31522.3516
2024-01-02T12:17:21,BTC,31533.0982
2024-01-02T12:17:22,BTC,31539.7937
2024-01-02T12:17:23,BTC,31505.252
2024-01-02T12:17:24,BTC,31522.3466
2024-01-02T12:17:25,BTC,31491.8633
2024-01-02T12:17:26,BTC,31478.1516
2024-01-02T12:17:27,BTC,31479.1584
2024-01-02T12:17:28,BTC,31474.141
2024-01-02T12:17:29,BTC,31468.5667
2024-01-02T12:17:30,BTC,31464.0835
2024-01-02T12:17:31,BTC,31495.2063
2024-01-02T12:17:32,BTC,31464.4129
2024-01-02T12:17:33,BTC,31468.3847
2024-01-02T12:17:34,BTC,31461.5518
2024-01-02T12:17:35,BTC,31438.7625
2024-01-02T12:17:36,BTC,31449.8566
2024-01-02T12:17:37,BTC,31461.2155
2024-01-02T12:17:38,BTC,31474.5447
2024-01-02T12:17:39,BTC,31491.9621
2024-01-02T12:17:40,BTC,31512.3705
2024-01-02T12:17:41,BTC,31495.5969
2024-01-02T12:17:42,BTC,31491.0267
2024-01-02T12:17:43,BTC,31490.8873
2024-01-02T12:17:44,BTC,31494.4051
2024-01-02T12:17:45,BTC,31486.8739
2024-01-02T12:17:46,BTC,31477.9072
2024-01-02T12:17:47,BTC,31450.7781
2024-01-02T12:17:48,BTC,31447.6811
2024-01-02T12:17:49,BTC,31476.9546
2024-01-02T12:17:50,BTC,31461.1452
2024-01-02T12:17:51,BTC,31484.018
2024-01-02T12:17:52,BTC,31467.5881
2024-01-02T12:17:53,BTC,31455.1461
2024-01-02T12:17:54,BTC,31435.1404
2024-01-02T12:17:55,BTC,31425.2156
2024-01-02T12:17:56,BTC,31410.4666
2024-01-02T12:17:57,BTC,31471.4522
2024-01-02T12:17:58,BTC,31483.8329
2024-01-02T12:17:59,BTC,31459.5994
2024-01-02T12:18:00,BTC,31475.747
2024-01-02T14:11:00,BTC,31443.6674
2024-01-02T14:11:01,BTC,31439.0797
2024-01-02T14:11:02,BTC,31446.4667
2024-01-02T14:11:03,BTC,31444.0789
2024-01-02T14:11:04,BTC,31465.6351
2024-01-02T14:11:05,BTC,31456.96
2024-01-02T14:11:06,BTC,31433.3727
2024-01-02T14:11:07,BTC,31442.0387
2024-01-02T14:11:08,BTC,31429.3686
2024-01-02T14:11:09,BTC,31418.8645
2024-01-02T14:11:10,BTC,31399.9809
2024-01-02T14:11:11,BTC,31430.4421
2024-01-02T14:11:12,BTC,31422.2734
2024-01-02T14:11:13,BTC,31403.4176
2024-01-02T14:11:14,BTC,31409.2902
2024-01-02T14:11:15,BTC,31378.6809
2024-01-02T14:11:16,BTC,31391.6552
2024-01-02T14:11:17,BTC,31389.8476
2024-01-02T14:11:18,BTC,31382.5705
2024-01-02T14:11:19,BTC,31367.2186
2024-01-02T14:11:20,BTC,31357.1019
2024-01-02T14:11:21,BTC,31351.0198
2024-01-02T14:11:22,BTC,31365.248
2024-01-02T14:11:23,BTC,31362.1932
2024-01-02T14:11:24,BTC,31348.7649
2024-01-02T14:11:25,BTC,31371.7654
2024-01-02T14:11:26,BTC,31362.8408
2024-01-02T14:11:27,BTC,31345.3443
2024-01-02T14:11:28,BTC,31345.0234
2024-01-02T14:11:29,BTC,31316.1033
2024-01-02T14:11:30,BTC,31314.9489
2024-01-02T14:11:31,BTC,31314.5805
2024-01-02T14:11:32,BTC,31290.4591
2024-01-02T14:11:33,BTC,31274.8187
2024-01-02T14:11:34,BTC,31246.7514
2024-01-02T14:11:35,BTC,31206.663
2024-01-02T14:11:36,BTC,31205.506
2024-01-02T14:11:37,BTC,31195.2553
2024-01-02T14:11:38,BTC,31197.2952
2024-01-02T14:11:39,BTC,31182.8739
2024-01-02T14:11:40,BTC,31170.3293
2024-01-02T14:11:41,BTC,31170.0745
2024-01-02T14:11:42,BTC,31149.5221
2024-01-02T14:11:43,BTC,31153.3696
2024-01-02T14:11:44,BTC,31167.3027
2024-01-02T14:11:45,BTC,31139.2361
2024-01-02T14:11:46,BTC,31156.1164
2024-01-02T14:11:47,BTC,31152.8925
2024-01-02T14:11:48,BTC,31128.9722
2024-01-02T14:11:49,BTC,31135.117
2024-01-02T14:11:50,BTC,31138.5225
2024-01-02T14:11:51,BTC,31115.8464
2024-01-02T14:11:52,BTC,31108.3871
2024-01-02T14:11:53,BTC,31128.5342
2024-01-02T14:11:54,BTC,31130.4723
2024-01-02T14:11:55,BTC,31140.7549
2024-01-02T14:11:56,BTC,31149.2983
2024-01-02T14:11:57,BTC,31174.0812
2024-01-02T14:11:58,BTC,31185.2631
2024-01-02T14:11:59,BTC,31173.5562
2024-01-02T14:12:00,BTC,31178.3114
2024-01-02T14:12:01,BTC,31169.6094
2024-01-02T14:12:02,BTC,31153.8839
2024-01-02T14:12:03,BTC,31147.9952
2024-01-02T14:12:04,BTC,31153.1152
2024-01-02T14:12:05,BTC,31136.0691
2024-01-02T14:12:06,BTC,31139.0347
2024-01-02T14:12:07,BTC,31108.1131
2024-01-02T14:12:08,BTC,31097.5416
2024-01-02T14:12:09,BTC,31071.0483
2024-01-02T14:12:10,BTC,31053.2326
2024-01-02T14:12:11,BTC,31031.8066
2024-01-02T14:12:12,BTC,30995.1232
2024-01-02T14:12:13,BTC,30997.2565
2024-01-02T14:12:14,BTC,30954.2918
2024-01-02T14:12:15,BTC,30935.8493
2024-01-02T14:12:16,BTC,30917.8815
2024-01-02T14:12:17,BTC,30918.2522
2024-01-02T14:12:18,BTC,30920.8773
2024-01-02T14:12:19,BTC,30927.2152
2024-01-02T14:12:20,BTC,30908.456
2024-01-02T14:12:21,BTC,30886.5961
2024-01-02T14:12:22,BTC,30858.552
2024-01-02T14:12:23,BTC,30846.2402
2024-01-02T14:12:24,BTC,30833.6402
2024-01-02T14:12:25,BTC,30799.3802
2024-01-02T14:12:26,BTC,30782.853
2024-01-02T14:12:27,BTC,30770.8912
2024-01-02T14:12:28,BTC,30771.8855
2024-01-02T14:12:29,BTC,30754.2399
2024-01-02T14:12:30,BTC,30737.7061
2024-01-02T14:12:31,BTC,30754.7846
2024-01-02T14:12:32,BTC,30711.6428
2024-01-02T14:12:33,BTC,30715.6937
2024-01-02T14:12:34,BTC,30714.0592
2024-01-02T14:12:35,BTC,30702.189
2024-01-02T14:12:36,BTC,30686.3505
2024-01-02T14:12:37,BTC,30700.0666
2024-01-02T14:12:38,BTC,30665.7002
2024-01-02T14:12:39,BTC,30657.5394
2024-01-02T14:12:40,BTC,30675.8842
2024-01-02T14:12:41,BTC,30637.5412
2024-01-02T14:12:42,BTC,30650.3051
2024-01-02T14:12:43,BTC,30640.9482
2024-01-02T14:12:44,BTC,30639.6871
2024-01-02T14:12:45,BTC,30621.4707
2024-01-02T14:12:46,BTC,30635.2582
2024-01-02T14:12:47,BTC,30626.5138
2024-01-02T14:12:48,BTC,30589.5715
2024-01-02T14:12:49,BTC,30559.6927
2024-01-02T14:12:50,BTC,30573.5238
2024-01-02T14:12:51,BTC,30562.4194
2024-01-02T14:12:52,BTC,30566.9747
2024-01-02T14:12:53,BTC,30578.223
2024-01-02T14:12:54,BTC,30580.1232
2024-01-02T14:12:55,BTC,30595.63
2024-01-02T14:12:56,BTC,30609.7005
2024-01-02T14:12:57,BTC,30604.9196
2024-01-02T14:12:58,BTC,30604.4061
2024-01-02T14:12:59,BTC,30592.5496
2024-01-02T14:13:00,BTC,30598.5325
2024-01-02T14:13:01,BTC,30601.5575
2024-01-02T14:13:02,BTC,30613.8829
2024-01-02T14:13:03,BTC,30630.4159
2024-01-02T14:13:04,BTC,30633.7702
2024-01-02T14:13:05,BTC,30615.8286
2024-01-02T14:13:06,BTC,30604.4515
2024-01-02T14:13:07,BTC,30584.1579
2024-01-02T14:13:08,BTC,30548.1472
2024-01-02T14:13:09,BTC,30529.377
2024-01-02T14:13:10,BTC,30492.5099
2024-01-02T14:13:11,BTC,30487.926
2024-01-02T14:13:12,BTC,30505.2042
2024-01-02T14:13:13,BTC,30509.9873
2024-01-02T14:13:14,BTC,30521.919
2024-01-02T14:13:15,BTC,30507.6768
2024-01-02T14:13:16,BTC,30505.8567
2024-01-02T14:13:17,BTC,30505.0265
2024-01-02T14:13:18,BTC,30483.6126
2024-01-02T14:13:19,BTC,30462.1519
2024-01-02T14:13:20,BTC,30482.8766
2024-01-02T14:13:21,BTC,30477.275
2024-01-02T14:13:22,BTC,30480.2229
2024-01-02T14:13:23,BTC,30479.633
2024-01-02T14:13:24,BTC,30463.2527
2024-01-02T14:13:25,BTC,30475.1806
2024-01-02T14:13:26,BTC,30493.2038
2024-01-02T14:13:27,BTC,30482.2474
2024-01-02T14:13:28,BTC,30464.7696
2024-01-02T14:13:29,BTC,30455.3081
2024-01-02T14:13:30,BTC,30447.0203
2024-01-02T14:13:31,BTC,30432.648
2024-01-02T14:13:32,BTC,30420.5949
2024-01-02T14:13:33,BTC,30423.8525
2024-01-02T14:13:34,BTC,30433.5671
2024-01-02T14:13:35,BTC,30411.4746
2024-01-02T14:13:36,BTC,30400.4321
2024-01-02T14:13:37,BTC,30353.3752
2024-01-02T14:13:38,BTC,30344.516
2024-01-02T14:13:39,BTC,30350.763
2024-01-02T14:13:40,BTC,30344.7705
2024-01-02T14:13:41,BTC,30362.8234
2024-01-02T14:13:42,BTC,30347.6534
2024-01-02T14:13:43,BTC,30322.7813
2024-01-02T14:13:44,BTC,30342.9064
2024-01-02T14:13:45,BTC,30358.4044
2024-01-02T14:13:46,BTC,30349.3337
2024-01-02T14:13:47,BTC,30331.171
2024-01-02T14:13:48,BTC,30312.1655
2024-01-02T14:13:49,BTC,30296.6111
2024-01-02T14:13:50,BTC,30305.4433
2024-01-02T14:13:51,BTC,30276.0408
2024-01-02T14:13:52,BTC,30272.9403
2024-01-02T14:13:53,BTC,30273.0461
2024-01-02T14:13:54,BTC,30253.3665
2024-01-02T14:13:55,BTC,30271.2318
2024-01-02T14:13:56,BTC,30291.1257
2024-01-02T14:13:57,BTC,30317.317
2024-01-02T14:13:58,BTC,30301.9874
2024-01-02T14:13:59,BTC,30298.8006
2024-01-02T14:14:00,BTC,30329.9377
2024-01-02T14:14:01,BTC,30314.324
2024-01-02T14:14:02,BTC,30314.0989
2024-01-02T14:14:03,BTC,30301.9924
2024-01-02T14:14:04,BTC,30289.588
2024-01-02T14:14:05,BTC,30287.2789
2024-01-02T14:14:06,BTC,30284.2007
2024-01-02T14:14:07,BTC,30276.1467
2024-01-02T14:14:08,BTC,30274.3492
2024-01-02T14:14:09,BTC,30259.5205
2024-01-02T14:14:10,BTC,30249.4041
2024-01-02T14:14:11,BTC,30237.7137
2024-01-02T14:14:12,BTC,30236.9003
2024-01-02T14:14:13,BTC,30225.8279
2024-01-02T14:14:14,BTC,30203.6082
2024-01-02T14:14:15,BTC,30187.8022
2024-01-02T14:14:16,BTC,30163.6474
2024-01-02T14:14:17,BTC,30193.3468
2024-01-02T14:14:18,BTC,30190.5426
2024-01-02T14:14:19,BTC,30189.3263
2024-01-02T14:14:20,BTC,30184.0204
2024-01-02T14:14:21,BTC,30177.2479
2024-01-02T14:14:22,BTC,30176.8536
2024-01-02T14:14:23,BTC,30155.8234
2024-01-02T14:14:24,BTC,30160.7749
2024-01-02T14:14:25,BTC,30133.7634
2024-01-02T14:14:26,BTC,30120.6285
2024-01-02T14:14:27,BTC,30101.0583
2024-01-02T14:14:28,BTC,30088.9529
2024-01-02T14:14:29,BTC,30074.4601
2024-01-02T14:14:30,BTC,30071.904
2024-01-02T14:14:31,BTC,30066.2648
2024-01-02T14:14:32,BTC,30062.9308
2024-01-02T14:14:33,BTC,30046.1817
2024-01-02T14:14:34,BTC,30027.5335
2024-01-02T14:14:35,BTC,30022.0075
2024-01-02T14:14:36,BTC,30007.4243
2024-01-02T14:14:37,BTC,30000.7518
2024-01-02T14:14:38,BTC,29997.6588
2024-01-02T14:14:39,BTC,29995.1891
2024-01-02T14:14:40,BTC,30006.1516
2024-01-02T14:14:41,BTC,30004.1042
2024-01-02T14:14:42,BTC,29998.265
2024-01-02T14:14:43,BTC,29987.3449
2024-01-02T14:14:44,BTC,29981.8854
2024-01-02T14:14:45,BTC,29975.0346
2024-01-02T14:14:46,BTC,29971.8368
2024-01-02T14:14:47,BTC,29972.3486
2024-01-02T14:14:48,BTC,29966.6379
2024-01-02T14:14:49,BTC,29978.0788
2024-01-02T14:14:50,BTC,29992.0155
2024-01-02T14:14:51,BTC,30005.8894
2024-01-02T14:14:52,BTC,30011.4952
2024-01-02T14:14:53,BTC,30001.0381
2024-01-02T14:14:54,BTC,29982.7305
2024-01-02T14:14:55,BTC,29960.7361
2024-01-02T14:14:56,BTC,29963.1225
2024-01-02T14:14:57,BTC,29959.3884
2024-01-02T14:14:58,BTC,29958.6836
2024-01-02T14:14:59,BTC,29960.8849
2024-01-02T14:15:00,BTC,29963.6028
2024-01-02T14:15:01,BTC,29947.9801
2024-01-02T14:15:02,BTC,29976.8242
2024-01-02T14:15:03,BTC,29980.6011
2024-01-02T14:15:04,BTC,29965.8749
2024-01-02T14:15:05,BTC,29973.8428
2024-01-02T14:15:06,BTC,29982.4286
2024-01-02T14:15:07,BTC,29971.7546
2024-01-02T14:15:08,BTC,29948.249
2024-01-02T14:15:09,BTC,29959.4818
2024-01-02T14:15:10,BTC,29933.8959
2024-01-02T14:15:11,BTC,29937.1614
2024-01-02T14:15:12,BTC,29918.1622
2024-01-02T14:15:13,BTC,29936.1255
2024-01-02T14:15:14,BTC,29906.7693
2024-01-02T14:15:15,BTC,29926.6224
2024-01-02T14:15:16,BTC,29909.1269
2024-01-02T14:15:17,BTC,29901.151
2024-01-02T14:15:18,BTC,29914.7042
2024-01-02T14:15:19,BTC,29872.9795
2024-01-02T14:15:20,BTC,29868.241
2024-01-02T14:15:21,BTC,29855.3299
2024-01-02T14:15:22,BTC,29871.8651
2024-01-02T14:15:23,BTC,29872.4334
2024-01-02T14:15:24,BTC,29870.3955
2024-01-02T14:15:25,BTC,29867.923
2024-01-02T14:15:26,BTC,29875.1752
2024-01-02T14:15:27,BTC,29879.5986
2024-01-02T14:15:28,BTC,29856.3206
2024-01-02T14:15:29,BTC,29825.5668
2024-01-02T14:15:30,BTC,29814.2067
2024-01-02T14:15:31,BTC,29766.3194
2024-01-02T14:15:32,BTC,29772.1745
2024-01-02T14:15:33,BTC,29774.9915
2024-01-02T14:15:34,BTC,29762.1655
2024-01-02T14:15:35,BTC,29748.8521
2024-01-02T14:15:36,BTC,29742.2107
2024-01-02T14:15:37,BTC,29741.4711
2024-01-02T14:15:38,BTC,29759.4537
2024-01-02T14:15:39,BTC,29740.7377
2024-01-02T14:15:40,BTC,29732.291
2024-01-02T14:15:41,BTC,29748.5049
2024-01-02T14:15:42,BTC,29736.8641
2024-01-02T14:15:43,BTC,29736.3606
2024-01-02T14:15:44,BTC,29733.0636
2024-01-02T14:15:45,BTC,29706.8258
2024-01-02T14:15:46,BTC,29694.2921
2024-01-02T14:15:47,BTC,29686.9021
2024-01-02T14:15:48,BTC,29674.8443
2024-01-02T14:15:49,BTC,29664.1277
2024-01-02T14:15:50,BTC,29661.9281
2024-01-02T14:15:51,BTC,29665.1138
2024-01-02T14:15:52,BTC,29648.8374
2024-01-02T14:15:53,BTC,29624.6145
2024-01-02T14:15:54,BTC,29610.9447
2024-01-02T14:15:55,BTC,29612.0594
2024-01-02T14:15:56,BTC,29609.6595
2024-01-02T14:15:57,BTC,29593.393
2024-01-02T14:15:58,BTC,29596.1665
2024-01-02T14:15:59,BTC,29587.3502
2024-01-02T14:16:00,BTC,29583.4086
2024-01-02T14:16:01,BTC,29562.2476
2024-01-02T14:16:02,BTC,29545.4449
2024-01-02T14:16:03,BTC,29550.2908
2024-01-02T14:16:04,BTC,29538.2703
2024-01-02T14:16:05,BTC,29538.8704
2024-01-02T14:16:06,BTC,29523.0421
2024-01-02T14:16:07,BTC,29506.4238
2024-01-02T14:16:08,BTC,29496.5388
2024-01-02T14:16:09,BTC,29481.3135
2024-01-02T14:16:10,BTC,29474.4313
2024-01-02T14:16:11,BTC,29467.3424
2024-01-02T14:16:12,BTC,29452.8076
2024-01-02T14:16:13,BTC,29444.7281
2024-01-02T14:16:14,BTC,29424.2042
2024-01-02T14:16:15,BTC,29426.7851
2024-01-02T14:16:16,BTC,29389.8557
2024-01-02T14:16:17,BTC,29406.8999
2024-01-02T14:16:18,BTC,29418.7642
2024-01-02T14:16:19,BTC,29433.2203
2024-01-02T14:16:20,BTC,29428.6494
2024-01-02T14:16:21,BTC,29424.9411
2024-01-02T14:16:22,BTC,29416.1958
2024-01-02T14:16:23,BTC,29385.1079
2024-01-02T14:16:24,BTC,29390.1303
2024-01-02T14:16:25,BTC,29360.1644
2024-01-02T14:16:26,BTC,29325.4108
2024-01-02T14:16:27,BTC,29327.8106
2024-01-02T14:16:28,BTC,29320.2053
2024-01-02T14:16:29,BTC,29306.542
2024-01-02T14:16:30,BTC,29322.5347
2024-01-02T14:16:31,BTC,29297.6161
2024-01-02T14:16:32,BTC,29302.2083
2024-01-02T14:16:33,BTC,29300.4089
2024-01-02T14:16:34,BTC,29291.2179
2024-01-02T14:16:35,BTC,29288.9801
2024-01-02T14:16:36,BTC,29275.908
2024-01-02T14:16:37,BTC,29290.47
2024-01-02T14:16:38,BTC,29257.285
2024-01-02T14:16:39,BTC,29250.24
2024-01-02T14:16:40,BTC,29255.4073
2024-01-02T14:16:41,BTC,29257.1284
2024-01-02T14:16:42,BTC,29269.8397
2024-01-02T14:16:43,BTC,29266.2746
2024-01-02T14:16:44,BTC,29268.2541
2024-01-02T14:16:45,BTC,29259.554
2024-01-02T14:16:46,BTC,29243.9859
2024-01-02T14:16:47,BTC,29249.0227
2024-01-02T14:16:48,BTC,29221.7863
2024-01-02T14:16:49,BTC,29229.9204
2024-01-02T14:16:50,BTC,29202.3819
2024-01-02T14:16:51,BTC,29192.5034
2024-01-02T14:16:52,BTC,29185.6858
2024-01-02T14:16:53,BTC,29172.2711
2024-01-02T14:16:54,BTC,29161.8227
2024-01-02T14:16:55,BTC,29155.9611
2024-01-02T14:16:56,BTC,29172.6902
2024-01-02T14:16:57,BTC,29184.4372
2024-01-02T14:16:58,BTC,29191.3455
2024-01-02T14:16:59,BTC,29183.9313
2024-01-02T14:17:00,BTC,29191.5288
2024-01-02T15:54:00,BTC,29227.281
2024-01-02T15:54:01,BTC,29239.7549
2024-01-02T15:54:02,BTC,29242.2581
2024-01-02T15:54:03,BTC,29262.7267
2024-01-02T15:54:04,BTC,29256.0551
2024-01-02T15:54:05,BTC,29274.13
2024-01-02T15:54:06,BTC,29304.1859
2024-01-02T15:54:07,BTC,29320.2454
2024-01-02T15:54:08,BTC,29315.3854
2024-01-02T15:54:09,BTC,29298.6843
2024-01-02T15:54:10,BTC,29299.7091
2024-01-02T15:54:11,BTC,29320.1179
2024-01-02T15:54:12,BTC,29337.2345
2024-01-02T15:54:13,BTC,29337.4594
2024-01-02T15:54:14,BTC,29340.3164
2024-01-02T15:54:15,BTC,29343.6866
2024-01-02T15:54:16,BTC,29348.406
2024-01-02T15:54:17,BTC,29320.9214
2024-01-02T15:54:18,BTC,29347.8966
2024-01-02T15:54:19,BTC,29342.9842
2024-01-02T15:54:20,BTC,29348.7822
2024-01-02T15:54:21,BTC,29355.7608
2024-01-02T15:54:22,BTC,29363.0614
2024-01-02T15:54:23,BTC,29361.4169
2024-01-02T15:54:24,BTC,29349.344
2024-01-02T15:54:25,BTC,29356.9299
2024-01-02T15:54:26,BTC,29373.001
2024-01-02T15:54:27,BTC,29381.3137
2024-01-02T15:54:28,BTC,29385.1522
2024-01-02T15:54:29,BTC,29407.345
2024-01-02T15:54:30,BTC,29401.9631
2024-01-02T15:54:31,BTC,29414.4846
2024-01-02T15:54:32,BTC,29427.6569
2024-01-02T15:54:33,BTC,29432.7071
2024-01-02T15:54:34,BTC,29454.316
2024-01-02T15:54:35,BTC,29457.581
2024-01-02T15:54:36,BTC,29465.1575
2024-01-02T15:54:37,BTC,29440.6592
2024-01-02T15:54:38,BTC,29449.226
2024-01-02T15:54:39,BTC,29464.9997
2024-01-02T15:54:40,BTC,29479.6026
2024-01-02T15:54:41,BTC,29495.0761
2024-01-02T15:54:42,BTC,29484.2264
2024-01-02T15:54:43,BTC,29497.808
2024-01-02T15:54:44,BTC,29479.9553
2024-01-02T15:54:45,BTC,29488.3086
2024-01-02T15:54:46,BTC,29507.4158
2024-01-02T15:54:47,BTC,29510.1276
2024-01-02T15:54:48,BTC,29525.7352
2024-01-02T15:54:49,BTC,29539.3787
2024-01-02T15:54:50,BTC,29559.6636
2024-01-02T15:54:51,BTC,29558.1969
2024-01-02T15:54:52,BTC,29589.1642
2024-01-02T15:54:53,BTC,29578.8345
2024-01-02T15:54:54,BTC,29593.5162
2024-01-02T15:54:55,BTC,29588.9963
2024-01-02T15:54:56,BTC,29567.8948
2024-01-02T15:54:57,BTC,29590.0341
2024-01-02T15:54:58,BTC,29586.6947
2024-01-02T15:54:59,BTC,29587.2532
2024-01-02T15:55:00,BTC,29580.6402
2024-01-02T15:55:01,BTC,29588.7195
2024-01-02T15:55:02,BTC,29574.5755
2024-01-02T15:55:03,BTC,29565.8274
2024-01-02T15:55:04,BTC,29558.4491
2024-01-02T15:55:05,BTC,29560.7357
2024-01-02T15:55:06,BTC,29543.3335
2024-01-02T15:55:07,BTC,29557.4869
2024-01-02T15:55:08,BTC,29559.2347
2024-01-02T15:55:09,BTC,29563.0559
2024-01-02T15:55:10,BTC,29565.0655
2024-01-02T15:55:11,BTC,29559.6151
2024-01-02T15:55:12,BTC,29558.5536
2024-01-02T15:55:13,BTC,29565.6757
2024-01-02T15:55:14,BTC,29573.44
2024-01-02T15:55:15,BTC,29593.3137
2024-01-02T15:55:16,BTC,29603.7077
2024-01-02T15:55:17,BTC,29613.1422
2024-01-02T15:55:18,BTC,29627.6745
2024-01-02T15:55:19,BTC,29620.0008
2024-01-02T15:55:20,BTC,29643.0229
2024-01-02T15:55:21,BTC,29635.6704
2024-01-02T15:55:22,BTC,29651.4927
2024-01-02T15:55:23,BTC,29661.8404
2024-01-02T15:55:24,BTC,29676.6904
2024-01-02T15:55:25,BTC,29684.3919
2024-01-02T15:55:26,BTC,29688.8562
2024-01-02T15:55:27,BTC,29692.4725
2024-01-02T15:55:28,BTC,29722.9501
2024-01-02T15:55:29,BTC,29737.0242
2024-01-02T15:55:30,BTC,29737.5814
2024-01-02T15:55:31,BTC,29754.0107
2024-01-02T15:55:32,BTC,29761.5759
2024-01-02T15:55:33,BTC,29755.5268
2024-01-02T15:55:34,BTC,29773.3122
2024-01-02T15:55:35,BTC,29798.9237
2024-01-02T15:55:36,BTC,29810.7414
2024-01-02T15:55:37,BTC,29843.7734
2024-01-02T15:55:38,BTC,29819.4149
2024-01-02T15:55:39,BTC,29830.3364
2024-01-02T15:55:40,BTC,29839.8687
2024-01-02T15:55:41,BTC,29810.5244
2024-01-02T15:55:42,BTC,29801.369
2024-01-02T15:55:43,BTC,29801.1798
2024-01-02T15:55:44,BTC,29793.0485
2024-01-02T15:55:45,BTC,29801.7612
2024-01-02T15:55:46,BTC,29794.2684
2024-01-02T15:55:47,BTC,29793.7587
2024-01-02T15:55:48,BTC,29826.9356
2024-01-02T15:55:49,BTC,29814.5881
2024-01-02T15:55:50,BTC,29818.7014
2024-01-02T15:55:51,BTC,29826.1238
2024-01-02T15:55:52,BTC,29831.1834
2024-01-02T15:55:53,BTC,29855.3477
2024-01-02T15:55:54,BTC,29876.8862
2024-01-02T15:55:55,BTC,29875.5933
2024-01-02T15:55:56,BTC,29897.3555
2024-01-02T15:55:57,BTC,29888.4338
2024-01-02T15:55:58,BTC,29897.9437
2024-01-02T15:55:59,BTC,29894.4249
2024-01-02T15:56:00,BTC,29925.7882
2024-01-02T15:56:01,BTC,29945.3965
2024-01-02T15:56:02,BTC,29949.1737
2024-01-02T15:56:03,BTC,29939.8588
2024-01-02T15:56:04,BTC,29931.0643
2024-01-02T15:56:05,BTC,29907.3225
2024-01-02T15:56:06,BTC,29894.8453
2024-01-02T15:56:07,BTC,29894.6655
2024-01-02T15:56:08,BTC,29899.1728
2024-01-02T15:56:09,BTC,29913.4269
2024-01-02T15:56:10,BTC,29917.0762
2024-01-02T15:56:11,BTC,29905.5154
2024-01-02T15:56:12,BTC,29910.2094
2024-01-02T15:56:13,BTC,29934.2086
2024-01-02T15:56:14,BTC,29937.6242
2024-01-02T15:56:15,BTC,29960.685
2024-01-02T15:56:16,BTC,29954.7063
2024-01-02T15:56:17,BTC,29974.7101
2024-01-02T15:56:18,BTC,29979.5895
2024-01-02T15:56:19,BTC,30000.0587
2024-01-02T15:56:20,BTC,30007.6407
2024-01-02T15:56:21,BTC,30042.2536
2024-01-02T15:56:22,BTC,30048.793
2024-01-02T15:56:23,BTC,30044.5214
2024-01-02T15:56:24,BTC,30062.4714
2024-01-02T15:56:25,BTC,30088.8114
2024-01-02T15:56:26,BTC,30112.4886
2024-01-02T15:56:27,BTC,30112.4124
2024-01-02T15:56:28,BTC,30122.7774
2024-01-02T15:56:29,BTC,30117.0731
2024-01-02T15:56:30,BTC,30119.773
2024-01-02T15:56:31,BTC,30121.9842
2024-01-02T15:56:32,BTC,30131.9417
2024-01-02T15:56:33,BTC,30121.1198
2024-01-02T15:56:34,BTC,30155.1154
2024-01-02T15:56:35,BTC,30150.8134
2024-01-02T15:56:36,BTC,30148.2757
2024-01-02T15:56:37,BTC,30184.3932
2024-01-02T15:56:38,BTC,30189.6536
2024-01-02T15:56:39,BTC,30190.5441
2024-01-02T15:56:40,BTC,30198.8954
2024-01-02T15:56:41,BTC,30190.9452
2024-01-02T15:56:42,BTC,30193.4373
2024-01-02T15:56:43,BTC,30198.2
2024-01-02T15:56:44,BTC,30209.6897
2024-01-02T15:56:45,BTC,30215.4168
2024-01-02T15:56:46,BTC,30241.9477
2024-01-02T15:56:47,BTC,30230.2151
2024-01-02T15:56:48,BTC,30269.2977
2024-01-02T15:56:49,BTC,30275.4956
2024-01-02T15:56:50,BTC,30272.5411
2024-01-02T15:56:51,BTC,30295.4829
2024-01-02T15:56:52,BTC,30296.8615
2024-01-02T15:56:53,BTC,30305.1495
2024-01-02T15:56:54,BTC,30307.6
2024-01-02T15:56:55,BTC,30306.4745
2024-01-02T15:56:56,BTC,30321.7782
2024-01-02T15:56:57,BTC,30342.2479
2024-01-02T15:56:58,BTC,30330.8262
2024-01-02T15:56:59,BTC,30336.6195
2024-01-02T15:57:00,BTC,30349.4104
2024-01-02T15:57:01,BTC,30377.6174
2024-01-02T15:57:02,BTC,30361.2199
2024-01-02T15:57:03,BTC,30368.5651
2024-01-02T15:57:04,BTC,30377.9511
2024-01-02T15:57:05,BTC,30394.9754
2024-01-02T15:57:06,BTC,30406.4953
2024-01-02T15:57:07,BTC,30417.4719
2024-01-02T15:57:08,BTC,30414.7076
2024-01-02T15:57:09,BTC,30397.8913
2024-01-02T15:57:10,BTC,30432.1307
2024-01-02T15:57:11,BTC,30433.7441
2024-01-02T15:57:12,BTC,30435.1034
2024-01-02T15:57:13,BTC,30432.4251
2024-01-02T15:57:14,BTC,30445.2688
2024-01-02T15:57:15,BTC,30444.825
2024-01-02T15:57:16,BTC,30422.7326
2024-01-02T15:57:17,BTC,30439.1428
2024-01-02T15:57:18,BTC,30428.0551
2024-01-02T15:57:19,BTC,30424.2378
2024-01-02T15:57:20,BTC,30434.0221
2024-01-02T15:57:21,BTC,30439.3008
2024-01-02T15:57:22,BTC,30425.8948
2024-01-02T15:57:23,BTC,30405.7953
2024-01-02T15:57:24,BTC,30398.9735
2024-01-02T15:57:25,BTC,30415.7453
2024-01-02T15:57:26,BTC,30395.8312
2024-01-02T15:57:27,BTC,30403.3807
2024-01-02T15:57:28,BTC,30409.4626
2024-01-02T15:57:29,BTC,30411.2293
2024-01-02T15:57:30,BTC,30372.1854
2024-01-02T15:57:31,BTC,30387.0243
2024-01-02T15:57:32,BTC,30397.2414
2024-01-02T15:57:33,BTC,30377.2901
2024-01-02T15:57:34,BTC,30388.636
2024-01-02T15:57:35,BTC,30391.7663
2024-01-02T15:57:36,BTC,30393.7456
2024-01-02T15:57:37,BTC,30411.0821
2024-01-02T15:57:38,BTC,30411.6612
2024-01-02T15:57:39,BTC,30404.3491
2024-01-02T15:57:40,BTC,30425.9178
2024-01-02T15:57:41,BTC,30453.4345
2024-01-02T15:57:42,BTC,30457.1545
2024-01-02T15:57:43,BTC,30486.1088
2024-01-02T15:57:44,BTC,30495.663
2024-01-02T15:57:45,BTC,30487.9857
2024-01-02T15:57:46,BTC,30524.4544
2024-01-02T15:57:47,BTC,30547.099
2024-01-02T15:57:48,BTC,30538.5923
2024-01-02T15:57:49,BTC,30533.9782
2024-01-02T15:57:50,BTC,30539.6037
2024-01-02T15:57:51,BTC,30533.2529
2024-01-02T15:57:52,BTC,30527.9353
2024-01-02T15:57:53,BTC,30526.0163
2024-01-02T15:57:54,BTC,30521.4984
2024-01-02T15:57:55,BTC,30517.6388
2024-01-02T15:57:56,BTC,30522.8706
2024-01-02T15:57:57,BTC,30537.7182
2024-01-02T15:57:58,BTC,30534.7038
2024-01-02T15:57:59,BTC,30555.5951
2024-01-02T15:58:00,BTC,30561.9042
2024-01-02T15:58:01,BTC,30571.674
2024-01-02T15:58:02,BTC,30577.583
2024-01-02T15:58:03,BTC,30563.2806
2024-01-02T15:58:04,BTC,30581.4553
2024-01-02T15:58:05,BTC,30595.4892
2024-01-02T15:58:06,BTC,30599.8896
2024-01-02T15:58:07,BTC,30592.4124
2024-01-02T15:58:08,BTC,30596.8143
2024-01-02T15:58:09,BTC,30630.4415
2024-01-02T15:58:10,BTC,30611.9974
2024-01-02T15:58:11,BTC,30622.1155
2024-01-02T15:58:12,BTC,30617.651
2024-01-02T15:58:13,BTC,30637.6778
2024-01-02T15:58:14,BTC,30658.6329
2024-01-02T15:58:15,BTC,30661.4334
2024-01-02T15:58:16,BTC,30668.8131
2024-01-02T15:58:17,BTC,30669.6765
2024-01-02T15:58:18,BTC,30674.187
2024-01-02T15:58:19,BTC,30694.8158
2024-01-02T15:58:20,BTC,30721.2426
2024-01-02T15:58:21,BTC,30733.1567
2024-01-02T15:58:22,BTC,30728.7263
2024-01-02T15:58:23,BTC,30736.4864
2024-01-02T15:58:24,BTC,30744.7321
2024-01-02T15:58:25,BTC,30760.0018
2024-01-02T15:58:26,BTC,30771.5646
2024-01-02T15:58:27,BTC,30770.8802
2024-01-02T15:58:28,BTC,30783.4758
2024-01-02T15:58:29,BTC,30801.7641
2024-01-02T15:58:30,BTC,30785.1684
2024-01-02T15:58:31,BTC,30787.9185
2024-01-02T15:58:32,BTC,30791.5767
2024-01-02T15:58:33,BTC,30825.6208
2024-01-02T15:58:34,BTC,30842.5706
2024-01-02T15:58:35,BTC,30835.3727
2024-01-02T15:58:36,BTC,30854.6268
2024-01-02T15:58:37,BTC,30849.4474
2024-01-02T15:58:38,BTC,30806.6691
2024-01-02T15:58:39,BTC,30820.0077
2024-01-02T15:58:40,BTC,30805.5434
2024-01-02T15:58:41,BTC,30823.3554
2024-01-02T15:58:42,BTC,30849.3206
2024-01-02T15:58:43,BTC,30845.8366
2024-01-02T15:58:44,BTC,30860.9203
2024-01-02T15:58:45,BTC,30872.2853
2024-01-02T15:58:46,BTC,30871.7459
2024-01-02T15:58:47,BTC,30877.0761
2024-01-02T15:58:48,BTC,30886.6008
2024-01-02T15:58:49,BTC,30882.3575
2024-01-02T15:58:50,BTC,30896.2875
2024-01-02T15:58:51,BTC,30902.9673
2024-01-02T15:58:52,BTC,30914.4346
2024-01-02T15:58:53,BTC,30930.7728
2024-01-02T15:58:54,BTC,30921.161
2024-01-02T15:58:55,BTC,30930.8212
2024-01-02T15:58:56,BTC,30943.4508
2024-01-02T15:58:57,BTC,30987.3215
2024-01-02T15:58:58,BTC,30995.5533
2024-01-02T15:58:59,BTC,31007.7711
2024-01-02T15:59:00,BTC,31008.9468
2024-01-02T15:59:01,BTC,31011.1661
2024-01-02T15:59:02,BTC,31021.4751
2024-01-02T15:59:03,BTC,31032.4911
2024-01-02T15:59:04,BTC,31012.5575
2024-01-02T15:59:05,BTC,31008.9389
2024-01-02T15:59:06,BTC,31016.0827
2024-01-02T15:59:07,BTC,31005.8664
2024-01-02T15:59:08,BTC,30988.4199
2024-01-02T15:59:09,BTC,30989.882
2024-01-02T15:59:10,BTC,30996.5743
2024-01-02T15:59:11,BTC,30997.055
2024-01-02T15:59:12,BTC,30986.4876
2024-01-02T15:59:13,BTC,31012.1185
2024-01-02T15:59:14,BTC,31031.4942
2024-01-02T15:59:15,BTC,31003.7527
2024-01-02T15:59:16,BTC,30981.9393
2024-01-02T15:59:17,BTC,30997.1702
2024-01-02T15:59:18,BTC,31022.858
2024-01-02T15:59:19,BTC,31026.1672
2024-01-02T15:59:20,BTC,31007.3317
2024-01-02T15:59:21,BTC,31007.9216
2024-01-02T15:59:22,BTC,31038.8996
2024-01-02T15:59:23,BTC,31022.457
2024-01-02T15:59:24,BTC,31046.6456
2024-01-02T15:59:25,BTC,31024.8223
2024-01-02T15:59:26,BTC,31042.4007
2024-01-02T15:59:27,BTC,31048.3119
2024-01-02T15:59:28,BTC,31054.2364
2024-01-02T15:59:29,BTC,31061.9807
2024-01-02T15:59:30,BTC,31055.9905
2024-01-02T15:59:31,BTC,31046.0211
2024-01-02T15:59:32,BTC,31042.3859
2024-01-02T15:59:33,BTC,31056.4192
2024-01-02T15:59:34,BTC,31057.646
2024-01-02T15:59:35,BTC,31044.8049
2024-01-02T15:59:36,BTC,31067.5681
2024-01-02T15:59:37,BTC,31074.9229
2024-01-02T15:59:38,BTC,31067.2601
2024-01-02T15:59:39,BTC,31054.1313
2024-01-02T15:59:40,BTC,31070.7633
2024-01-02T15:59:41,BTC,31074.5597
2024-01-02T15:59:42,BTC,31103.1824
2024-01-02T15:59:43,BTC,31102.7111
2024-01-02T15:59:44,BTC,31123.7827
2024-01-02T15:59:45,BTC,31112.4076
2024-01-02T15:59:46,BTC,31099.0332
2024-01-02T15:59:47,BTC,31113.6585
2024-01-02T15:59:48,BTC,31100.2421
2024-01-02T15:59:49,BTC,31110.8768
2024-01-02T15:59:50,BTC,31119.5895
2024-01-02T15:59:51,BTC,31149.0434
2024-01-02T15:59:52,BTC,31154.9374
2024-01-02T15:59:53,BTC,31166.8621
2024-01-02T15:59:54,BTC,31183.6774
2024-01-02T15:59:55,BTC,31192.2411
2024-01-02T15:59:56,BTC,31190.7663
2024-01-02T15:59:57,BTC,31224.6033
2024-01-02T15:59:58,BTC,31218.414
2024-01-02T15:59:59,BTC,31239.4342
2024-01-02T16:00:00,BTC,31236.1901
2024-01-02T17:34:00,BTC,31262.5164
2024-01-02T17:34:01,BTC,31293.1617
2024-01-02T17:34:02,BTC,31284.68
2024-01-02T17:34:03,BTC,31271.6044
2024-01-02T17:34:04,BTC,31291.6329
2024-01-02T17:34:05,BTC,31316.0258
2024-01-02T17:34:06,BTC,31344.0621
2024-01-02T17:34:07,BTC,31350.9706
2024-01-02T17:34:08,BTC,31329.5179
2024-01-02T17:34:09,BTC,31324.5901
2024-01-02T17:34:10,BTC,31328.2887
2024-01-02T17:34:11,BTC,31353.1458
2024-01-02T17:34:12,BTC,31335.2549
2024-01-02T17:34:13,BTC,31332.6352
2024-01-02T17:34:14,BTC,31354.395
2024-01-02T17:34:15,BTC,31376.1584
2024-01-02T17:34:16,BTC,31402.6292
2024-01-02T17:34:17,BTC,31368.0433
2024-01-02T17:34:18,BTC,31365.7431
2024-01-02T17:34:19,BTC,31375.9792
2024-01-02T17:34:20,BTC,31377.1766
2024-01-02T17:34:21,BTC,31386.4365
2024-01-02T17:34:22,BTC,31383.8841
2024-01-02T17:34:23,BTC,31406.7884
2024-01-02T17:34:24,BTC,31414.4616
2024-01-02T17:34:25,BTC,31418.8595
2024-01-02T17:34:26,BTC,31426.1307
2024-01-02T17:34:27,BTC,31416.5644
2024-01-02T17:34:28,BTC,31431.5459
2024-01-02T17:34:29,BTC,31436.5359
2024-01-02T17:34:30,BTC,31442.3633
2024-01-02T17:34:31,BTC,31426.2733
2024-01-02T17:34:32,BTC,31426.7428
2024-01-02T17:34:33,BTC,31449.4097
2024-01-02T17:34:34,BTC,31481.1584
2024-01-02T17:34:35,BTC,31496.3036
2024-01-02T17:34:36,BTC,31515.3577
2024-01-02T17:34:37,BTC,31512.9153
2024-01-02T17:34:38,BTC,31505.8873
2024-01-02T17:34:39,BTC,31508.6315
2024-01-02T17:34:40,BTC,31519.6591
2024-01-02T17:34:41,BTC,31524.9188
2024-01-02T17:34:42,BTC,31559.9825
2024-01-02T17:34:43,BTC,31599.5418
2024-01-02T17:34:44,BTC,31608.9386
2024-01-02T17:34:45,BTC,31601.0597
2024-01-02T17:34:46,BTC,31641.233
2024-01-02T17:34:47,BTC,31639.9521
2024-01-02T17:34:48,BTC,31646.3671
2024-01-02T17:34:49,BTC,31656.849
2024-01-02T17:34:50,BTC,31678.3668
2024-01-02T17:34:51,BTC,31693.2902
2024-01-02T17:34:52,BTC,31731.5038
2024-01-02T17:34:53,BTC,31744.9623
2024-01-02T17:34:54,BTC,31770.4621
2024-01-02T17:34:55,BTC,31764.3393
2024-01-02T17:34:56,BTC,31759.9048
2024-01-02T17:34:57,BTC,31788.0317
2024-01-02T17:34:58,BTC,31774.1988
2024-01-02T17:34:59,BTC,31785.5377
2024-01-02T17:35:00,BTC,31821.2532
2024-01-02T17:35:01,BTC,31858.3131
2024-01-02T17:35:02,BTC,31861.997
2024-01-02T17:35:03,BTC,31888.1725
2024-01-02T17:35:04,BTC,31895.049
2024-01-02T17:35:05,BTC,31897.948
2024-01-02T17:35:06,BTC,31886.1253
2024-01-02T17:35:07,BTC,31875.7247
2024-01-02T17:35:08,BTC,31884.7726
2024-01-02T17:35:09,BTC,31907.5329
2024-01-02T17:35:10,BTC,31916.2009
2024-01-02T17:35:11,BTC,31953.6809
2024-01-02T17:35:12,BTC,31950.3119
2024-01-02T17:35:13,BTC,31954.2809
2024-01-02T17:35:14,BTC,31983.8018
2024-01-02T17:35:15,BTC,32002.6893
2024-01-02T17:35:16,BTC,31992.3551
2024-01-02T17:35:17,BTC,32004.1419
2024-01-02T17:35:18,BTC,32030.6614
2024-01-02T17:35:19,BTC,32063.4768
2024-01-02T17:35:20,BTC,32073.9695
2024-01-02T17:35:21,BTC,32088.4144
2024-01-02T17:35:22,BTC,32115.958
2024-01-02T17:35:23,BTC,32131.4568
2024-01-02T17:35:24,BTC,32141.312
2024-01-02T17:35:25,BTC,32124.6325
2024-01-02T17:35:26,BTC,32127.3174
2024-01-02T17:35:27,BTC,32127.0915
2024-01-02T17:35:28,BTC,32138.9702
2024-01-02T17:35:29,BTC,32134.12
2024-01-02T17:35:30,BTC,32134.5695
2024-01-02T17:35:31,BTC,32113.1794
2024-01-02T17:35:32,BTC,32113.9262
2024-01-02T17:35:33,BTC,32118.2215
2024-01-02T17:35:34,BTC,32117.3846
2024-01-02T17:35:35,BTC,32128.8331
2024-01-02T17:35:36,BTC,32147.5764
2024-01-02T17:35:37,BTC,32179.467
2024-01-02T17:35:38,BTC,32200.6516
2024-01-02T17:35:39,BTC,32218.1525
2024-01-02T17:35:40,BTC,32236.7627
2024-01-02T17:35:41,BTC,32235.0665
2024-01-02T17:35:42,BTC,32245.3002
2024-01-02T17:35:43,BTC,32243.9772
2024-01-02T17:35:44,BTC,32281.5066
2024-01-02T17:35:45,BTC,32294.5067
2024-01-02T17:35:46,BTC,32309.184
2024-01-02T17:35:47,BTC,32315.5823
2024-01-02T17:35:48,BTC,32320.3974
2024-01-02T17:35:49,BTC,32320.7353
2024-01-02T17:35:50,BTC,32313.1918
2024-01-02T17:35:51,BTC,32344.5648
2024-01-02T17:35:52,BTC,32339.9057
2024-01-02T17:35:53,BTC,32316.4897
2024-01-02T17:35:54,BTC,32310.7679
2024-01-02T17:35:55,BTC,32319.2591
2024-01-02T17:35:56,BTC,32337.7155
2024-01-02T17:35:57,BTC,32332.5023
2024-01-02T17:35:58,BTC,32324.1388
2024-01-02T17:35:59,BTC,32343.8843
2024-01-02T17:36:00,BTC,32344.2145
2024-01-02T17:36:01,BTC,32347.4871
2024-01-02T17:36:02,BTC,32356.7182
2024-01-02T17:36:03,BTC,32364.133
2024-01-02T17:36:04,BTC,32372.1287
2024-01-02T17:36:05,BTC,32404.0249
2024-01-02T17:36:06,BTC,32401.8865
2024-01-02T17:36:07,BTC,32413.9862
2024-01-02T17:36:08,BTC,32415.6355
2024-01-02T17:36:09,BTC,32409.407
2024-01-02T17:36:10,BTC,32434.2768
2024-01-02T17:36:11,BTC,32446.5027
2024-01-02T17:36:12,BTC,32427.4127
2024-01-02T17:36:13,BTC,32477.6999
2024-01-02T17:36:14,BTC,32460.3837
2024-01-02T17:36:15,BTC,32462.9548
2024-01-02T17:36:16,BTC,32468.6557
2024-01-02T17:36:17,BTC,32495.2993
2024-01-02T17:36:18,BTC,32476.9454
2024-01-02T17:36:19,BTC,32461.6133
2024-01-02T17:36:20,BTC,32474.4604
2024-01-02T17:36:21,BTC,32474.3745
2024-01-02T17:36:22,BTC,32483.5144
2024-01-02T17:36:23,BTC,32483.0054
2024-01-02T17:36:24,BTC,32517.1815
2024-01-02T17:36:25,BTC,32550.0734
2024-01-02T17:36:26,BTC,32535.6005
2024-01-02T17:36:27,BTC,32549.9087
2024-01-02T17:36:28,BTC,32544.8946
2024-01-02T17:36:29,BTC,32555.8588
2024-01-02T17:36:30,BTC,32573.8534
2024-01-02T17:36:31,BTC,32581.7865
2024-01-02T17:36:32,BTC,32608.8194
2024-01-02T17:36:33,BTC,32627.3485
2024-01-02T17:36:34,BTC,32652.3227
2024-01-02T17:36:35,BTC,32627.4057
2024-01-02T17:36:36,BTC,32648.1597
2024-01-02T17:36:37,BTC,32653.1371
2024-01-02T17:36:38,BTC,32667.421
2024-01-02T17:36:39,BTC,32668.1535
2024-01-02T17:36:40,BTC,32683.8498
2024-01-02T17:36:41,BTC,32705.8308
2024-01-02T17:36:42,BTC,32724.3032
2024-01-02T17:36:43,BTC,32725.2135
2024-01-02T17:36:44,BTC,32753.5924
2024-01-02T17:36:45,BTC,32751.0417
2024-01-02T17:36:46,BTC,32755.6984
2024-01-02T17:36:47,BTC,32762.7811
2024-01-02T17:36:48,BTC,32742.6731
2024-01-02T17:36:49,BTC,32770.3944
2024-01-02T17:36:50,BTC,32791.3062
2024-01-02T17:36:51,BTC,32809.8139
2024-01-02T17:36:52,BTC,32852.6625
2024-01-02T17:36:53,BTC,32885.4761
2024-01-02T17:36:54,BTC,32913.659
2024-01-02T17:36:55,BTC,32942.0254
2024-01-02T17:36:56,BTC,32978.8223
2024-01-02T17:36:57,BTC,32993.5104
2024-01-02T17:36:58,BTC,32983.9273
2024-01-02T17:36:59,BTC,32990.0307
2024-01-02T17:37:00,BTC,32985.8837
2024-01-02T17:37:01,BTC,33009.6675
2024-01-02T17:37:02,BTC,33002.1465
2024-01-02T17:37:03,BTC,32993.9914
2024-01-02T17:37:04,BTC,33001.6326
2024-01-02T17:37:05,BTC,33016.9156
2024-01-02T17:37:06,BTC,33046.2436
2024-01-02T17:37:07,BTC,33012.8012
2024-01-02T17:37:08,BTC,32997.5202
2024-01-02T17:37:09,BTC,33044.3026
2024-01-02T17:37:10,BTC,33060.2307
2024-01-02T17:37:11,BTC,33064.4943
2024-01-02T17:37:12,BTC,33063.6478
2024-01-02T17:37:13,BTC,33066.9254
2024-01-02T17:37:14,BTC,33067.7085
2024-01-02T17:37:15,BTC,33070.2894
2024-01-02T17:37:16,BTC,33073.3442
2024-01-02T17:37:17,BTC,33082.4016
2024-01-02T17:37:18,BTC,33082.1985
2024-01-02T17:37:19,BTC,33110.9907
2024-01-02T17:37:20,BTC,33126.322
2024-01-02T17:37:21,BTC,33146.9784
2024-01-02T17:37:22,BTC,33143.4698
2024-01-02T17:37:23,BTC,33152.2154
2024-01-02T17:37:24,BTC,33157.1736
2024-01-02T17:37:25,BTC,33177.3453
2024-01-02T17:37:26,BTC,33165.654
2024-01-02T17:37:27,BTC,33126.7185
2024-01-02T17:37:28,BTC,33130.3457
2024-01-02T17:37:29,BTC,33131.2269
2024-01-02T17:37:30,BTC,33116.9528
2024-01-02T17:37:31,BTC,33097.7757
2024-01-02T17:37:32,BTC,33118.0222
2024-01-02T17:37:33,BTC,33104.4912
2024-01-02T17:37:34,BTC,33131.7577
2024-01-02T17:37:35,BTC,33106.1441
2024-01-02T17:37:36,BTC,33110.6334
2024-01-02T17:37:37,BTC,33105.8715
2024-01-02T17:37:38,BTC,33119.042
2024-01-02T17:37:39,BTC,33148.8165
2024-01-02T17:37:40,BTC,33152.5047
2024-01-02T17:37:41,BTC,33132.6198
2024-01-02T17:37:42,BTC,33131.4567
2024-01-02T17:37:43,BTC,33140.5902
2024-01-02T17:37:44,BTC,33129.3091
2024-01-02T17:37:45,BTC,33139.6301
2024-01-02T17:37:46,BTC,33137.1247
2024-01-02T17:37:47,BTC,33137.3544
2024-01-02T17:37:48,BTC,33170.6336
2024-01-02T17:37:49,BTC,33162.6493
2024-01-02T17:37:50,BTC,33192.4221
2024-01-02T17:37:51,BTC,33206.2669
2024-01-02T17:37:52,BTC,33189.2975
2024-01-02T17:37:53,BTC,33178.1772
2024-01-02T17:37:54,BTC,33178.3096
2024-01-02T17:37:55,BTC,33170.2333
2024-01-02T17:37:56,BTC,33177.6716
2024-01-02T17:37:57,BTC,33219.8419
2024-01-02T17:37:58,BTC,33237.8904
2024-01-02T17:37:59,BTC,33233.5279
2024-01-02T17:38:00,BTC,33234.8859
2024-01-02T17:38:01,BTC,33263.4887
2024-01-02T17:38:02,BTC,33275.2501
2024-01-02T17:38:03,BTC,33265.6241
2024-01-02T17:38:04,BTC,33284.1742
2024-01-02T17:38:05,BTC,33280.9902
2024-01-02T17:38:06,BTC,33266.6305
2024-01-02T17:38:07,BTC,33270.9069
2024-01-02T17:38:08,BTC,33299.4922
2024-01-02T17:38:09,BTC,33286.5878
2024-01-02T17:38:10,BTC,33297.3445
2024-01-02T17:38:11,BTC,33311.301
2024-01-02T17:38:12,BTC,33353.9313
2024-01-02T17:38:13,BTC,33358.6053
2024-01-02T17:38:14,BTC,33373.0318
2024-01-02T17:38:15,BTC,33348.4118
2024-01-02T17:38:16,BTC,33339.8562
2024-01-02T17:38:17,BTC,33353.4683
2024-01-02T17:38:18,BTC,33352.6762
2024-01-02T17:38:19,BTC,33354.7976
2024-01-02T17:38:20,BTC,33346.541
2024-01-02T17:38:21,BTC,33396.0073
2024-01-02T17:38:22,BTC,33400.502
2024-01-02T17:38:23,BTC,33418.8264
2024-01-02T17:38:24,BTC,33451.349
2024-01-02T17:38:25,BTC,33446.6654
2024-01-02T17:38:26,BTC,33484.5329
2024-01-02T17:38:27,BTC,33499.454
2024-01-02T17:38:28,BTC,33494.2131
2024-01-02T17:38:29,BTC,33486.741
2024-01-02T17:38:30,BTC,33521.108
2024-01-02T17:38:31,BTC,33532.1789
2024-01-02T17:38:32,BTC,33557.96
2024-01-02T17:38:33,BTC,33547.5987
2024-01-02T17:38:34,BTC,33600.7868
2024-01-02T17:38:35,BTC,33626.1924
2024-01-02T17:38:36,BTC,33615.7877
2024-01-02T17:38:37,BTC,33652.5682
2024-01-02T17:38:38,BTC,33646.0071
2024-01-02T17:38:39,BTC,33646.3848
2024-01-02T17:38:40,BTC,33626.9259
2024-01-02T17:38:41,BTC,33632.7235
2024-01-02T17:38:42,BTC,33595.5672
2024-01-02T17:38:43,BTC,33608.438
2024-01-02T17:38:44,BTC,33639.6084
2024-01-02T17:38:45,BTC,33660.252
2024-01-02T17:38:46,BTC,33658.8916
2024-01-02T17:38:47,BTC,33707.3023
2024-01-02T17:38:48,BTC,33707.8334
2024-01-02T17:38:49,BTC,33723.9677
2024-01-02T17:38:50,BTC,33735.9259
2024-01-02T17:38:51,BTC,33743.5691
2024-01-02T17:38:52,BTC,33757.2374
2024-01-02T17:38:53,BTC,33781.4232
2024-01-02T17:38:54,BTC,33785.7024
2024-01-02T17:38:55,BTC,33778.4532
2024-01-02T17:38:56,BTC,33765.6241
2024-01-02T17:38:57,BTC,33775.2706
2024-01-02T17:38:58,BTC,33776.3026
2024-01-02T17:38:59,BTC,33785.5405
2024-01-02T17:39:00,BTC,33810.5652
2024-01-02T17:39:01,BTC,33794.4697
2024-01-02T17:39:02,BTC,33817.2904
2024-01-02T17:39:03,BTC,33841.0065
2024-01-02T17:39:04,BTC,33852.6835
2024-01-02T17:39:05,BTC,33837.0677
2024-01-02T17:39:06,BTC,33849.0681
2024-01-02T17:39:07,BTC,33838.9446
2024-01-02T17:39:08,BTC,33840.4922
2024-01-02T17:39:09,BTC,33848.4499
2024-01-02T17:39:10,BTC,33842.8918
2024-01-02T17:39:11,BTC,33838.966
2024-01-02T17:39:12,BTC,33832.5262
2024-01-02T17:39:13,BTC,33851.0787
2024-01-02T17:39:14,BTC,33863.9157
2024-01-02T17:39:15,BTC,33868.2313
2024-01-02T17:39:16,BTC,33882.6977
2024-01-02T17:39:17,BTC,33883.8728
2024-01-02T17:39:18,BTC,33895.9221
2024-01-02T17:39:19,BTC,33907.6439
2024-01-02T17:39:20,BTC,33904.6538
2024-01-02T17:39:21,BTC,33910.1432
2024-01-02T17:39:22,BTC,33943.6649
2024-01-02T17:39:23,BTC,33977.9971
2024-01-02T17:39:24,BTC,33988.8746
2024-01-02T17:39:25,BTC,34006.7662
2024-01-02T17:39:26,BTC,33992.3897
2024-01-02T17:39:27,BTC,33971.0218
2024-01-02T17:39:28,BTC,33937.9602
2024-01-02T17:39:29,BTC,33952.8758
2024-01-02T17:39:30,BTC,33983.8175
2024-01-02T17:39:31,BTC,33995.5579
2024-01-02T17:39:32,BTC,34008.9993
2024-01-02T17:39:33,BTC,34021.7108
2024-01-02T17:39:34,BTC,34028.0992
2024-01-02T17:39:35,BTC,34019.9005
2024-01-02T17:39:36,BTC,34031.4881
2024-01-02T17:39:37,BTC,34051.5341
2024-01-02T17:39:38,BTC,34061.7823
2024-01-02T17:39:39,BTC,34060.4707
2024-01-02T17:39:40,BTC,34041.6266
2024-01-02T17:39:41,BTC,34071.3599
2024-01-02T17:39:42,BTC,34109.2419
2024-01-02T17:39:43,BTC,34147.8903
2024-01-02T17:39:44,BTC,34157.6592
2024-01-02T17:39:45,BTC,34162.6936
2024-01-02T17:39:46,BTC,34186.3924
2024-01-02T17:39:47,BTC,34195.8382
2024-01-02T17:39:48,BTC,34188.2632
2024-01-02T17:39:49,BTC,34175.255
2024-01-02T17:39:50,BTC,34174.5228
2024-01-02T17:39:51,BTC,34174.5117
2024-01-02T17:39:52,BTC,34208.1275
2024-01-02T17:39:53,BTC,34240.6906
2024-01-02T17:39:54,BTC,34244.5412
2024-01-02T17:39:55,BTC,34250.4199
2024-01-02T17:39:56,BTC,34283.6195
2024-01-02T17:39:57,BTC,34270.7271
2024-01-02T17:39:58,BTC,34247.0059
2024-01-02T17:39:59,BTC,34251.3705
2024-01-02T17:40:00,BTC,34243.7183
2024-01-02T18:10:00,BTC,34235.0814
2024-01-02T18:10:01,BTC,34233.4608
2024-01-02T18:10:02,BTC,34246.1463
2024-01-02T18:10:03,BTC,34231.4011
2024-01-02T18:10:04,BTC,34270.1153
2024-01-02T18:10:05,BTC,34248.602
2024-01-02T18:10:06,BTC,34269.287
2024-01-02T18:10:07,BTC,34257.6751
2024-01-02T18:10:08,BTC,34245.4286
2024-01-02T18:10:09,BTC,34246.3192
2024-01-02T18:10:10,BTC,34250.7656
2024-01-02T18:10:11,BTC,34258.0397
2024-01-02T18:10:12,BTC,34252.8428
2024-01-02T18:10:13,BTC,34240.7892
2024-01-02T18:10:14,BTC,34221.5216
2024-01-02T18:10:15,BTC,34239.0457
2024-01-02T18:10:16,BTC,34229.6369
2024-01-02T18:10:17,BTC,34207.663
2024-01-02T18:10:18,BTC,34183.2873
2024-01-02T18:10:19,BTC,34177.6923
2024-01-02T18:10:20,BTC,34172.1056
2024-01-02T18:10:21,BTC,34151.1503
2024-01-02T18:10:22,BTC,34132.6349
2024-01-02T18:10:23,BTC,34144.2319
2024-01-02T18:10:24,BTC,34154.6036
2024-01-02T18:10:25,BTC,34159.4114
2024-01-02T18:10:26,BTC,34149.6729
2024-01-02T18:10:27,BTC,34145.8431
2024-01-02T18:10:28,BTC,34158.3013
2024-01-02T18:10:29,BTC,34146.3835
2024-01-02T18:10:30,BTC,34166.1302
2024-01-02T18:10:31,BTC,34174.5228
2024-01-02T18:10:32,BTC,34178.4942
2024-01-02T18:10:33,BTC,34174.1316
2024-01-02T18:10:34,BTC,34193.2476
2024-01-02T18:10:35,BTC,34205.976
2024-01-02T18:10:36,BTC,34214.8888
2024-01-02T18:10:37,BTC,34218.5505
2024-01-02T18:10:38,BTC,34215.522
2024-01-02T18:10:39,BTC,34194.9922
2024-01-02T18:10:40,BTC,34198.8344
2024-01-02T18:10:41,BTC,34208.5534
2024-01-02T18:10:42,BTC,34205.8146
2024-01-02T18:10:43,BTC,34174.7872
2024-01-02T18:10:44,BTC,34192.3681
2024-01-02T18:10:45,BTC,34195.0272
2024-01-02T18:10:46,BTC,34210.5272
2024-01-02T18:10:47,BTC,34218.7646
2024-01-02T18:10:48,BTC,34193.3573
2024-01-02T18:10:49,BTC,34210.5133
2024-01-02T18:10:50,BTC,34180.381
2024-01-02T18:10:51,BTC,34173.1753
2024-01-02T18:10:52,BTC,34147.3535
2024-01-02T18:10:53,BTC,34135.7031
2024-01-02T18:10:54,BTC,34107.8884
2024-01-02T18:10:55,BTC,34093.2556
2024-01-02T18:10:56,BTC,34074.193
2024-01-02T18:10:57,BTC,34076.1566
2024-01-02T18:10:58,BTC,34075.5962
2024-01-02T18:10:59,BTC,34073.3145
2024-01-02T18:11:00,BTC,34063.7508
2024-01-02T18:11:01,BTC,34058.8457
2024-01-02T18:11:02,BTC,34031.4694
2024-01-02T18:11:03,BTC,34043.8859
2024-01-02T18:11:04,BTC,34063.3446
2024-01-02T18:11:05,BTC,34062.0339
2024-01-02T18:11:06,BTC,34055.7189
2024-01-02T18:11:07,BTC,34092.0042
2024-01-02T18:11:08,BTC,34102.5278
2024-01-02T18:11:09,BTC,34089.1748
2024-01-02T18:11:10,BTC,34084.9394
2024-01-02T18:11:11,BTC,34076.1414
2024-01-02T18:11:12,BTC,34086.9816
2024-01-02T18:11:13,BTC,34096.4511
2024-01-02T18:11:14,BTC,34127.0347
2024-01-02T18:11:15,BTC,34123.2864
2024-01-02T18:11:16,BTC,34137.2742
2024-01-02T18:11:17,BTC,34138.2117
2024-01-02T18:11:18,BTC,34141.62
2024-01-02T18:11:19,BTC,34132.6614
2024-01-02T18:11:20,BTC,34121.9283
2024-01-02T18:11:21,BTC,34140.9217
2024-01-02T18:11:22,BTC,34153.0257
2024-01-02T18:11:23,BTC,34120.712
2024-01-02T18:11:24,BTC,34137.9417
2024-01-02T18:11:25,BTC,34141.6339
2024-01-02T18:11:26,BTC,34136.2247
2024-01-02T18:11:27,BTC,34114.2666
2024-01-02T18:11:28,BTC,34150.0553
2024-01-02T18:11:29,BTC,34139.6571
2024-01-02T18:11:30,BTC,34129.7369
2024-01-02T18:11:31,BTC,34137.86
2024-01-02T18:11:32,BTC,34146.8533
2024-01-02T18:11:33,BTC,34107.1966
2024-01-02T18:11:34,BTC,34082.3419
2024-01-02T18:11:35,BTC,34079.6549
2024-01-02T18:11:36,BTC,34067.5677
2024-01-02T18:11:37,BTC,34056.9414
2024-01-02T18:11:38,BTC,34037.836
2024-01-02T18:11:39,BTC,34039.8746
2024-01-02T18:11:40,BTC,34056.9846
2024-01-02T18:11:41,BTC,34073.6298
2024-01-02T18:11:42,BTC,34072.0274
2024-01-02T18:11:43,BTC,34038.4809
2024-01-02T18:11:44,BTC,34000.6182
2024-01-02T18:11:45,BTC,33965.086
2024-01-02T18:11:46,BTC,33946.1734
2024-01-02T18:11:47,BTC,33955.939
2024-01-02T18:11:48,BTC,33955.3221
2024-01-02T18:11:49,BTC,33952.5548
2024-01-02T18:11:50,BTC,33941.4542
2024-01-02T18:11:51,BTC,33918.855
2024-01-02T18:11:52,BTC,33925.4391
2024-01-02T18:11:53,BTC,33915.7877
2024-01-02T18:11:54,BTC,33922.7823
2024-01-02T18:11:55,BTC,33911.6827
2024-01-02T18:11:56,BTC,33908.911
2024-01-02T18:11:57,BTC,33867.1766
2024-01-02T18:11:58,BTC,33878.4526
2024-01-02T18:11:59,BTC,33859.3582
2024-01-02T18:12:00,BTC,33888.5822
2024-01-02T18:12:01,BTC,33874.4793
2024-01-02T18:12:02,BTC,33868.7961
2024-01-02T18:12:03,BTC,33864.9828
2024-01-02T18:12:04,BTC,33859.5126
2024-01-02T18:12:05,BTC,33871.4862
2024-01-02T18:12:06,BTC,33893.0717
2024-01-02T18:12:07,BTC,33883.425
2024-01-02T18:12:08,BTC,33885.2972
2024-01-02T18:12:09,BTC,33875.7295
2024-01-02T18:12:10,BTC,33896.1212
2024-01-02T18:12:11,BTC,33867.9404
2024-01-02T18:12:12,BTC,33841.0935
2024-01-02T18:12:13,BTC,33841.8211
2024-01-02T18:12:14,BTC,33838.5108
2024-01-02T18:12:15,BTC,33835.0794
2024-01-02T18:12:16,BTC,33849.8372
2024-01-02T18:12:17,BTC,33853.4493
2024-01-02T18:12:18,BTC,33861.5739
2024-01-02T18:12:19,BTC,33852.0428
2024-01-02T18:12:20,BTC,33866.2994
2024-01-02T18:12:21,BTC,33847.3648
2024-01-02T18:12:22,BTC,33821.321
2024-01-02T18:12:23,BTC,33842.3709
2024-01-02T18:12:24,BTC,33842.4687
2024-01-02T18:12:25,BTC,33845.0179
2024-01-02T18:12:26,BTC,33872.1685
2024-01-02T18:12:27,BTC,33889.8495
2024-01-02T18:12:28,BTC,33889.5847
2024-01-02T18:12:29,BTC,33895.9719
2024-01-02T18:12:30,BTC,33912.1695
2024-01-02T18:12:31,BTC,33915.0641
2024-01-02T18:12:32,BTC,33932.8641
2024-01-02T18:12:33,BTC,33936.0563
2024-01-02T18:12:34,BTC,33946.191
2024-01-02T18:12:35,BTC,33944.5522
2024-01-02T18:12:36,BTC,33986.8538
2024-01-02T18:12:37,BTC,33984.788
2024-01-02T18:12:38,BTC,33993.9056
2024-01-02T18:12:39,BTC,33993.0366
2024-01-02T18:12:40,BTC,34007.6926
2024-01-02T18:12:41,BTC,34003.6004
2024-01-02T18:12:42,BTC,34004.5261
2024-01-02T18:12:43,BTC,33992.7476
2024-01-02T18:12:44,BTC,34004.4848
2024-01-02T18:12:45,BTC,34030.0489
2024-01-02T18:12:46,BTC,34032.7672
2024-01-02T18:12:47,BTC,34032.7931
2024-01-02T18:12:48,BTC,34052.2774
2024-01-02T18:12:49,BTC,34070.8595
2024-01-02T18:12:50,BTC,34043.8134
2024-01-02T18:12:51,BTC,34033.032
2024-01-02T18:12:52,BTC,34020.305
2024-01-02T18:12:53,BTC,34004.1195
2024-01-02T18:12:54,BTC,33999.7052
2024-01-02T18:12:55,BTC,34025.3121
2024-01-02T18:12:56,BTC,34036.1576
2024-01-02T18:12:57,BTC,34056.4165
2024-01-02T18:12:58,BTC,34065.3315
2024-01-02T18:12:59,BTC,34051.628
2024-01-02T18:13:00,BTC,34059.4375
2024-01-02T18:13:01,BTC,34042.1479
2024-01-02T18:13:02,BTC,34010.8844
2024-01-02T18:13:03,BTC,33983.6992
2024-01-02T18:13:04,BTC,33996.1706
2024-01-02T18:13:05,BTC,33980.0452
2024-01-02T18:13:06,BTC,33978.2853
2024-01-02T18:13:07,BTC,34012.7139
2024-01-02T18:13:08,BTC,34001.9691
2024-01-02T18:13:09,BTC,34011.6549
2024-01-02T18:13:10,BTC,34005.6031
2024-01-02T18:13:11,BTC,34023.5686
2024-01-02T18:13:12,BTC,34025.8587
2024-01-02T18:13:13,BTC,34012.5246
2024-01-02T18:13:14,BTC,34015.5127
2024-01-02T18:13:15,BTC,34026.9641
2024-01-02T18:13:16,BTC,34014.7302
2024-01-02T18:13:17,BTC,34007.7915
2024-01-02T18:13:18,BTC,34023.8254
2024-01-02T18:13:19,BTC,34034.2732
2024-01-02T18:13:20,BTC,33998.3749
2024-01-02T18:13:21,BTC,34015.7407
2024-01-02T18:13:22,BTC,34005.827
2024-01-02T18:13:23,BTC,33996.9828
2024-01-02T18:13:24,BTC,33997.5077
2024-01-02T18:13:25,BTC,33991.987
2024-01-02T18:13:26,BTC,34013.7232
2024-01-02T18:13:27,BTC,33995.5094
2024-01-02T18:13:28,BTC,33990.9775
2024-01-02T18:13:29,BTC,34010.1525
2024-01-02T18:13:30,BTC,34016.0623
2024-01-02T18:13:31,BTC,34046.7768
2024-01-02T18:13:32,BTC,34048.1167
2024-01-02T18:13:33,BTC,34062.849
2024-01-02T18:13:34,BTC,34061.7018
2024-01-02T18:13:35,BTC,34067.9402
2024-01-02T18:13:36,BTC,34062.0345
2024-01-02T18:13:37,BTC,34075.6209
2024-01-02T18:13:38,BTC,34098.8638
2024-01-02T18:13:39,BTC,34100.6466
2024-01-02T18:13:40,BTC,34101.4552
2024-01-02T18:13:41,BTC,34120.3742
2024-01-02T18:13:42,BTC,34130.1876
2024-01-02T18:13:43,BTC,34123.3792
2024-01-02T18:13:44,BTC,34108.4014
2024-01-02T18:13:45,BTC,34127.6427
2024-01-02T18:13:46,BTC,34096.9777
2024-01-02T18:13:47,BTC,34098.2995
2024-01-02T18:13:48,BTC,34090.9268
2024-01-02T18:13:49,BTC,34082.4333
2024-01-02T18:13:50,BTC,34065.0094
2024-01-02T18:13:51,BTC,34093.6957
2024-01-02T18:13:52,BTC,34081.0453
2024-01-02T18:13:53,BTC,34091.7466
2024-01-02T18:13:54,BTC,34090.2783
2024-01-02T18:13:55,BTC,34095.4056
2024-01-02T18:13:56,BTC,34097.2845
2024-01-02T18:13:57,BTC,34091.4404
2024-01-02T18:13:58,BTC,34094.8079
2024-01-02T18:13:59,BTC,34106.9579
2024-01-02T18:14:00,BTC,34082.2728
2024-01-02T18:14:01,BTC,34080.0685
2024-01-02T18:14:02,BTC,34046.7174
2024-01-02T18:14:03,BTC,34039.2679
2024-01-02T18:14:04,BTC,34011.8207
2024-01-02T18:14:05,BTC,34005.1694
2024-01-02T18:14:06,BTC,33989.9084
2024-01-02T18:14:07,BTC,33974.2649
2024-01-02T18:14:08,BTC,33961.0994
2024-01-02T18:14:09,BTC,33967.8549
2024-01-02T18:14:10,BTC,33985.5165
2024-01-02T18:14:11,BTC,33985.8356
2024-01-02T18:14:12,BTC,34009.1884
2024-01-02T18:14:13,BTC,34006.4774
2024-01-02T18:14:14,BTC,33989.8538
2024-01-02T18:14:15,BTC,34021.8785
2024-01-02T18:14:16,BTC,34017.5632
2024-01-02T18:14:17,BTC,34033.8937
2024-01-02T18:14:18,BTC,34026.5211
2024-01-02T18:14:19,BTC,34028.3347
2024-01-02T18:14:20,BTC,34059.9828
2024-01-02T18:14:21,BTC,34093.8301
2024-01-02T18:14:22,BTC,34092.8268
2024-01-02T18:14:23,BTC,34104.3523
2024-01-02T18:14:24,BTC,34124.3561
2024-01-02T18:14:25,BTC,34133.1328
2024-01-02T18:14:26,BTC,34146.9652
2024-01-02T18:14:27,BTC,34113.5338
2024-01-02T18:14:28,BTC,34135.0815
2024-01-02T18:14:29,BTC,34148.9972
2024-01-02T18:14:30,BTC,34157.465
2024-01-02T18:14:31,BTC,34150.6973
2024-01-02T18:14:32,BTC,34125.1868
2024-01-02T18:14:33,BTC,34104.9755
2024-01-02T18:14:34,BTC,34140.3484
2024-01-02T18:14:35,BTC,34142.2923
2024-01-02T18:14:36,BTC,34168.7942
2024-01-02T18:14:37,BTC,34160.4677
2024-01-02T18:14:38,BTC,34171.214
2024-01-02T18:14:39,BTC,34185.0958
2024-01-02T18:14:40,BTC,34192.259
2024-01-02T18:14:41,BTC,34217.8388
2024-01-02T18:14:42,BTC,34219.2514
2024-01-02T18:14:43,BTC,34233.6124
2024-01-02T18:14:44,BTC,34278.6115
2024-01-02T18:14:45,BTC,34280.5293
2024-01-02T18:14:46,BTC,34267.1607
2024-01-02T18:14:47,BTC,34247.2139
2024-01-02T18:14:48,BTC,34235.9405
2024-01-02T18:14:49,BTC,34189.3536
2024-01-02T18:14:50,BTC,34164.7296
2024-01-02T18:14:51,BTC,34164.5461
2024-01-02T18:14:52,BTC,34167.0959
2024-01-02T18:14:53,BTC,34143.183
2024-01-02T18:14:54,BTC,34126.1111
2024-01-02T18:14:55,BTC,34120.1494
2024-01-02T18:14:56,BTC,34113.2805
2024-01-02T18:14:57,BTC,34130.1149
2024-01-02T18:14:58,BTC,34118.9757
2024-01-02T18:14:59,BTC,34126.4901
2024-01-02T18:15:00,BTC,34126.4371
2024-01-02T18:15:01,BTC,34129.532
2024-01-02T18:15:02,BTC,34111.3055
2024-01-02T18:15:03,BTC,34104.2072
2024-01-02T18:15:04,BTC,34121.9181
2024-01-02T18:15:05,BTC,34093.5763
2024-01-02T18:15:06,BTC,34086.9667
2024-01-02T18:15:07,BTC,34094.0222
2024-01-02T18:15:08,BTC,34090.3679
2024-01-02T18:15:09,BTC,34082.0174
2024-01-02T18:15:10,BTC,34081.874
2024-01-02T18:15:11,BTC,34123.7389
2024-01-02T18:15:12,BTC,34117.3974
2024-01-02T18:15:13,BTC,34082.1386
2024-01-02T18:15:14,BTC,34092.7375
2024-01-02T18:15:15,BTC,34095.2849
2024-01-02T18:15:16,BTC,34126.7181
2024-01-02T18:15:17,BTC,34154.1297
2024-01-02T18:15:18,BTC,34144.4008
2024-01-02T18:15:19,BTC,34143.9839
2024-01-02T18:15:20,BTC,34182.9587
2024-01-02T18:15:21,BTC,34171.0488
2024-01-02T18:15:22,BTC,34147.8938
2024-01-02T18:15:23,BTC,34163.242
2024-01-02T18:15:24,BTC,34164.5144
2024-01-02T18:15:25,BTC,34192.7634
2024-01-02T18:15:26,BTC,34206.1705
2024-01-02T18:15:27,BTC,34219.8367
2024-01-02T18:15:28,BTC,34208.8377
2024-01-02T18:15:29,BTC,34223.536
2024-01-02T18:15:30,BTC,34230.6857
2024-01-02T18:15:31,BTC,34228.114
2024-01-02T18:15:32,BTC,34248.3172
2024-01-02T18:15:33,BTC,34261.4837
2024-01-02T18:15:34,BTC,34275.4122
2024-01-02T18:15:35,BTC,34273.5863
2024-01-02T18:15:36,BTC,34306.864
2024-01-02T18:15:37,BTC,34293.5732
2024-01-02T18:15:38,BTC,34252.7727
2024-01-02T18:15:39,BTC,34259.8681
2024-01-02T18:15:40,BTC,34252.3049
2024-01-02T18:15:41,BTC,34254.8343
2024-01-02T18:15:42,BTC,34268.8395
2024-01-02T18:15:43,BTC,34262.7228
2024-01-02T18:15:44,BTC,34237.0882
2024-01-02T18:15:45,BTC,34260.2949
2024-01-02T18:15:46,BTC,34238.3928
2024-01-02T18:15:47,BTC,34233.2256
2024-01-02T18:15:48,BTC,34236.7924
2024-01-02T18:15:49,BTC,34280.3747
2024-01-02T18:15:50,BTC,34296.0097
2024-01-02T18:15:51,BTC,34270.684
2024-01-02T18:15:52,BTC,34280.9041
2024-01-02T18:15:53,BTC,34299.3068
2024-01-02T18:15:54,BTC,34324.1851
2024-01-02T18:15:55,BTC,34322.1022
2024-01-02T18:15:56,BTC,34330.7352
2024-01-02T18:15:57,BTC,34328.3009
2024-01-02T18:15:58,BTC,34313.1585
2024-01-02T18:15:59,BTC,34285.2731
2024-01-02T18:16:00,BTC,34274.7547
2024-01-02T19:51:00,BTC,34234.7391
2024-01-02T19:51:01,BTC,34234.2842
2024-01-02T19:51:02,BTC,34246.814
2024-01-02T19:51:03,BTC,34231.7294
2024-01-02T19:51:04,BTC,34222.216
2024-01-02T19:51:05,BTC,34214.5864
2024-01-02T19:51:06,BTC,34208.599
2024-01-02T19:51:07,BTC,34203.7784
2024-01-02T19:51:08,BTC,34191.4393
2024-01-02T19:51:09,BTC,34199.3363
2024-01-02T19:51:10,BTC,34198.4895
2024-01-02T19:51:11,BTC,34200.2195
2024-01-02T19:51:12,BTC,34228.2946
2024-01-02T19:51:13,BTC,34217.4485
2024-01-02T19:51:14,BTC,34202.953
2024-01-02T19:51:15,BTC,34172.4256
2024-01-02T19:51:16,BTC,34143.4558
2024-01-02T19:51:17,BTC,34162.9016
2024-01-02T19:51:18,BTC,34158.35
2024-01-02T19:51:19,BTC,34121.2965
2024-01-02T19:51:20,BTC,34114.5095
2024-01-02T19:51:21,BTC,34125.1598
2024-01-02T19:51:22,BTC,34128.8397
2024-01-02T19:51:23,BTC,34132.6973
2024-01-02T19:51:24,BTC,34124.9206
2024-01-02T19:51:25,BTC,34087.7892
2024-01-02T19:51:26,BTC,34063.3853
2024-01-02T19:51:27,BTC,34071.0553
2024-01-02T19:51:28,BTC,34057.8606
2024-01-02T19:51:29,BTC,34051.438
2024-01-02T19:51:30,BTC,34025.9906
2024-01-02T19:51:31,BTC,34031.7085
2024-01-02T19:51:32,BTC,34077.0687
2024-01-02T19:51:33,BTC,34079.9677
2024-01-02T19:51:34,BTC,34082.7586
2024-01-02T19:51:35,BTC,34072.8086
2024-01-02T19:51:36,BTC,34060.4753
2024-01-02T19:51:37,BTC,34034.9059
2024-01-02T19:51:38,BTC,34053.7556
2024-01-02T19:51:39,BTC,34064.3462
2024-01-02T19:51:40,BTC,34061.5199
2024-01-02T19:51:41,BTC,34042.6574
2024-01-02T19:51:42,BTC,34072.6016
2024-01-02T19:51:43,BTC,34055.6265
2024-01-02T19:51:44,BTC,34047.4152
2024-01-02T19:51:45,BTC,34023.8945
2024-01-02T19:51:46,BTC,34006.5647
2024-01-02T19:51:47,BTC,34021.3893
2024-01-02T19:51:48,BTC,33995.7346
2024-01-02T19:51:49,BTC,34022.4861
2024-01-02T19:51:50,BTC,34022.2215
2024-01-02T19:51:51,BTC,34006.229
2024-01-02T19:51:52,BTC,34006.0527
2024-01-02T19:51:53,BTC,34004.2521
2024-01-02T19:51:54,BTC,33976.1437
2024-01-02T19:51:55,BTC,33950.1331
2024-01-02T19:51:56,BTC,33959.0973
2024-01-02T19:51:57,BTC,33963.3383
2024-01-02T19:51:58,BTC,33957.4289
2024-01-02T19:51:59,BTC,33964.4443
2024-01-02T19:52:00,BTC,33973.1213
2024-01-02T19:52:01,BTC,33975.994
2024-01-02T19:52:02,BTC,33934.284
2024-01-02T19:52:03,BTC,33907.5863
2024-01-02T19:52:04,BTC,33894.3088
2024-01-02T19:52:05,BTC,33903.3999
2024-01-02T19:52:06,BTC,33930.5741
2024-01-02T19:52:07,BTC,33924.0455
2024-01-02T19:52:08,BTC,33899.3639
2024-01-02T19:52:09,BTC,33904.9101
2024-01-02T19:52:10,BTC,33910.3716
2024-01-02T19:52:11,BTC,33897.7603
2024-01-02T19:52:12,BTC,33907.686
2024-01-02T19:52:13,BTC,33880.517
2024-01-02T19:52:14,BTC,33876.4514
2024-01-02T19:52:15,BTC,33895.6177
2024-01-02T19:52:16,BTC,33875.3171
2024-01-02T19:52:17,BTC,33862.958
2024-01-02T19:52:18,BTC,33852.6466
2024-01-02T19:52:19,BTC,33820.2393
2024-01-02T19:52:20,BTC,33798.0292
2024-01-02T19:52:21,BTC,33752.8536
2024-01-02T19:52:22,BTC,33734.0786
2024-01-02T19:52:23,BTC,33734.5605
2024-01-02T19:52:24,BTC,33737.3289
2024-01-02T19:52:25,BTC,33728.4766
2024-01-02T19:52:26,BTC,33744.1277
2024-01-02T19:52:27,BTC,33734.3684
2024-01-02T19:52:28,BTC,33727.5596
2024-01-02T19:52:29,BTC,33754.9558
2024-01-02T19:52:30,BTC,33733.4481
2024-01-02T19:52:31,BTC,33718.3803
2024-01-02T19:52:32,BTC,33708.9458
2024-01-02T19:52:33,BTC,33714.4965
2024-01-02T19:52:34,BTC,33699.4875
2024-01-02T19:52:35,BTC,33725.8744
2024-01-02T19:52:36,BTC,33715.0036
2024-01-02T19:52:37,BTC,33711.6105
2024-01-02T19:52:38,BTC,33722.5766
2024-01-02T19:52:39,BTC,33753.2053
2024-01-02T19:52:40,BTC,33750.4146
2024-01-02T19:52:41,BTC,33744.3807
2024-01-02T19:52:42,BTC,33749.3393
2024-01-02T19:52:43,BTC,33727.7831
2024-01-02T19:52:44,BTC,33736.272
2024-01-02T19:52:45,BTC,33718.9809
2024-01-02T19:52:46,BTC,33715.2712
2024-01-02T19:52:47,BTC,33720.5119
2024-01-02T19:52:48,BTC,33723.6217
2024-01-02T19:52:49,BTC,33726.6271
2024-01-02T19:52:50,BTC,33700.1895
2024-01-02T19:52:51,BTC,33671.7657
2024-01-02T19:52:52,BTC,33652.1288
2024-01-02T19:52:53,BTC,33632.4459
2024-01-02T19:52:54,BTC,33641.6757
2024-01-02T19:52:55,BTC,33645.0911
2024-01-02T19:52:56,BTC,33646.8838
2024-01-02T19:52:57,BTC,33628.3029
2024-01-02T19:52:58,BTC,33617.4323
2024-01-02T19:52:59,BTC,33577.1412
2024-01-02T19:53:00,BTC,33582.9474
2024-01-02T19:53:01,BTC,33594.8779
2024-01-02T19:53:02,BTC,33598.7135
2024-01-02T19:53:03,BTC,33581.7428
2024-01-02T19:53:04,BTC,33538.8166
2024-01-02T19:53:05,BTC,33537.5442
2024-01-02T19:53:06,BTC,33516.0385
2024-01-02T19:53:07,BTC,33491.8237
2024-01-02T19:53:08,BTC,33475.1854
2024-01-02T19:53:09,BTC,33452.4706
2024-01-02T19:53:10,BTC,33429.8842
2024-01-02T19:53:11,BTC,33439.935
2024-01-02T19:53:12,BTC,33428.8501
2024-01-02T19:53:13,BTC,33439.0004
2024-01-02T19:53:14,BTC,33437.2912
2024-01-02T19:53:15,BTC,33434.9595
2024-01-02T19:53:16,BTC,33444.6206
2024-01-02T19:53:17,BTC,33438.7693
2024-01-02T19:53:18,BTC,33403.4905
2024-01-02T19:53:19,BTC,33380.9979
2024-01-02T19:53:20,BTC,33358.9554
2024-01-02T19:53:21,BTC,33362.4802
2024-01-02T19:53:22,BTC,33369.5722
2024-01-02T19:53:23,BTC,33377.4837
2024-01-02T19:53:24,BTC,33361.7071
2024-01-02T19:53:25,BTC,33365.6682
2024-01-02T19:53:26,BTC,33357.3771
2024-01-02T19:53:27,BTC,33366.3204
2024-01-02T19:53:28,BTC,33378.3243
2024-01-02T19:53:29,BTC,33358.9549
2024-01-02T19:53:30,BTC,33340.2128
2024-01-02T19:53:31,BTC,33299.053
2024-01-02T19:53:32,BTC,33297.8008
2024-01-02T19:53:33,BTC,33278.6827
2024-01-02T19:53:34,BTC,33272.0297
2024-01-02T19:53:35,BTC,33290.9585
2024-01-02T19:53:36,BTC,33307.1204
2024-01-02T19:53:37,BTC,33314.134
2024-01-02T19:53:38,BTC,33282.6995
2024-01-02T19:53:39,BTC,33272.737
2024-01-02T19:53:40,BTC,33273.0207
2024-01-02T19:53:41,BTC,33260.4843
2024-01-02T19:53:42,BTC,33229.6213
2024-01-02T19:53:43,BTC,33244.3316
2024-01-02T19:53:44,BTC,33217.6213
2024-01-02T19:53:45,BTC,33230.8821
2024-01-02T19:53:46,BTC,33229.8463
2024-01-02T19:53:47,BTC,33199.2228
2024-01-02T19:53:48,BTC,33211.8043
2024-01-02T19:53:49,BTC,33198.2204
2024-01-02T19:53:50,BTC,33215.3808
2024-01-02T19:53:51,BTC,33208.3552
2024-01-02T19:53:52,BTC,33242.8718
2024-01-02T19:53:53,BTC,33231.4538
2024-01-02T19:53:54,BTC,33234.2458
2024-01-02T19:53:55,BTC,33240.6018
2024-01-02T19:53:56,BTC,33222.4223
2024-01-02T19:53:57,BTC,33193.7612
2024-01-02T19:53:58,BTC,33198.0507
2024-01-02T19:53:59,BTC,33198.9753
2024-01-02T19:54:00,BTC,33202.5154
2024-01-02T19:54:01,BTC,33171.2864
2024-01-02T19:54:02,BTC,33158.883
2024-01-02T19:54:03,BTC,33169.0252
2024-01-02T19:54:04,BTC,33159.2823
2024-01-02T19:54:05,BTC,33170.7929
2024-01-02T19:54:06,BTC,33181.6151
2024-01-02T19:54:07,BTC,33217.6695
2024-01-02T19:54:08,BTC,33235.4645
2024-01-02T19:54:09,BTC,33240.2016
2024-01-02T19:54:10,BTC,33232.1557
2024-01-02T19:54:11,BTC,33241.1142
2024-01-02T19:54:12,BTC,33251.3734
2024-01-02T19:54:13,BTC,33246.0156
2024-01-02T19:54:14,BTC,33266.2111
2024-01-02T19:54:15,BTC,33284.1244
2024-01-02T19:54:16,BTC,33270.0185
2024-01-02T19:54:17,BTC,33270.54
2024-01-02T19:54:18,BTC,33278.9076
2024-01-02T19:54:19,BTC,33280.4725
2024-01-02T19:54:20,BTC,33252.8652
2024-01-02T19:54:21,BTC,33227.2741
2024-01-02T19:54:22,BTC,33228.0855
2024-01-02T19:54:23,BTC,33209.8061
2024-01-02T19:54:24,BTC,33199.1146
2024-01-02T19:54:25,BTC,33185.5307
2024-01-02T19:54:26,BTC,33158.8554
2024-01-02T19:54:27,BTC,33151.7166
2024-01-02T19:54:28,BTC,33119.6888
2024-01-02T19:54:29,BTC,33146.0349
2024-01-02T19:54:30,BTC,33114.5204
2024-01-02T19:54:31,BTC,33116.0173
2024-01-02T19:54:32,BTC,33113.7102
2024-01-02T19:54:33,BTC,33113.1775
2024-01-02T19:54:34,BTC,33091.5262
2024-01-02T19:54:35,BTC,33115.2004
2024-01-02T19:54:36,BTC,33103.7794
2024-01-02T19:54:37,BTC,33104.0371
2024-01-02T19:54:38,BTC,33064.7542
2024-01-02T19:54:39,BTC,33081.164
2024-01-02T19:54:40,BTC,33067.4291
2024-01-02T19:54:41,BTC,33069.9204
2024-01-02T19:54:42,BTC,33080.5471
2024-01-02T19:54:43,BTC,33064.1322
2024-01-02T19:54:44,BTC,33066.9307
2024-01-02T19:54:45,BTC,33049.8134
2024-01-02T19:54:46,BTC,33046.9589
2024-01-02T19:54:47,BTC,33057.1145
2024-01-02T19:54:48,BTC,33015.1745
2024-01-02T19:54:49,BTC,33019.2918
2024-01-02T19:54:50,BTC,32967.9104
2024-01-02T19:54:51,BTC,32941.8311
2024-01-02T19:54:52,BTC,32937.6474
2024-01-02T19:54:53,BTC,32930.3456
2024-01-02T19:54:54,BTC,32928.4985
2024-01-02T19:54:55,BTC,32903.3242
2024-01-02T19:54:56,BTC,32902.7439
2024-01-02T19:54:57,BTC,32898.2188
2024-01-02T19:54:58,BTC,32865.3942
2024-01-02T19:54:59,BTC,32853.2351
2024-01-02T19:55:00,BTC,32846.9553
2024-01-02T19:55:01,BTC,32825.5672
2024-01-02T19:55:02,BTC,32843.4666
2024-01-02T19:55:03,BTC,32808.37
2024-01-02T19:55:04,BTC,32807.7056
2024-01-02T19:55:05,BTC,32814.2733
2024-01-02T19:55:06,BTC,32820.2934
2024-01-02T19:55:07,BTC,32817.8813
2024-01-02T19:55:08,BTC,32801.8336
2024-01-02T19:55:09,BTC,32782.1088
2024-01-02T19:55:10,BTC,32765.3912
2024-01-02T19:55:11,BTC,32762.0528
2024-01-02T19:55:12,BTC,32769.1336
2024-01-02T19:55:13,BTC,32767.8536
2024-01-02T19:55:14,BTC,32749.9244
2024-01-02T19:55:15,BTC,32711.1711
2024-01-02T19:55:16,BTC,32709.6578
2024-01-02T19:55:17,BTC,32704.6173
2024-01-02T19:55:18,BTC,32668.317
2024-01-02T19:55:19,BTC,32663.3249
2024-01-02T19:55:20,BTC,32651.7232
2024-01-02T19:55:21,BTC,32629.3276
2024-01-02T19:55:22,BTC,32609.767
2024-01-02T19:55:23,BTC,32602.7624
2024-01-02T19:55:24,BTC,32581.2417
2024-01-02T19:55:25,BTC,32593.4142
2024-01-02T19:55:26,BTC,32602.4153
2024-01-02T19:55:27,BTC,32596.3352
2024-01-02T19:55:28,BTC,32601.2342
2024-01-02T19:55:29,BTC,32592.8361
2024-01-02T19:55:30,BTC,32604.2274
2024-01-02T19:55:31,BTC,32630.3744
2024-01-02T19:55:32,BTC,32622.4872
2024-01-02T19:55:33,BTC,32620.3854
2024-01-02T19:55:34,BTC,32605.273
2024-01-02T19:55:35,BTC,32570.1114
2024-01-02T19:55:36,BTC,32559.532
2024-01-02T19:55:37,BTC,32577.6214
2024-01-02T19:55:38,BTC,32600.5028
2024-01-02T19:55:39,BTC,32565.3493
2024-01-02T19:55:40,BTC,32573.8716
2024-01-02T19:55:41,BTC,32594.5584
2024-01-02T19:55:42,BTC,32584.9243
2024-01-02T19:55:43,BTC,32583.6069
2024-01-02T19:55:44,BTC,32554.5886
2024-01-02T19:55:45,BTC,32559.3837
2024-01-02T19:55:46,BTC,32540.5408
2024-01-02T19:55:47,BTC,32552.9832
2024-01-02T19:55:48,BTC,32549.2954
2024-01-02T19:55:49,BTC,32524.0078
2024-01-02T19:55:50,BTC,32509.0412
2024-01-02T19:55:51,BTC,32507.1833
2024-01-02T19:55:52,BTC,32481.9145
2024-01-02T19:55:53,BTC,32463.4769
2024-01-02T19:55:54,BTC,32470.5949
2024-01-02T19:55:55,BTC,32453.799
2024-01-02T19:55:56,BTC,32465.1058
2024-01-02T19:55:57,BTC,32477.4885
2024-01-02T19:55:58,BTC,32460.8785
2024-01-02T19:55:59,BTC,32461.0031
2024-01-02T19:56:00,BTC,32438.4563
2024-01-02T19:56:01,BTC,32421.8191
2024-01-02T19:56:02,BTC,32444.1745
2024-01-02T19:56:03,BTC,32462.1706
2024-01-02T19:56:04,BTC,32451.8599
2024-01-02T19:56:05,BTC,32434.9955
2024-01-02T19:56:06,BTC,32423.502
2024-01-02T19:56:07,BTC,32415.4675
2024-01-02T19:56:08,BTC,32396.8668
2024-01-02T19:56:09,BTC,32387.2109
2024-01-02T19:56:10,BTC,32373.179
2024-01-02T19:56:11,BTC,32371.3642
2024-01-02T19:56:12,BTC,32376.9066
2024-01-02T19:56:13,BTC,32367.9433
2024-01-02T19:56:14,BTC,32332.72
2024-01-02T19:56:15,BTC,32337.9499
2024-01-02T19:56:16,BTC,32325.7189
2024-01-02T19:56:17,BTC,32310.1015
2024-01-02T19:56:18,BTC,32297.8386
2024-01-02T19:56:19,BTC,32279.2706
2024-01-02T19:56:20,BTC,32280.2229
2024-01-02T19:56:21,BTC,32243.514
2024-01-02T19:56:22,BTC,32229.4879
2024-01-02T19:56:23,BTC,32221.9836
2024-01-02T19:56:24,BTC,32216.9617
2024-01-02T19:56:25,BTC,32228.0477
2024-01-02T19:56:26,BTC,32196.9518
2024-01-02T19:56:27,BTC,32221.8767
2024-01-02T19:56:28,BTC,32204.9875
2024-01-02T19:56:29,BTC,32160.5626
2024-01-02T19:56:30,BTC,32169.4125
2024-01-02T19:56:31,BTC,32178.2789
2024-01-02T19:56:32,BTC,32182.3686
2024-01-02T19:56:33,BTC,32155.1818
2024-01-02T19:56:34,BTC,32124.0569
2024-01-02T19:56:35,BTC,32113.6126
2024-01-02T19:56:36,BTC,32114.0714
2024-01-02T19:56:37,BTC,32106.0827
2024-01-02T19:56:38,BTC,32078.0012
2024-01-02T19:56:39,BTC,32078.7349
2024-01-02T19:56:40,BTC,32070.251
2024-01-02T19:56:41,BTC,32051.3316
2024-01-02T19:56:42,BTC,32052.45
2024-01-02T19:56:43,BTC,32027.5387
2024-01-02T19:56:44,BTC,32013.6964
2024-01-02T19:56:45,BTC,31997.8744
2024-01-02T19:56:46,BTC,31995.4492
2024-01-02T19:56:47,BTC,31995.0554
2024-01-02T19:56:48,BTC,31966.5902
2024-01-02T19:56:49,BTC,31955.2759
2024-01-02T19:56:50,BTC,31933.1188
2024-01-02T19:56:51,BTC,31923.2461
2024-01-02T19:56:52,BTC,31937.8322
2024-01-02T19:56:53,BTC,31952.7701
2024-01-02T19:56:54,BTC,31975.3521
2024-01-02T19:56:55,BTC,31977.5897
2024-01-02T19:56:56,BTC,31977.2831
2024-01-02T19:56:57,BTC,31982.595
2024-01-02T19:56:58,BTC,32001.1261
2024-01-02T19:56:59,BTC,31992.6911
2024-01-02T19:57:00,BTC,31974.9281
2024-01-02T22:48:00,BTC,31983.6939
2024-01-02T22:48:01,BTC,31957.0827
2024-01-02T22:48:02,BTC,31952.5043
2024-01-02T22:48:03,BTC,31964.4311
2024-01-02T22:48:04,BTC,31969.2846
2024-01-02T22:48:05,BTC,31976.5706
2024-01-02T22:48:06,BTC,31984.4194
2024-01-02T22:48:07,BTC,31977.4832
2024-01-02T22:48:08,BTC,31971.2292
2024-01-02T22:48:09,BTC,31967.2296
2024-01-02T22:48:10,BTC,31950.9612
2024-01-02T22:48:11,BTC,31932.5516
2024-01-02T22:48:12,BTC,31954.9176
2024-01-02T22:48:13,BTC,31965.5145
2024-01-02T22:48:14,BTC,31981.0729
2024-01-02T22:48:15,BTC,31984.4136
2024-01-02T22:48:16,BTC,31996.2556
2024-01-02T22:48:17,BTC,31982.1415
2024-01-02T22:48:18,BTC,31980.1875
2024-01-02T22:48:19,BTC,31973.836
2024-01-02T22:48:20,BTC,31936.4572
2024-01-02T22:48:21,BTC,31918.7685
2024-01-02T22:48:22,BTC,31915.8289
2024-01-02T22:48:23,BTC,31916.1548
2024-01-02T22:48:24,BTC,31941.3961
2024-01-02T22:48:25,BTC,31930.5223
2024-01-02T22:48:26,BTC,31934.2201
2024-01-02T22:48:27,BTC,31908.4755
2024-01-02T22:48:28,BTC,31891.9668
2024-01-02T22:48:29,BTC,31866.5154
2024-01-02T22:48:30,BTC,31867.9306
2024-01-02T22:48:31,BTC,31850.8616
2024-01-02T22:48:32,BTC,31825.0186
2024-01-02T22:48:33,BTC,31804.2252
2024-01-02T22:48:34,BTC,31773.1812
2024-01-02T22:48:35,BTC,31753.9203
2024-01-02T22:48:36,BTC,31754.7528
2024-01-02T22:48:37,BTC,31754.8885
2024-01-02T22:48:38,BTC,31749.9942
2024-01-02T22:48:39,BTC,31727.7279
2024-01-02T22:48:40,BTC,31739.3703
2024-01-02T22:48:41,BTC,31739.6178
2024-01-02T22:48:42,BTC,31745.5933
2024-01-02T22:48:43,BTC,31727.5778
2024-01-02T22:48:44,BTC,31700.2854
2024-01-02T22:48:45,BTC,31705.213
2024-01-02T22:48:46,BTC,31665.3349
2024-01-02T22:48:47,BTC,31643.5865
2024-01-02T22:48:48,BTC,31639.1181
2024-01-02T22:48:49,BTC,31627.7198
2024-01-02T22:48:50,BTC,31634.5493
2024-01-02T22:48:51,BTC,31628.3569
2024-01-02T22:48:52,BTC,31636.3291
2024-01-02T22:48:53,BTC,31647.849
2024-01-02T22:48:54,BTC,31614.578
2024-01-02T22:48:55,BTC,31641.7673
2024-01-02T22:48:56,BTC,31605.8002
2024-01-02T22:48:57,BTC,31557.5092
2024-01-02T22:48:58,BTC,31542.2623
2024-01-02T22:48:59,BTC,31537.8426
2024-01-02T22:49:00,BTC,31520.8569
2024-01-02T22:49:01,BTC,31520.6412
2024-01-02T22:49:02,BTC,31504.4498
2024-01-02T22:49:03,BTC,31512.0772
2024-01-02T22:49:04,BTC,31492.2212
2024-01-02T22:49:05,BTC,31477.2861
2024-01-02T22:49:06,BTC,31459.1945
2024-01-02T22:49:07,BTC,31443.2432
2024-01-02T22:49:08,BTC,31449.6293
2024-01-02T22:49:09,BTC,31439.3871
2024-01-02T22:49:10,BTC,31441.0595
2024-01-02T22:49:11,BTC,31442.492
2024-01-02T22:49:12,BTC,31432.4568
2024-01-02T22:49:13,BTC,31448.5427
2024-01-02T22:49:14,BTC,31459.7116
2024-01-02T22:49:15,BTC,31408.4151
2024-01-02T22:49:16,BTC,31415.1033
2024-01-02T22:49:17,BTC,31414.0598
2024-01-02T22:49:18,BTC,31419.1223
2024-01-02T22:49:19,BTC,31409.216
2024-01-02T22:49:20,BTC,31395.3432
2024-01-02T22:49:21,BTC,31408.2982
2024-01-02T22:49:22,BTC,31416.0889
2024-01-02T22:49:23,BTC,31420.7201
2024-01-02T22:49:24,BTC,31452.3592
2024-01-02T22:49:25,BTC,31458.5827
2024-01-02T22:49:26,BTC,31452.2462
2024-01-02T22:49:27,BTC,31427.4768
2024-01-02T22:49:28,BTC,31408.582
2024-01-02T22:49:29,BTC,31396.869
2024-01-02T22:49:30,BTC,31383.8611
2024-01-02T22:49:31,BTC,31395.1219
2024-01-02T22:49:32,BTC,31393.8217
2024-01-02T22:49:33,BTC,31382.2056
2024-01-02T22:49:34,BTC,31392.839
2024-01-02T22:49:35,BTC,31403.0891
2024-01-02T22:49:36,BTC,31394.9552
2024-01-02T22:49:37,BTC,31382.3239
2024-01-02T22:49:38,BTC,31368.187
2024-01-02T22:49:39,BTC,31337.3458
2024-01-02T22:49:40,BTC,31326.3351
2024-01-02T22:49:41,BTC,31297.2868
2024-01-02T22:49:42,BTC,31267.7587
2024-01-02T22:49:43,BTC,31269.7798
2024-01-02T22:49:44,BTC,31267.6402
2024-01-02T22:49:45,BTC,31271.2302
2024-01-02T22:49:46,BTC,31246.5057
2024-01-02T22:49:47,BTC,31260.0934
2024-01-02T22:49:48,BTC,31257.0089
2024-01-02T22:49:49,BTC,31243.0122
2024-01-02T22:49:50,BTC,31245.3759
2024-01-02T22:49:51,BTC,31229.4815
2024-01-02T22:49:52,BTC,31226.8541
2024-01-02T22:49:53,BTC,31231.3719
2024-01-02T22:49:54,BTC,31205.7472
2024-01-02T22:49:55,BTC,31195.7151
2024-01-02T22:49:56,BTC,31201.3904
2024-01-02T22:49:57,BTC,31212.7135
2024-01-02T22:49:58,BTC,31188.7176
2024-01-02T22:49:59,BTC,31215.2917
2024-01-02T22:50:00,BTC,31212.5582
2024-01-02T22:50:01,BTC,31234.5182
2024-01-02T22:50:02,BTC,31245.457
2024-01-02T22:50:03,BTC,31226.6453
2024-01-02T22:50:04,BTC,31225.9127
2024-01-02T22:50:05,BTC,31219.3205
2024-01-02T22:50:06,BTC,31215.7713
2024-01-02T22:50:07,BTC,31213.0427
2024-01-02T22:50:08,BTC,31180.0799
2024-01-02T22:50:09,BTC,31194.4037
2024-01-02T22:50:10,BTC,31155.8631
2024-01-02T22:50:11,BTC,31165.5441
2024-01-02T22:50:12,BTC,31167.6288
2024-01-02T22:50:13,BTC,31173.438
2024-01-02T22:50:14,BTC,31164.5109
2024-01-02T22:50:15,BTC,31168.1258
2024-01-02T22:50:16,BTC,31181.9081
2024-01-02T22:50:17,BTC,31158.3463
2024-01-02T22:50:18,BTC,31119.4235
2024-01-02T22:50:19,BTC,31136.2725
2024-01-02T22:50:20,BTC,31131.0119
2024-01-02T22:50:21,BTC,31103.633
2024-01-02T22:50:22,BTC,31137.0233
2024-01-02T22:50:23,BTC,31128.9858
2024-01-02T22:50:24,BTC,31122.1669
2024-01-02T22:50:25,BTC,31114.1767
2024-01-02T22:50:26,BTC,31094.0725
2024-01-02T22:50:27,BTC,31079.7508
2024-01-02T22:50:28,BTC,31056.4561
2024-01-02T22:50:29,BTC,31084.5072
2024-01-02T22:50:30,BTC,31050.5116
2024-01-02T22:50:31,BTC,31049.5419
2024-01-02T22:50:32,BTC,31022.103
2024-01-02T22:50:33,BTC,31026.5675
2024-01-02T22:50:34,BTC,31006.6975
2024-01-02T22:50:35,BTC,31020.4902
2024-01-02T22:50:36,BTC,30979.9877
2024-01-02T22:50:37,BTC,30955.2103
2024-01-02T22:50:38,BTC,30938.8577
2024-01-02T22:50:39,BTC,30941.6619
2024-01-02T22:50:40,BTC,30924.5986
2024-01-02T22:50:41,BTC,30941.4457
2024-01-02T22:50:42,BTC,30917.4796
2024-01-02T22:50:43,BTC,30917.0811
2024-01-02T22:50:44,BTC,30909.4255
2024-01-02T22:50:45,BTC,30906.0758
2024-01-02T22:50:46,BTC,30932.2585
2024-01-02T22:50:47,BTC,30934.4152
2024-01-02T22:50:48,BTC,30922.6837
2024-01-02T22:50:49,BTC,30918.7277
2024-01-02T22:50:50,BTC,30904.7608
2024-01-02T22:50:51,BTC,30879.1323
2024-01-02T22:50:52,BTC,30861.3638
2024-01-02T22:50:53,BTC,30852.6042
2024-01-02T22:50:54,BTC,30832.4916
2024-01-02T22:50:55,BTC,30827.4372
2024-01-02T22:50:56,BTC,30807.8812
2024-01-02T22:50:57,BTC,30817.5069
2024-01-02T22:50:58,BTC,30796.2416
2024-01-02T22:50:59,BTC,30783.933
2024-01-02T22:51:00,BTC,30788.4005
2024-01-02T22:51:01,BTC,30791.0138
2024-01-02T22:51:02,BTC,30767.5212
2024-01-02T22:51:03,BTC,30765.777
2024-01-02T22:51:04,BTC,30777.9775
2024-01-02T22:51:05,BTC,30752.4029
2024-01-02T22:51:06,BTC,30727.9834
2024-01-02T22:51:07,BTC,30730.8099
2024-01-02T22:51:08,BTC,30722.7826
2024-01-02T22:51:09,BTC,30741.326
2024-01-02T22:51:10,BTC,30753.9389
2024-01-02T22:51:11,BTC,30731.9734
2024-01-02T22:51:12,BTC,30745.6663
2024-01-02T22:51:13,BTC,30735.3872
2024-01-02T22:51:14,BTC,30750.3991
2024-01-02T22:51:15,BTC,30748.8813
2024-01-02T22:51:16,BTC,30770.0619
2024-01-02T22:51:17,BTC,30771.9435
2024-01-02T22:51:18,BTC,30761.8241
2024-01-02T22:51:19,BTC,30769.7386
2024-01-02T22:51:20,BTC,30757.2467
2024-01-02T22:51:21,BTC,30755.1083
2024-01-02T22:51:22,BTC,30772.2378
2024-01-02T22:51:23,BTC,30770.0337
2024-01-02T22:51:24,BTC,30770.7646
2024-01-02T22:51:25,BTC,30780.9368
2024-01-02T22:51:26,BTC,30764.0679
2024-01-02T22:51:27,BTC,30756.5912
2024-01-02T22:51:28,BTC,30744.5454
2024-01-02T22:51:29,BTC,30717.4346
2024-01-02T22:51:30,BTC,30719.1677
2024-01-02T22:51:31,BTC,30699.8761
2024-01-02T22:51:32,BTC,30717.2716
2024-01-02T22:51:33,BTC,30714.7523
2024-01-02T22:51:34,BTC,30683.3612
2024-01-02T22:51:35,BTC,30657.2591
2024-01-02T22:51:36,BTC,30676.5956
2024-01-02T22:51:37,BTC,30690.664
2024-01-02T22:51:38,BTC,30659.6797
2024-01-02T22:51:39,BTC,30649.5585
2024-01-02T22:51:40,BTC,30629.9517
2024-01-02T22:51:41,BTC,30612.583
2024-01-02T22:51:42,BTC,30616.933
2024-01-02T22:51:43,BTC,30622.1432
2024-01-02T22:51:44,BTC,30590.8846
2024-01-02T22:51:45,BTC,30579.7184
2024-01-02T22:51:46,BTC,30559.0635
2024-01-02T22:51:47,BTC,30549.6688
2024-01-02T22:51:48,BTC,30550.132
2024-01-02T22:51:49,BTC,30561.3569
2024-01-02T22:51:50,BTC,30558.0242
2024-01-02T22:51:51,BTC,30581.6325
2024-01-02T22:51:52,BTC,30595.2985
2024-01-02T22:51:53,BTC,30584.4852
2024-01-02T22:51:54,BTC,30574.4178
2024-01-02T22:51:55,BTC,30553.3847
2024-01-02T22:51:56,BTC,30535.144
2024-01-02T22:51:57,BTC,30537.088
2024-01-02T22:51:58,BTC,30548.5234
2024-01-02T22:51:59,BTC,30534.6043
2024-01-02T22:52:00,BTC,30522.9931
2024-01-02T22:52:01,BTC,30533.1149
2024-01-02T22:52:02,BTC,30523.0898
2024-01-02T22:52:03,BTC,30478.1638
2024-01-02T22:52:04,BTC,30503.9187
2024-01-02T22:52:05,BTC,30493.2575
2024-01-02T22:52:06,BTC,30479.6002
2024-01-02T22:52:07,BTC,30482.5244
2024-01-02T22:52:08,BTC,30477.1814
2024-01-02T22:52:09,BTC,30454.5058
2024-01-02T22:52:10,BTC,30458.1901
2024-01-02T22:52:11,BTC,30456.9189
2024-01-02T22:52:12,BTC,30461.1969
2024-01-02T22:52:13,BTC,30457.6041
2024-01-02T22:52:14,BTC,30432.0917
2024-01-02T22:52:15,BTC,30437.5184
2024-01-02T22:52:16,BTC,30434.6476
2024-01-02T22:52:17,BTC,30425.9723
2024-01-02T22:52:18,BTC,30432.8568
2024-01-02T22:52:19,BTC,30448.0368
2024-01-02T22:52:20,BTC,30432.132
2024-01-02T22:52:21,BTC,30422.9685
2024-01-02T22:52:22,BTC,30431.8715
2024-01-02T22:52:23,BTC,30414.0502
2024-01-02T22:52:24,BTC,30404.2357
2024-01-02T22:52:25,BTC,30404.8611
2024-01-02T22:52:26,BTC,30405.6979
2024-01-02T22:52:27,BTC,30411.5553
2024-01-02T22:52:28,BTC,30389.4066
2024-01-02T22:52:29,BTC,30374.4077
2024-01-02T22:52:30,BTC,30367.2577
2024-01-02T22:52:31,BTC,30346.6297
2024-01-02T22:52:32,BTC,30350.8317
2024-01-02T22:52:33,BTC,30362.9099
2024-01-02T22:52:34,BTC,30371.9751
2024-01-02T22:52:35,BTC,30384.3586
2024-01-02T22:52:36,BTC,30354.3735
2024-01-02T22:52:37,BTC,30331.8546
2024-01-02T22:52:38,BTC,30319.4291
2024-01-02T22:52:39,BTC,30304.622
2024-01-02T22:52:40,BTC,30277.1402
2024-01-02T22:52:41,BTC,30265.3177
2024-01-02T22:52:42,BTC,30252.323
2024-01-02T22:52:43,BTC,30240.8514
2024-01-02T22:52:44,BTC,30269.0329
2024-01-02T22:52:45,BTC,30287.7715
2024-01-02T22:52:46,BTC,30291.2261
2024-01-02T22:52:47,BTC,30284.7506
2024-01-02T22:52:48,BTC,30275.729
2024-01-02T22:52:49,BTC,30290.172
2024-01-02T22:52:50,BTC,30274.1212
2024-01-02T22:52:51,BTC,30282.3677
2024-01-02T22:52:52,BTC,30274.1524
2024-01-02T22:52:53,BTC,30264.6648
2024-01-02T22:52:54,BTC,30252.3827
2024-01-02T22:52:55,BTC,30262.3122
2024-01-02T22:52:56,BTC,30270.5481
2024-01-02T22:52:57,BTC,30284.4462
2024-01-02T22:52:58,BTC,30254.1762
2024-01-02T22:52:59,BTC,30220.6311
2024-01-02T22:53:00,BTC,30209.3256
2024-01-02T22:53:01,BTC,30195.6668
2024-01-02T22:53:02,BTC,30172.9927
2024-01-02T22:53:03,BTC,30152.4013
2024-01-02T22:53:04,BTC,30153.2614
2024-01-02T22:53:05,BTC,30140.7749
2024-01-02T22:53:06,BTC,30138.1459
2024-01-02T22:53:07,BTC,30141.5808
2024-01-02T22:53:08,BTC,30126.6607
2024-01-02T22:53:09,BTC,30121.9842
2024-01-02T22:53:10,BTC,30132.7514
2024-01-02T22:53:11,BTC,30118.1217
2024-01-02T22:53:12,BTC,30088.7086
2024-01-02T22:53:13,BTC,30082.6684
2024-01-02T22:53:14,BTC,30050.6573
2024-01-02T22:53:15,BTC,30028.1706
2024-01-02T22:53:16,BTC,30068.1686
2024-01-02T22:53:17,BTC,30090.9175
2024-01-02T22:53:18,BTC,30082.7871
2024-01-02T22:53:19,BTC,30057.9768
2024-01-02T22:53:20,BTC,30023.5707
2024-01-02T22:53:21,BTC,29990.0672
2024-01-02T22:53:22,BTC,29968.6954
2024-01-02T22:53:23,BTC,29968.287
2024-01-02T22:53:24,BTC,29980.364
2024-01-02T22:53:25,BTC,29978.976
2024-01-02T22:53:26,BTC,29971.5864
2024-01-02T22:53:27,BTC,29954.5457
2024-01-02T22:53:28,BTC,29955.1078
2024-01-02T22:53:29,BTC,29931.1221
2024-01-02T22:53:30,BTC,29943.6326
2024-01-02T22:53:31,BTC,29930.3966
2024-01-02T22:53:32,BTC,29926.0588
2024-01-02T22:53:33,BTC,29911.6079
2024-01-02T22:53:34,BTC,29903.0628
2024-01-02T22:53:35,BTC,29893.1952
2024-01-02T22:53:36,BTC,29878.6417
2024-01-02T22:53:37,BTC,29874.7677
2024-01-02T22:53:38,BTC,29855.4026
2024-01-02T22:53:39,BTC,29849.9851
2024-01-02T22:53:40,BTC,29844.1567
2024-01-02T22:53:41,BTC,29828.9464
2024-01-02T22:53:42,BTC,29845.5436
2024-01-02T22:53:43,BTC,29830.4841
2024-01-02T22:53:44,BTC,29854.6683
2024-01-02T22:53:45,BTC,29848.8197
2024-01-02T22:53:46,BTC,29858.897
2024-01-02T22:53:47,BTC,29856.8674
2024-01-02T22:53:48,BTC,29848.0861
2024-01-02T22:53:49,BTC,29850.0188
2024-01-02T22:53:50,BTC,29860.777
2024-01-02T22:53:51,BTC,29849.6842
2024-01-02T22:53:52,BTC,29826.5915
2024-01-02T22:53:53,BTC,29832.2905
2024-01-02T22:53:54,BTC,29824.8127
2024-01-02T22:53:55,BTC,29797.1755
2024-01-02T22:53:56,BTC,29767.6362
2024-01-02T22:53:57,BTC,29743.7177
2024-01-02T22:53:58,BTC,29749.0582
2024-01-02T22:53:59,BTC,29746.6937
2024-01-02T22:54:00,BTC,29733.7916
2024-01-02T23:45:00,BTC,29731.7345
2024-01-02T23:45:01,BTC,29736.2346
2024-01-02T23:45:02,BTC,29734.3876
2024-01-02T23:45:03,BTC,29744.8592
2024-01-02T23:45:04,BTC,29753.4159
2024-01-02T23:45:05,BTC,29747.2178
2024-01-02T23:45:06,BTC,29741.9336
2024-01-02T23:45:07,BTC,29729.5583
2024-01-02T23:45:08,BTC,29726.6705
2024-01-02T23:45:09,BTC,29726.9227
2024-01-02T23:45:10,BTC,29724.1414
2024-01-02T23:45:11,BTC,29708.5443
2024-01-02T23:45:12,BTC,29710.9867
2024-01-02T23:45:13,BTC,29697.0649
2024-01-02T23:45:14,BTC,29706.598
2024-01-02T23:45:15,BTC,29699.5784
2024-01-02T23:45:16,BTC,29681.4775
2024-01-02T23:45:17,BTC,29715.3764
2024-01-02T23:45:18,BTC,29726.8818
2024-01-02T23:45:19,BTC,29719.217
2024-01-02T23:45:20,BTC,29756.6497
2024-01-02T23:45:21,BTC,29760.3284
2024-01-02T23:45:22,BTC,29784.877
2024-01-02T23:45:23,BTC,29785.2862
2024-01-02T23:45:24,BTC,29777.8888
2024-01-02T23:45:25,BTC,29790.8054
2024-01-02T23:45:26,BTC,29775.0919
2024-01-02T23:45:27,BTC,29777.0984
2024-01-02T23:45:28,BTC,29789.4804
2024-01-02T23:45:29,BTC,29796.5075
2024-01-02T23:45:30,BTC,29770.981
2024-01-02T23:45:31,BTC,29770.8197
2024-01-02T23:45:32,BTC,29774.358
2024-01-02T23:45:33,BTC,29779.836
2024-01-02T23:45:34,BTC,29772.7886
2024-01-02T23:45:35,BTC,29758.6899
2024-01-02T23:45:36,BTC,29755.3454
2024-01-02T23:45:37,BTC,29747.6653
2024-01-02T23:45:38,BTC,29730.3046
2024-01-02T23:45:39,BTC,29745.0843
2024-01-02T23:45:40,BTC,29743.6731
2024-01-02T23:45:41,BTC,29733.1079
2024-01-02T23:45:42,BTC,29749.9062
2024-01-02T23:45:43,BTC,29744.4515
2024-01-02T23:45:44,BTC,29725.9549
2024-01-02T23:45:45,BTC,29721.1236
2024-01-02T23:45:46,BTC,29712.611
2024-01-02T23:45:47,BTC,29698.9734
2024-01-02T23:45:48,BTC,29708.0985
2024-01-02T23:45:49,BTC,29726.4581
2024-01-02T23:45:50,BTC,29700.1726
2024-01-02T23:45:51,BTC,29730.5908
2024-01-02T23:45:52,BTC,29713.528
2024-01-02T23:45:53,BTC,29717.6339
2024-01-02T23:45:54,BTC,29725.372
2024-01-02T23:45:55,BTC,29713.0126
2024-01-02T23:45:56,BTC,29725.1431
2024-01-02T23:45:57,BTC,29709.8169
2024-01-02T23:45:58,BTC,29690.6997
2024-01-02T23:45:59,BTC,29687.1178
2024-01-02T23:46:00,BTC,29689.7679
2024-01-02T23:46:01,BTC,29699.7051
2024-01-02T23:46:02,BTC,29716.8539
2024-01-02T23:46:03,BTC,29756.0019
2024-01-02T23:46:04,BTC,29764.5029
2024-01-02T23:46:05,BTC,29742.6504
2024-01-02T23:46:06,BTC,29734.7243
2024-01-02T23:46:07,BTC,29759.8917
2024-01-02T23:46:08,BTC,29752.0981
2024-01-02T23:46:09,BTC,29747.3984
2024-01-02T23:46:10,BTC,29752.9396
2024-01-02T23:46:11,BTC,29754.4967
2024-01-02T23:46:12,BTC,29764.8993
2024-01-02T23:46:13,BTC,29782.457
2024-01-02T23:46:14,BTC,29772.3012
2024-01-02T23:46:15,BTC,29766.0032
2024-01-02T23:46:16,BTC,29771.7712
2024-01-02T23:46:17,BTC,29748.7068
2024-01-02T23:46:18,BTC,29770.2421
2024-01-02T23:46:19,BTC,29799.2515
2024-01-02T23:46:20,BTC,29774.8118
2024-01-02T23:46:21,BTC,29767.3735
2024-01-02T23:46:22,BTC,29757.5841
2024-01-02T23:46:23,BTC,29757.9695
2024-01-02T23:46:24,BTC,29753.7888
2024-01-02T23:46:25,BTC,29750.9262
2024-01-02T23:46:26,BTC,29763.9194
2024-01-02T23:46:27,BTC,29771.8242
2024-01-02T23:46:28,BTC,29728.9261
2024-01-02T23:46:29,BTC,29740.8015
2024-01-02T23:46:30,BTC,29756.105
2024-01-02T23:46:31,BTC,29754.077
2024-01-02T23:46:32,BTC,29757.5243
2024-01-02T23:46:33,BTC,29725.8517
2024-01-02T23:46:34,BTC,29721.6762
2024-01-02T23:46:35,BTC,29691.16
2024-01-02T23:46:36,BTC,29688.3429
2024-01-02T23:46:37,BTC,29698.3756
2024-01-02T23:46:38,BTC,29682.6206
2024-01-02T23:46:39,BTC,29683.7359
2024-01-02T23:46:40,BTC,29701.65
2024-01-02T23:46:41,BTC,29699.8526
2024-01-02T23:46:42,BTC,29737.7182
2024-01-02T23:46:43,BTC,29746.075
2024-01-02T23:46:44,BTC,29745.4405
2024-01-02T23:46:45,BTC,29728.2885
2024-01-02T23:46:46,BTC,29722.6719
2024-01-02T23:46:47,BTC,29730.9787
2024-01-02T23:46:48,BTC,29739.0884
2024-01-02T23:46:49,BTC,29737.6424
2024-01-02T23:46:50,BTC,29729.8486
2024-01-02T23:46:51,BTC,29723.7888
2024-01-02T23:46:52,BTC,29712.191
2024-01-02T23:46:53,BTC,29708.2554
2024-01-02T23:46:54,BTC,29703.4935
2024-01-02T23:46:55,BTC,29723.4387
2024-01-02T23:46:56,BTC,29726.3057
2024-01-02T23:46:57,BTC,29731.2461
2024-01-02T23:46:58,BTC,29744.1404
2024-01-02T23:46:59,BTC,29721.484
2024-01-02T23:47:00,BTC,29733.7624
2024-01-02T23:47:01,BTC,29727.3457
2024-01-02T23:47:02,BTC,29724.4856
2024-01-02T23:47:03,BTC,29713.7527
2024-01-02T23:47:04,BTC,29731.6435
2024-01-02T23:47:05,BTC,29716.7784
2024-01-02T23:47:06,BTC,29671.4607
2024-01-02T23:47:07,BTC,29666.2691
2024-01-02T23:47:08,BTC,29660.2965
2024-01-02T23:47:09,BTC,29639.0846
2024-01-02T23:47:10,BTC,29642.8734
2024-01-02T23:47:11,BTC,29658.1687
2024-01-02T23:47:12,BTC,29667.654
2024-01-02T23:47:13,BTC,29669.1934
2024-01-02T23:47:14,BTC,29663.4107
2024-01-02T23:47:15,BTC,29656.6387
2024-01-02T23:47:16,BTC,29655.7228
2024-01-02T23:47:17,BTC,29656.8943
2024-01-02T23:47:18,BTC,29666.1076
2024-01-02T23:47:19,BTC,29653.1425
2024-01-02T23:47:20,BTC,29666.9941
2024-01-02T23:47:21,BTC,29648.2435
2024-01-02T23:47:22,BTC,29644.7508
2024-01-02T23:47:23,BTC,29620.0318
2024-01-02T23:47:24,BTC,29592.4643
2024-01-02T23:47:25,BTC,29621.1401
2024-01-02T23:47:26,BTC,29617.6998
2024-01-02T23:47:27,BTC,29632.9558
2024-01-02T23:47:28,BTC,29647.9644
2024-01-02T23:47:29,BTC,29663.4061
2024-01-02T23:47:30,BTC,29672.9459
2024-01-02T23:47:31,BTC,29680.8043
2024-01-02T23:47:32,BTC,29662.3067
2024-01-02T23:47:33,BTC,29670.5099
2024-01-02T23:47:34,BTC,29674.606
2024-01-02T23:47:35,BTC,29697.5637
2024-01-02T23:47:36,BTC,29696.8802
2024-01-02T23:47:37,BTC,29695.4895
2024-01-02T23:47:38,BTC,29692.64
2024-01-02T23:47:39,BTC,29698.8352
2024-01-02T23:47:40,BTC,29711.7223
2024-01-02T23:47:41,BTC,29716.1351
2024-01-02T23:47:42,BTC,29727.3871
2024-01-02T23:47:43,BTC,29717.3706
2024-01-02T23:47:44,BTC,29725.8407
2024-01-02T23:47:45,BTC,29715.8749
2024-01-02T23:47:46,BTC,29693.3412
2024-01-02T23:47:47,BTC,29692.4596
2024-01-02T23:47:48,BTC,29707.6653
2024-01-02T23:47:49,BTC,29705.7685
2024-01-02T23:47:50,BTC,29709.4014
2024-01-02T23:47:51,BTC,29711.6303
2024-01-02T23:47:52,BTC,29711.3511
2024-01-02T23:47:53,BTC,29696.4969
2024-01-02T23:47:54,BTC,29708.611
2024-01-02T23:47:55,BTC,29737.4031
2024-01-02T23:47:56,BTC,29723.6713
2024-01-02T23:47:57,BTC,29730.217
2024-01-02T23:47:58,BTC,29722.6415
2024-01-02T23:47:59,BTC,29738.6395
2024-01-02T23:48:00,BTC,29705.0835
2024-01-02T23:48:01,BTC,29703.465
2024-01-02T23:48:02,BTC,29690.9168
2024-01-02T23:48:03,BTC,29701.9404
2024-01-02T23:48:04,BTC,29713.3584
2024-01-02T23:48:05,BTC,29707.4336
2024-01-02T23:48:06,BTC,29713.5357
2024-01-02T23:48:07,BTC,29716.3495
2024-01-02T23:48:08,BTC,29678.5661
2024-01-02T23:48:09,BTC,29671.9891
2024-01-02T23:48:10,BTC,29663.8971
2024-01-02T23:48:11,BTC,29636.3353
2024-01-02T23:48:12,BTC,29639.0615
2024-01-02T23:48:13,BTC,29613.5309
2024-01-02T23:48:14,BTC,29609.2014
2024-01-02T23:48:15,BTC,29610.9533
2024-01-02T23:48:16,BTC,29630.8847
2024-01-02T23:48:17,BTC,29668.901
2024-01-02T23:48:18,BTC,29670.5977
2024-01-02T23:48:19,BTC,29697.2743
2024-01-02T23:48:20,BTC,29692.3818
2024-01-02T23:48:21,BTC,29683.8925
2024-01-02T23:48:22,BTC,29684.4856
2024-01-02T23:48:23,BTC,29671.2735
2024-01-02T23:48:24,BTC,29660.7163
2024-01-02T23:48:25,BTC,29670.1116
2024-01-02T23:48:26,BTC,29653.7514
2024-01-02T23:48:27,BTC,29659.7324
2024-01-02T23:48:28,BTC,29672.2512
2024-01-02T23:48:29,BTC,29676.6714
2024-01-02T23:48:30,BTC,29672.0753
2024-01-02T23:48:31,BTC,29652.5151
2024-01-02T23:48:32,BTC,29658.2009
2024-01-02T23:48:33,BTC,29654.3589
2024-01-02T23:48:34,BTC,29663.7911
2024-01-02T23:48:35,BTC,29669.3665
2024-01-02T23:48:36,BTC,29662.1211
2024-01-02T23:48:37,BTC,29679.8449
2024-01-02T23:48:38,BTC,29703.0234
2024-01-02T23:48:39,BTC,29721.7254
2024-01-02T23:48:40,BTC,29724.3123
2024-01-02T23:48:41,BTC,29718.1113
2024-01-02T23:48:42,BTC,29726.6695
2024-01-02T23:48:43,BTC,29721.8283
2024-01-02T23:48:44,BTC,29742.3121
2024-01-02T23:48:45,BTC,29750.5434
2024-01-02T23:48:46,BTC,29751.5377
2024-01-02T23:48:47,BTC,29759.6886
2024-01-02T23:48:48,BTC,29773.215
2024-01-02T23:48:49,BTC,29789.4932
2024-01-02T23:48:50,BTC,29786.0399
2024-01-02T23:48:51,BTC,29790.9687
2024-01-02T23:48:52,BTC,29774.942
2024-01-02T23:48:53,BTC,29770.764
2024-01-02T23:48:54,BTC,29774.2452
2024-01-02T23:48:55,BTC,29764.7078
2024-01-02T23:48:56,BTC,29776.193
2024-01-02T23:48:57,BTC,29764.2741
2024-01-02T23:48:58,BTC,29750.8069
2024-01-02T23:48:59,BTC,29766.1721
2024-01-02T23:49:00,BTC,29752.6609
2024-01-02T23:49:01,BTC,29747.4951
2024-01-02T23:49:02,BTC,29734.7968
2024-01-02T23:49:03,BTC,29714.2263
2024-01-02T23:49:04,BTC,29680.3377
2024-01-02T23:49:05,BTC,29682.8573
2024-01-02T23:49:06,BTC,29707.7968
2024-01-02T23:49:07,BTC,29709.1961
2024-01-02T23:49:08,BTC,29705.3543
2024-01-02T23:49:09,BTC,29716.2531
2024-01-02T23:49:10,BTC,29707.073
2024-01-02T23:49:11,BTC,29718.723
2024-01-02T23:49:12,BTC,29747.2896
2024-01-02T23:49:13,BTC,29720.0686
2024-01-02T23:49:14,BTC,29715.8051
2024-01-02T23:49:15,BTC,29720.4574
2024-01-02T23:49:16,BTC,29722.099
2024-01-02T23:49:17,BTC,29713.7472
2024-01-02T23:49:18,BTC,29727.3597
2024-01-02T23:49:19,BTC,29693.8673
2024-01-02T23:49:20,BTC,29708.2899
2024-01-02T23:49:21,BTC,29685.6273
2024-01-02T23:49:22,BTC,29690.2313
2024-01-02T23:49:23,BTC,29674.8441
2024-01-02T23:49:24,BTC,29689.8986
2024-01-02T23:49:25,BTC,29702.3136
2024-01-02T23:49:26,BTC,29722.4609
2024-01-02T23:49:27,BTC,29726.1792
2024-01-02T23:49:28,BTC,29744.5265
2024-01-02T23:49:29,BTC,29709.6996
2024-01-02T23:49:30,BTC,29703.0529
2024-01-02T23:49:31,BTC,29709.5984
2024-01-02T23:49:32,BTC,29681.4959
2024-01-02T23:49:33,BTC,29654.7784
2024-01-02T23:49:34,BTC,29669.398
2024-01-02T23:49:35,BTC,29673.3051
2024-01-02T23:49:36,BTC,29696.3778
2024-01-02T23:49:37,BTC,29696.8925
2024-01-02T23:49:38,BTC,29680.4994
2024-01-02T23:49:39,BTC,29650.7648
2024-01-02T23:49:40,BTC,29625.8752
2024-01-02T23:49:41,BTC,29626.0713
2024-01-02T23:49:42,BTC,29621.3618
2024-01-02T23:49:43,BTC,29617.9514
2024-01-02T23:49:44,BTC,29606.7102
2024-01-02T23:49:45,BTC,29613.5561
2024-01-02T23:49:46,BTC,29614.2911
2024-01-02T23:49:47,BTC,29619.4555
2024-01-02T23:49:48,BTC,29658.7201
2024-01-02T23:49:49,BTC,29670.1481
2024-01-02T23:49:50,BTC,29683.93
2024-01-02T23:49:51,BTC,29654.5955
2024-01-02T23:49:52,BTC,29655.192
2024-01-02T23:49:53,BTC,29644.4764
2024-01-02T23:49:54,BTC,29643.4352
2024-01-02T23:49:55,BTC,29647.6006
2024-01-02T23:49:56,BTC,29653.3476
2024-01-02T23:49:57,BTC,29664.7946
2024-01-02T23:49:58,BTC,29655.0223
2024-01-02T23:49:59,BTC,29657.3765
2024-01-02T23:50:00,BTC,29703.7472
2024-01-02T23:50:01,BTC,29697.6466
2024-01-02T23:50:02,BTC,29704.9473
2024-01-02T23:50:03,BTC,29713.9239
2024-01-02T23:50:04,BTC,29739.4447
2024-01-02T23:50:05,BTC,29765.3644
2024-01-02T23:50:06,BTC,29770.1331
2024-01-02T23:50:07,BTC,29774.8087
2024-01-02T23:50:08,BTC,29759.6466
2024-01-02T23:50:09,BTC,29758.5229
2024-01-02T23:50:10,BTC,29744.7968
2024-01-02T23:50:11,BTC,29723.6473
2024-01-02T23:50:12,BTC,29727.3645
2024-01-02T23:50:13,BTC,29721.5143
2024-01-02T23:50:14,BTC,29705.0039
2024-01-02T23:50:15,BTC,29706.5438
2024-01-02T23:50:16,BTC,29700.5296
2024-01-02T23:50:17,BTC,29683.3998
2024-01-02T23:50:18,BTC,29672.4306
2024-01-02T23:50:19,BTC,29681.9689
2024-01-02T23:50:20,BTC,29699.0241
2024-01-02T23:50:21,BTC,29689.9225
2024-01-02T23:50:22,BTC,29679.4152
2024-01-02T23:50:23,BTC,29679.1304
2024-01-02T23:50:24,BTC,29681.6099
2024-01-02T23:50:25,BTC,29706.8052
2024-01-02T23:50:26,BTC,29720.4864
2024-01-02T23:50:27,BTC,29720.5514
2024-01-02T23:50:28,BTC,29708.7586
2024-01-02T23:50:29,BTC,29709.6724
2024-01-02T23:50:30,BTC,29711.0025
2024-01-02T23:50:31,BTC,29698.2374
2024-01-02T23:50:32,BTC,29690.8724
2024-01-02T23:50:33,BTC,29683.6986
2024-01-02T23:50:34,BTC,29671.423
2024-01-02T23:50:35,BTC,29656.4537
2024-01-02T23:50:36,BTC,29665.2685
2024-01-02T23:50:37,BTC,29686.6098
2024-01-02T23:50:38,BTC,29655.1961
2024-01-02T23:50:39,BTC,29634.5865
2024-01-02T23:50:40,BTC,29634.1762
2024-01-02T23:50:41,BTC,29620.4995
2024-01-02T23:50:42,BTC,29606.3625
2024-01-02T23:50:43,BTC,29616.7145
2024-01-02T23:50:44,BTC,29598.8263
2024-01-02T23:50:45,BTC,29593.6824
2024-01-02T23:50:46,BTC,29592.4244
2024-01-02T23:50:47,BTC,29607.4824
2024-01-02T23:50:48,BTC,29629.2177
2024-01-02T23:50:49,BTC,29619.006
2024-01-02T23:50:50,BTC,29604.6803
2024-01-02T23:50:51,BTC,29600.5518
2024-01-02T23:50:52,BTC,29584.4586
2024-01-02T23:50:53,BTC,29584.2604
2024-01-02T23:50:54,BTC,29594.1131
2024-01-02T23:50:55,BTC,29606.8986
2024-01-02T23:50:56,BTC,29600.9148
2024-01-02T23:50:57,BTC,29558.2601
2024-01-02T23:50:58,BTC,29534.0472
2024-01-02T23:50:59,BTC,29530.3756
2024-01-02T23:51:00,BTC,29519.0832
2024-01-03T01:41:00,BTC,29514.4293
2024-01-03T01:41:01,BTC,29497.2446
2024-01-03T01:41:02,BTC,29489.2572
2024-01-03T01:41:03,BTC,29473.3864
2024-01-03T01:41:04,BTC,29485.6056
2024-01-03T01:41:05,BTC,29467.2986
2024-01-03T01:41:06,BTC,29488.7689
2024-01-03T01:41:07,BTC,29474.9309
2024-01-03T01:41:08,BTC,29493.6713
2024-01-03T01:41:09,BTC,29483.5002
2024-01-03T01:41:10,BTC,29473.3713
2024-01-03T01:41:11,BTC,29464.4514
2024-01-03T01:41:12,BTC,29468.1201
2024-01-03T01:41:13,BTC,29446.476
2024-01-03T01:41:14,BTC,29436.1348
2024-01-03T01:41:15,BTC,29410.1556
2024-01-03T01:41:16,BTC,29397.7456
2024-01-03T01:41:17,BTC,29383.2174
2024-01-03T01:41:18,BTC,29380.6884
2024-01-03T01:41:19,BTC,29379.1674
2024-01-03T01:41:20,BTC,29359.3726
2024-01-03T01:41:21,BTC,29372.1064
2024-01-03T01:41:22,BTC,29384.1697
2024-01-03T01:41:23,BTC,29372.4607
2024-01-03T01:41:24,BTC,29377.4546
2024-01-03T01:41:25,BTC,29358.5565
2024-01-03T01:41:26,BTC,29320.7761
2024-01-03T01:41:27,BTC,29316.4252
2024-01-03T01:41:28,BTC,29312.5157
2024-01-03T01:41:29,BTC,29301.0145
2024-01-03T01:41:30,BTC,29289.2266
2024-01-03T01:41:31,BTC,29274.7625
2024-01-03T01:41:32,BTC,29274.4618
2024-01-03T01:41:33,BTC,29274.9722
2024-01-03T01:41:34,BTC,29270.115
2024-01-03T01:41:35,BTC,29253.778
2024-01-03T01:41:36,BTC,29258.388
2024-01-03T01:41:37,BTC,29268.61
2024-01-03T01:41:38,BTC,29282.4108
2024-01-03T01:41:39,BTC,29284.1346
2024-01-03T01:41:40,BTC,29246.9857
2024-01-03T01:41:41,BTC,29231.6333
2024-01-03T01:41:42,BTC,29219.2577
2024-01-03T01:41:43,BTC,29220.8238
2024-01-03T01:41:44,BTC,29239.5862
2024-01-03T01:41:45,BTC,29199.326
2024-01-03T01:41:46,BTC,29209.7675
2024-01-03T01:41:47,BTC,29189.1967
2024-01-03T01:41:48,BTC,29191.1572
2024-01-03T01:41:49,BTC,29173.2954
2024-01-03T01:41:50,BTC,29149.3764
2024-01-03T01:41:51,BTC,29140.7331
2024-01-03T01:41:52,BTC,29160.8914
2024-01-03T01:41:53,BTC,29143.5382
2024-01-03T01:41:54,BTC,29124.5054
2024-01-03T01:41:55,BTC,29118.4785
2024-01-03T01:41:56,BTC,29110.6303
2024-01-03T01:41:57,BTC,29116.4678
2024-01-03T01:41:58,BTC,29121.5894
2024-01-03T01:41:59,BTC,29139.8938
2024-01-03T01:42:00,BTC,29148.3732
2024-01-03T01:42:01,BTC,29140.5008
2024-01-03T01:42:02,BTC,29136.6584
2024-01-03T01:42:03,BTC,29117.9723
2024-01-03T01:42:04,BTC,29102.6467
2024-01-03T01:42:05,BTC,29078.6416
2024-01-03T01:42:06,BTC,29053.4603
2024-01-03T01:42:07,BTC,29058.9351
2024-01-03T01:42:08,BTC,29073.6621
2024-01-03T01:42:09,BTC,29083.5891
2024-01-03T01:42:10,BTC,29070.5627
2024-01-03T01:42:11,BTC,29060.5434
2024-01-03T01:42:12,BTC,29065.7508
2024-01-03T01:42:13,BTC,29055.7692
2024-01-03T01:42:14,BTC,29045.3964
2024-01-03T01:42:15,BTC,29024.6742
2024-01-03T01:42:16,BTC,29013.6198
2024-01-03T01:42:17,BTC,28999.5895
2024-01-03T01:42:18,BTC,28985.1801
2024-01-03T01:42:19,BTC,28984.2514
2024-01-03T01:42:20,BTC,29002.5039
2024-01-03T01:42:21,BTC,28980.3848
2024-01-03T01:42:22,BTC,28988.6294
2024-01-03T01:42:23,BTC,28981.5722
2024-01-03T01:42:24,BTC,28976.2134
2024-01-03T01:42:25,BTC,28975.685
2024-01-03T01:42:26,BTC,28963.3792
2024-01-03T01:42:27,BTC,28956.6167
2024-01-03T01:42:28,BTC,28942.8029
2024-01-03T01:42:29,BTC,28940.8185
2024-01-03T01:42:30,BTC,28938.7105
2024-01-03T01:42:31,BTC,28917.8196
2024-01-03T01:42:32,BTC,28895.6805
2024-01-03T01:42:33,BTC,28870.6241
2024-01-03T01:42:34,BTC,28851.7916
2024-01-03T01:42:35,BTC,28850.3446
2024-01-03T01:42:36,BTC,28842.6035
2024-01-03T01:42:37,BTC,28844.9312
2024-01-03T01:42:38,BTC,28821.2374
2024-01-03T01:42:39,BTC,28827.7808
2024-01-03T01:42:40,BTC,28827.2339
2024-01-03T01:42:41,BTC,28802.6324
2024-01-03T01:42:42,BTC,28774.8309
2024-01-03T01:42:43,BTC,28764.5745
2024-01-03T01:42:44,BTC,28777.7561
2024-01-03T01:42:45,BTC,28786.2965
2024-01-03T01:42:46,BTC,28784.832
2024-01-03T01:42:47,BTC,28768.8024
2024-01-03T01:42:48,BTC,28771.4538
2024-01-03T01:42:49,BTC,28767.2194
2024-01-03T01:42:50,BTC,28781.1512
2024-01-03T01:42:51,BTC,28764.1288
2024-01-03T01:42:52,BTC,28745.8355
2024-01-03T01:42:53,BTC,28720.3301
2024-01-03T01:42:54,BTC,28717.0791
2024-01-03T01:42:55,BTC,28708.1041
2024-01-03T01:42:56,BTC,28722.3998
2024-01-03T01:42:57,BTC,28742.2042
2024-01-03T01:42:58,BTC,28698.6475
2024-01-03T01:42:59,BTC,28720.0828
2024-01-03T01:43:00,BTC,28714.5498
2024-01-03T01:43:01,BTC,28694.4629
2024-01-03T01:43:02,BTC,28685.7073
2024-01-03T01:43:03,BTC,28695.0269
2024-01-03T01:43:04,BTC,28678.1495
2024-01-03T01:43:05,BTC,28661.6348
2024-01-03T01:43:06,BTC,28666.3346
2024-01-03T01:43:07,BTC,28663.4832
2024-01-03T01:43:08,BTC,28645.6054
2024-01-03T01:43:09,BTC,28644.8819
2024-01-03T01:43:10,BTC,28601.6195
2024-01-03T01:43:11,BTC,28581.4225
2024-01-03T01:43:12,BTC,28604.7735
2024-01-03T01:43:13,BTC,28612.5338
2024-01-03T01:43:14,BTC,28587.3584
2024-01-03T01:43:15,BTC,28580.3961
2024-01-03T01:43:16,BTC,28585.0686
2024-01-03T01:43:17,BTC,28587.2274
2024-01-03T01:43:18,BTC,28572.2626
2024-01-03T01:43:19,BTC,28556.4903
2024-01-03T01:43:20,BTC,28540.6508
2024-01-03T01:43:21,BTC,28528.2087
2024-01-03T01:43:22,BTC,28523.8382
2024-01-03T01:43:23,BTC,28492.9405
2024-01-03T01:43:24,BTC,28485.6669
2024-01-03T01:43:25,BTC,28479.7589
2024-01-03T01:43:26,BTC,28481.2613
2024-01-03T01:43:27,BTC,28476.0198
2024-01-03T01:43:28,BTC,28477.5616
2024-01-03T01:43:29,BTC,28460.6489
2024-01-03T01:43:30,BTC,28453.6041
2024-01-03T01:43:31,BTC,28434.4579
2024-01-03T01:43:32,BTC,28415.9791
2024-01-03T01:43:33,BTC,28404.7031
2024-01-03T01:43:34,BTC,28395.1983
2024-01-03T01:43:35,BTC,28388.1784
2024-01-03T01:43:36,BTC,28383.1857
2024-01-03T01:43:37,BTC,28387.1533
2024-01-03T01:43:38,BTC,28400.6099
2024-01-03T01:43:39,BTC,28399.8227
2024-01-03T01:43:40,BTC,28389.5456
2024-01-03T01:43:41,BTC,28367.1777
2024-01-03T01:43:42,BTC,28363.5084
2024-01-03T01:43:43,BTC,28369.8959
2024-01-03T01:43:44,BTC,28379.0403
2024-01-03T01:43:45,BTC,28365.0908
2024-01-03T01:43:46,BTC,28357.8256
2024-01-03T01:43:47,BTC,28353.6267
2024-01-03T01:43:48,BTC,28378.3696
2024-01-03T01:43:49,BTC,28356.9601
2024-01-03T01:43:50,BTC,28342.259
2024-01-03T01:43:51,BTC,28321.0418
2024-01-03T01:43:52,BTC,28312.8612
2024-01-03T01:43:53,BTC,28323.0268
2024-01-03T01:43:54,BTC,28332.0552
2024-01-03T01:43:55,BTC,28342.0643
2024-01-03T01:43:56,BTC,28329.1503
2024-01-03T01:43:57,BTC,28310.3482
2024-01-03T01:43:58,BTC,28307.2744
2024-01-03T01:43:59,BTC,28310.8838
2024-01-03T01:44:00,BTC,28293.7511
2024-01-03T01:44:01,BTC,28277.66
2024-01-03T01:44:02,BTC,28268.435
2024-01-03T01:44:03,BTC,28281.653
2024-01-03T01:44:04,BTC,28277.3756
2024-01-03T01:44:05,BTC,28288.8387
2024-01-03T01:44:06,BTC,28269.6754
2024-01-03T01:44:07,BTC,28251.601
2024-01-03T01:44:08,BTC,28229.4687
2024-01-03T01:44:09,BTC,28245.8365
2024-01-03T01:44:10,BTC,28256.2786
2024-01-03T01:44:11,BTC,28246.0169
2024-01-03T01:44:12,BTC,28222.2847
2024-01-03T01:44:13,BTC,28219.7929
2024-01-03T01:44:14,BTC,28210.9739
2024-01-03T01:44:15,BTC,28218.5512
2024-01-03T01:44:16,BTC,28231.3926
2024-01-03T01:44:17,BTC,28230.4354
2024-01-03T01:44:18,BTC,28237.7477
2024-01-03T01:44:19,BTC,28233.4685
2024-01-03T01:44:20,BTC,28210.4413
2024-01-03T01:44:21,BTC,28212.4313
2024-01-03T01:44:22,BTC,28192.8732
2024-01-03T01:44:23,BTC,28175.4173
2024-01-03T01:44:24,BTC,28137.2423
2024-01-03T01:44:25,BTC,28139.9867
2024-01-03T01:44:26,BTC,28145.6076
2024-01-03T01:44:27,BTC,28160.3348
2024-01-03T01:44:28,BTC,28174.77
2024-01-03T01:44:29,BTC,28173.0244
2024-01-03T01:44:30,BTC,28185.9864
2024-01-03T01:44:31,BTC,28173.6574
2024-01-03T01:44:32,BTC,28180.8101
2024-01-03T01:44:33,BTC,28163.3282
2024-01-03T01:44:34,BTC,28137.6994
2024-01-03T01:44:35,BTC,28121.336
2024-01-03T01:44:36,BTC,28123.1613
2024-01-03T01:44:37,BTC,28135.271
2024-01-03T01:44:38,BTC,28133.625
2024-01-03T01:44:39,BTC,28119.6425
2024-01-03T01:44:40,BTC,28095.322
2024-01-03T01:44:41,BTC,28101.8278
2024-01-03T01:44:42,BTC,28105.3506
2024-01-03T01:44:43,BTC,28097.3002
2024-01-03T01:44:44,BTC,28071.6522
2024-01-03T01:44:45,BTC,28085.3843
2024-01-03T01:44:46,BTC,28077.5448
2024-01-03T01:44:47,BTC,28069.5355
2024-01-03T01:44:48,BTC,28064.9698
2024-01-03T01:44:49,BTC,28054.4378
2024-01-03T01:44:50,BTC,28030.8163
2024-01-03T01:44:51,BTC,28001.4657
2024-01-03T01:44:52,BTC,27969.294
2024-01-03T01:44:53,BTC,27972.1073
2024-01-03T01:44:54,BTC,27951.3589
2024-01-03T01:44:55,BTC,27926.5041
2024-01-03T01:44:56,BTC,27935.7938
2024-01-03T01:44:57,BTC,27931.012
2024-01-03T01:44:58,BTC,27915.4293
2024-01-03T01:44:59,BTC,27904.1834
2024-01-03T01:45:00,BTC,27891.8623
2024-01-03T01:45:01,BTC,27874.0925
2024-01-03T01:45:02,BTC,27865.9324
2024-01-03T01:45:03,BTC,27857.5737
2024-01-03T01:45:04,BTC,27841.1201
2024-01-03T01:45:05,BTC,27827.2236
2024-01-03T01:45:06,BTC,27831.2238
2024-01-03T01:45:07,BTC,27840.0951
2024-01-03T01:45:08,BTC,27823.2382
2024-01-03T01:45:09,BTC,27809.7044
2024-01-03T01:45:10,BTC,27805.4102
2024-01-03T01:45:11,BTC,27776.5567
2024-01-03T01:45:12,BTC,27817.2162
2024-01-03T01:45:13,BTC,27810.7002
2024-01-03T01:45:14,BTC,27789.6417
2024-01-03T01:45:15,BTC,27769.1811
2024-01-03T01:45:16,BTC,27774.5487
2024-01-03T01:45:17,BTC,27749.3654
2024-01-03T01:45:18,BTC,27742.3281
2024-01-03T01:45:19,BTC,27741.2535
2024-01-03T01:45:20,BTC,27738.4122
2024-01-03T01:45:21,BTC,27753.4493
2024-01-03T01:45:22,BTC,27730.9285
2024-01-03T01:45:23,BTC,27740.6219
2024-01-03T01:45:24,BTC,27752.8484
2024-01-03T01:45:25,BTC,27734.2309
2024-01-03T01:45:26,BTC,27706.8573
2024-01-03T01:45:27,BTC,27682.0315
2024-01-03T01:45:28,BTC,27684.5129
2024-01-03T01:45:29,BTC,27677.4234
2024-01-03T01:45:30,BTC,27642.0442
2024-01-03T01:45:31,BTC,27628.9534
2024-01-03T01:45:32,BTC,27629.1441
2024-01-03T01:45:33,BTC,27615.6646
2024-01-03T01:45:34,BTC,27628.6076
2024-01-03T01:45:35,BTC,27617.5154
2024-01-03T01:45:36,BTC,27616.9086
2024-01-03T01:45:37,BTC,27636.4929
2024-01-03T01:45:38,BTC,27633.2854
2024-01-03T01:45:39,BTC,27621.1769
2024-01-03T01:45:40,BTC,27625.1964
2024-01-03T01:45:41,BTC,27607.9588
2024-01-03T01:45:42,BTC,27579.3222
2024-01-03T01:45:43,BTC,27569.3631
2024-01-03T01:45:44,BTC,27552.1132
2024-01-03T01:45:45,BTC,27504.048
2024-01-03T01:45:46,BTC,27504.816
2024-01-03T01:45:47,BTC,27492.0463
2024-01-03T01:45:48,BTC,27489.865
2024-01-03T01:45:49,BTC,27481.7945
2024-01-03T01:45:50,BTC,27483.2628
2024-01-03T01:45:51,BTC,27487.1278
2024-01-03T01:45:52,BTC,27503.2526
2024-01-03T01:45:53,BTC,27491.3826
2024-01-03T01:45:54,BTC,27476.4947
2024-01-03T01:45:55,BTC,27496.8825
2024-01-03T01:45:56,BTC,27494.6727
2024-01-03T01:45:57,BTC,27493.697
2024-01-03T01:45:58,BTC,27498.2796
2024-01-03T01:45:59,BTC,27486.065
2024-01-03T01:46:00,BTC,27480.8538
2024-01-03T01:46:01,BTC,27465.517
2024-01-03T01:46:02,BTC,27477.595
2024-01-03T01:46:03,BTC,27483.0597
2024-01-03T01:46:04,BTC,27477.4515
2024-01-03T01:46:05,BTC,27501.9654
2024-01-03T01:46:06,BTC,27516.6764
2024-01-03T01:46:07,BTC,27500.0936
2024-01-03T01:46:08,BTC,27483.0983
2024-01-03T01:46:09,BTC,27481.267
2024-01-03T01:46:10,BTC,27475.5246
2024-01-03T01:46:11,BTC,27454.4881
2024-01-03T01:46:12,BTC,27436.9524
2024-01-03T01:46:13,BTC,27415.5571
2024-01-03T01:46:14,BTC,27428.9325
2024-01-03T01:46:15,BTC,27425.0154
2024-01-03T01:46:16,BTC,27431.1036
2024-01-03T01:46:17,BTC,27420.8231
2024-01-03T01:46:18,BTC,27412.7765
2024-01-03T01:46:19,BTC,27398.1202
2024-01-03T01:46:20,BTC,27410.9671
2024-01-03T01:46:21,BTC,27402.0365
2024-01-03T01:46:22,BTC,27378.538
2024-01-03T01:46:23,BTC,27373.7298
2024-01-03T01:46:24,BTC,27366.1261
2024-01-03T01:46:25,BTC,27378.8726
2024-01-03T01:46:26,BTC,27392.5119
2024-01-03T01:46:27,BTC,27384.1596
2024-01-03T01:46:28,BTC,27368.6483
2024-01-03T01:46:29,BTC,27366.0954
2024-01-03T01:46:30,BTC,27367.5473
2024-01-03T01:46:31,BTC,27355.0023
2024-01-03T01:46:32,BTC,27349.8512
2024-01-03T01:46:33,BTC,27337.0565
2024-01-03T01:46:34,BTC,27318.8979
2024-01-03T01:46:35,BTC,27318.8191
2024-01-03T01:46:36,BTC,27338.4521
2024-01-03T01:46:37,BTC,27323.5742
2024-01-03T01:46:38,BTC,27311.0689
2024-01-03T01:46:39,BTC,27306.1338
2024-01-03T01:46:40,BTC,27308.5249
2024-01-03T01:46:41,BTC,27296.0819
2024-01-03T01:46:42,BTC,27275.2923
2024-01-03T01:46:43,BTC,27260.0854
2024-01-03T01:46:44,BTC,27241.676
2024-01-03T01:46:45,BTC,27249.8839
2024-01-03T01:46:46,BTC,27249.8678
2024-01-03T01:46:47,BTC,27249.6012
2024-01-03T01:46:48,BTC,27227.4802
2024-01-03T01:46:49,BTC,27227.9145
2024-01-03T01:46:50,BTC,27231.5752
2024-01-03T01:46:51,BTC,27239.3754
2024-01-03T01:46:52,BTC,27208.8396
2024-01-03T01:46:53,BTC,27213.1183
2024-01-03T01:46:54,BTC,27241.916
2024-01-03T01:46:55,BTC,27229.5028
2024-01-03T01:46:56,BTC,27251.0248
2024-01-03T01:46:57,BTC,27268.7432
2024-01-03T01:46:58,BTC,27261.8529
2024-01-03T01:46:59,BTC,27247.1823
2024-01-03T01:47:00,BTC,27232.873
2024-01-03T05:46:00,BTC,27215.9734
2024-01-03T05:46:01,BTC,27204.3095
2024-01-03T05:46:02,BTC,27213.7963
2024-01-03T05:46:03,BTC,27172.2859
2024-01-03T05:46:04,BTC,27177.363
2024-01-03T05:46:05,BTC,27157.3354
2024-01-03T05:46:06,BTC,27156.6622
2024-01-03T05:46:07,BTC,27141.6516
2024-01-03T05:46:08,BTC,27105.39
2024-01-03T05:46:09,BTC,27077.2579
2024-01-03T05:46:10,BTC,27072.6931
2024-01-03T05:46:11,BTC,27077.0462
2024-01-03T05:46:12,BTC,27039.268
2024-01-03T05:46:13,BTC,27029.9273
2024-01-03T05:46:14,BTC,27025.6876
2024-01-03T05:46:15,BTC,27010.2235
2024-01-03T05:46:16,BTC,27000.1414
2024-01-03T05:46:17,BTC,26985.6947
2024-01-03T05:46:18,BTC,26994.6245
2024-01-03T05:46:19,BTC,26978.0481
2024-01-03T05:46:20,BTC,26969.3618
2024-01-03T05:46:21,BTC,26945.1342
2024-01-03T05:46:22,BTC,26938.5317
2024-01-03T05:46:23,BTC,26925.1481
2024-01-03T05:46:24,BTC,26928.6498
2024-01-03T05:46:25,BTC,26951.158
2024-01-03T05:46:26,BTC,26959.7625
2024-01-03T05:46:27,BTC,26969.3619
2024-01-03T05:46:28,BTC,26970.4122
2024-01-03T05:46:29,BTC,26954.5488
2024-01-03T05:46:30,BTC,26945.0634
2024-01-03T05:46:31,BTC,26954.7089
2024-01-03T05:46:32,BTC,26942.6309
2024-01-03T05:46:33,BTC,26906.0521
2024-01-03T05:46:34,BTC,26879.3292
2024-01-03T05:46:35,BTC,26886.8323
2024-01-03T05:46:36,BTC,26883.2891
2024-01-03T05:46:37,BTC,26887.5963
2024-01-03T05:46:38,BTC,26877.8076
2024-01-03T05:46:39,BTC,26870.8946
2024-01-03T05:46:40,BTC,26849.2225
2024-01-03T05:46:41,BTC,26839.6142
2024-01-03T05:46:42,BTC,26817.6682
2024-01-03T05:46:43,BTC,26806.4273
2024-01-03T05:46:44,BTC,26800.5812
2024-01-03T05:46:45,BTC,26795.4566
2024-01-03T05:46:46,BTC,26767.4261
2024-01-03T05:46:47,BTC,26758.9982
2024-01-03T05:46:48,BTC,26766.6423
2024-01-03T05:46:49,BTC,26754.6931
2024-01-03T05:46:50,BTC,26756.2877
2024-01-03T05:46:51,BTC,26765.9725
2024-01-03T05:46:52,BTC,26746.359
2024-01-03T05:46:53,BTC,26770.8198
2024-01-03T05:46:54,BTC,26764.9002
2024-01-03T05:46:55,BTC,26770.079
2024-01-03T05:46:56,BTC,26739.8714
2024-01-03T05:46:57,BTC,26727.4769
2024-01-03T05:46:58,BTC,26718.3544
2024-01-03T05:46:59,BTC,26722.0517
2024-01-03T05:47:00,BTC,26715.3775
2024-01-03T05:47:01,BTC,26702.1783
2024-01-03T05:47:02,BTC,26674.4221
2024-01-03T05:47:03,BTC,26670.9593
2024-01-03T05:47:04,BTC,26675.5169
2024-01-03T05:47:05,BTC,26681.4035
2024-01-03T05:47:06,BTC,26695.2131
2024-01-03T05:47:07,BTC,26696.6239
2024-01-03T05:47:08,BTC,26669.628
2024-01-03T05:47:09,BTC,26663.8565
2024-01-03T05:47:10,BTC,26632.3954
2024-01-03T05:47:11,BTC,26622.3639
2024-01-03T05:47:12,BTC,26609.08
2024-01-03T05:47:13,BTC,26585.6542
2024-01-03T05:47:14,BTC,26589.8023
2024-01-03T05:47:15,BTC,26575.3241
2024-01-03T05:47:16,BTC,26582.8584
2024-01-03T05:47:17,BTC,26591.5753
2024-01-03T05:47:18,BTC,26610.1671
2024-01-03T05:47:19,BTC,26628.362
2024-01-03T05:47:20,BTC,26626.184
2024-01-03T05:47:21,BTC,26621.0133
2024-01-03T05:47:22,BTC,26622.8397
2024-01-03T05:47:23,BTC,26599.0541
2024-01-03T05:47:24,BTC,26586.174
2024-01-03T05:47:25,BTC,26545.7358
2024-01-03T05:47:26,BTC,26521.6234
2024-01-03T05:47:27,BTC,26524.5559
2024-01-03T05:47:28,BTC,26532.3528
2024-01-03T05:47:29,BTC,26528.4206
2024-01-03T05:47:30,BTC,26503.2092
2024-01-03T05:47:31,BTC,26488.5146
2024-01-03T05:47:32,BTC,26483.7444
2024-01-03T05:47:33,BTC,26457.3924
2024-01-03T05:47:34,BTC,26473.0253
2024-01-03T05:47:35,BTC,26455.9406
2024-01-03T05:47:36,BTC,26449.9198
2024-01-03T05:47:37,BTC,26460.4408
2024-01-03T05:47:38,BTC,26466.422
2024-01-03T05:47:39,BTC,26474.5634
2024-01-03T05:47:40,BTC,26461.6967
2024-01-03T05:47:41,BTC,26436.5079
2024-01-03T05:47:42,BTC,26422.225
2024-01-03T05:47:43,BTC,26405.9238
2024-01-03T05:47:44,BTC,26381.5668
2024-01-03T05:47:45,BTC,26403.9546
2024-01-03T05:47:46,BTC,26409.906
2024-01-03T05:47:47,BTC,26411.1481
2024-01-03T05:47:48,BTC,26411.7579
2024-01-03T05:47:49,BTC,26402.2128
2024-01-03T05:47:50,BTC,26411.7469
2024-01-03T05:47:51,BTC,26399.8277
2024-01-03T05:47:52,BTC,26391.6171
2024-01-03T05:47:53,BTC,26397.2283
2024-01-03T05:47:54,BTC,26411.5047
2024-01-03T05:47:55,BTC,26414.0677
2024-01-03T05:47:56,BTC,26403.6113
2024-01-03T05:47:57,BTC,26418.9096
2024-01-03T05:47:58,BTC,26419.2496
2024-01-03T05:47:59,BTC,26412.5142
2024-01-03T05:48:00,BTC,26436.8023
2024-01-03T05:48:01,BTC,26439.492
2024-01-03T05:48:02,BTC,26443.68
2024-01-03T05:48:03,BTC,26444.107
2024-01-03T05:48:04,BTC,26408.9592
2024-01-03T05:48:05,BTC,26416.7112
2024-01-03T05:48:06,BTC,26426.6091
2024-01-03T05:48:07,BTC,26449.7053
2024-01-03T05:48:08,BTC,26450.0207
2024-01-03T05:48:09,BTC,26454.3482
2024-01-03T05:48:10,BTC,26465.2875
2024-01-03T05:48:11,BTC,26450.1063
2024-01-03T05:48:12,BTC,26448.5033
2024-01-03T05:48:13,BTC,26456.3523
2024-01-03T05:48:14,BTC,26426.4431
2024-01-03T05:48:15,BTC,26418.9091
2024-01-03T05:48:16,BTC,26407.2075
2024-01-03T05:48:17,BTC,26415.2434
2024-01-03T05:48:18,BTC,26401.7374
2024-01-03T05:48:19,BTC,26395.0542
2024-01-03T05:48:20,BTC,26380.401
2024-01-03T05:48:21,BTC,26349.4037
2024-01-03T05:48:22,BTC,26321.6024
2024-01-03T05:48:23,BTC,26346.9456
2024-01-03T05:48:24,BTC,26365.9834
2024-01-03T05:48:25,BTC,26338.9184
2024-01-03T05:48:26,BTC,26330.0357
2024-01-03T05:48:27,BTC,26334.1961
2024-01-03T05:48:28,BTC,26347.1221
2024-01-03T05:48:29,BTC,26321.7056
2024-01-03T05:48:30,BTC,26324.115
2024-01-03T05:48:31,BTC,26304.1752
2024-01-03T05:48:32,BTC,26291.6789
2024-01-03T05:48:33,BTC,26306.8678
2024-01-03T05:48:34,BTC,26324.1788
2024-01-03T05:48:35,BTC,26318.2121
2024-01-03T05:48:36,BTC,26325.2016
2024-01-03T05:48:37,BTC,26327.3948
2024-01-03T05:48:38,BTC,26316.6635
2024-01-03T05:48:39,BTC,26326.097
2024-01-03T05:48:40,BTC,26302.9945
2024-01-03T05:48:41,BTC,26292.4522
2024-01-03T05:48:42,BTC,26300.0843
2024-01-03T05:48:43,BTC,26297.466
2024-01-03T05:48:44,BTC,26294.2934
2024-01-03T05:48:45,BTC,26278.8436
2024-01-03T05:48:46,BTC,26295.7779
2024-01-03T05:48:47,BTC,26286.137
2024-01-03T05:48:48,BTC,26281.9144
2024-01-03T05:48:49,BTC,26270.7508
2024-01-03T05:48:50,BTC,26275.0896
2024-01-03T05:48:51,BTC,26271.746
2024-01-03T05:48:52,BTC,26265.4978
2024-01-03T05:48:53,BTC,26282.9681
2024-01-03T05:48:54,BTC,26284.8057
2024-01-03T05:48:55,BTC,26296.1574
2024-01-03T05:48:56,BTC,26292.3679
2024-01-03T05:48:57,BTC,26282.3492
2024-01-03T05:48:58,BTC,26257.7538
2024-01-03T05:48:59,BTC,26252.4465
2024-01-03T05:49:00,BTC,26253.5527
2024-01-03T05:49:01,BTC,26241.6972
2024-01-03T05:49:02,BTC,26221.6838
2024-01-03T05:49:03,BTC,26199.1396
2024-01-03T05:49:04,BTC,26192.1415
2024-01-03T05:49:05,BTC,26193.0921
2024-01-03T05:49:06,BTC,26214.7243
2024-01-03T05:49:07,BTC,26198.1617
2024-01-03T05:49:08,BTC,26186.2759
2024-01-03T05:49:09,BTC,26200.3584
2024-01-03T05:49:10,BTC,26189.1704
2024-01-03T05:49:11,BTC,26163.8731
2024-01-03T05:49:12,BTC,26159.0551
2024-01-03T05:49:13,BTC,26149.7235
2024-01-03T05:49:14,BTC,26151.8778
2024-01-03T05:49:15,BTC,26162.5878
2024-01-03T05:49:16,BTC,26150.9687
2024-01-03T05:49:17,BTC,26148.5392
2024-01-03T05:49:18,BTC,26143.5393
2024-01-03T05:49:19,BTC,26122.6966
2024-01-03T05:49:20,BTC,26130.8748
2024-01-03T05:49:21,BTC,26126.9206
2024-01-03T05:49:22,BTC,26136.9521
2024-01-03T05:49:23,BTC,26136.8565
2024-01-03T05:49:24,BTC,26139.2599
2024-01-03T05:49:25,BTC,26135.394
2024-01-03T05:49:26,BTC,26133.5479
2024-01-03T05:49:27,BTC,26105.0586
2024-01-03T05:49:28,BTC,26103.869
2024-01-03T05:49:29,BTC,26080.545
2024-01-03T05:49:30,BTC,26089.3089
2024-01-03T05:49:31,BTC,26108.9508
2024-01-03T05:49:32,BTC,26101.299
2024-01-03T05:49:33,BTC,26092.4572
2024-01-03T05:49:34,BTC,26084.9309
2024-01-03T05:49:35,BTC,26077.513
2024-01-03T05:49:36,BTC,26085.2189
2024-01-03T05:49:37,BTC,26074.3184
2024-01-03T05:49:38,BTC,26079.7478
2024-01-03T05:49:39,BTC,26070.808
2024-01-03T05:49:40,BTC,26059.6431
2024-01-03T05:49:41,BTC,26053.324
2024-01-03T05:49:42,BTC,26043.6913
2024-01-03T05:49:43,BTC,26046.333
2024-01-03T05:49:44,BTC,26049.3893
2024-01-03T05:49:45,BTC,26060.0474
2024-01-03T05:49:46,BTC,26061.9064
2024-01-03T05:49:47,BTC,26062.8658
2024-01-03T05:49:48,BTC,26046.9102
2024-01-03T05:49:49,BTC,26030.6086
2024-01-03T05:49:50,BTC,26013.4366
2024-01-03T05:49:51,BTC,25980.5861
2024-01-03T05:49:52,BTC,25990.2742
2024-01-03T05:49:53,BTC,25983.1262
2024-01-03T05:49:54,BTC,26018.1043
2024-01-03T05:49:55,BTC,26012.7663
2024-01-03T05:49:56,BTC,26013.0593
2024-01-03T05:49:57,BTC,25978.9929
2024-01-03T05:49:58,BTC,25963.6592
2024-01-03T05:49:59,BTC,25941.3172
2024-01-03T05:50:00,BTC,25942.7631
2024-01-03T05:50:01,BTC,25942.2067
2024-01-03T05:50:02,BTC,25940.8335
2024-01-03T05:50:03,BTC,25945.3539
2024-01-03T05:50:04,BTC,25955.0048
2024-01-03T05:50:05,BTC,25957.0208
2024-01-03T05:50:06,BTC,25960.5945
2024-01-03T05:50:07,BTC,25964.8922
2024-01-03T05:50:08,BTC,25967.538
2024-01-03T05:50:09,BTC,25972.1566
2024-01-03T05:50:10,BTC,25956.7015
2024-01-03T05:50:11,BTC,25973.4801
2024-01-03T05:50:12,BTC,25997.0747
2024-01-03T05:50:13,BTC,25988.4102
2024-01-03T05:50:14,BTC,25983.3557
2024-01-03T05:50:15,BTC,25951.8734
2024-01-03T05:50:16,BTC,25956.5443
2024-01-03T05:50:17,BTC,25961.0994
2024-01-03T05:50:18,BTC,25964.0204
2024-01-03T05:50:19,BTC,25970.9784
2024-01-03T05:50:20,BTC,25942.1408
2024-01-03T05:50:21,BTC,25917.4577
2024-01-03T05:50:22,BTC,25938.9772
2024-01-03T05:50:23,BTC,25950.2492
2024-01-03T05:50:24,BTC,25947.7512
2024-01-03T05:50:25,BTC,25945.3568
2024-01-03T05:50:26,BTC,25921.8013
2024-01-03T05:50:27,BTC,25896.3372
2024-01-03T05:50:28,BTC,25870.6438
2024-01-03T05:50:29,BTC,25872.0871
2024-01-03T05:50:30,BTC,25867.2719
2024-01-03T05:50:31,BTC,25857.6895
2024-01-03T05:50:32,BTC,25855.414
2024-01-03T05:50:33,BTC,25844.0429
2024-01-03T05:50:34,BTC,25829.4449
2024-01-03T05:50:35,BTC,25818.1439
2024-01-03T05:50:36,BTC,25792.1345
2024-01-03T05:50:37,BTC,25789.8728
2024-01-03T05:50:38,BTC,25781.5112
2024-01-03T05:50:39,BTC,25764.9855
2024-01-03T05:50:40,BTC,25758.996
2024-01-03T05:50:41,BTC,25738.1349
2024-01-03T05:50:42,BTC,25735.6898
2024-01-03T05:50:43,BTC,25726.5687
2024-01-03T05:50:44,BTC,25722.3762
2024-01-03T05:50:45,BTC,25711.7059
2024-01-03T05:50:46,BTC,25708.6754
2024-01-03T05:50:47,BTC,25705.8993
2024-01-03T05:50:48,BTC,25696.902
2024-01-03T05:50:49,BTC,25699.7998
2024-01-03T05:50:50,BTC,25686.3399
2024-01-03T05:50:51,BTC,25672.4099
2024-01-03T05:50:52,BTC,25664.8933
2024-01-03T05:50:53,BTC,25649.593
2024-01-03T05:50:54,BTC,25647.4769
2024-01-03T05:50:55,BTC,25643.8306
2024-01-03T05:50:56,BTC,25629.7118
2024-01-03T05:50:57,BTC,25596.7051
2024-01-03T05:50:58,BTC,25596.8491
2024-01-03T05:50:59,BTC,25592.3325
2024-01-03T05:51:00,BTC,25593.6968
2024-01-03T05:51:01,BTC,25589.7587
2024-01-03T05:51:02,BTC,25570.5347
2024-01-03T05:51:03,BTC,25559.0462
2024-01-03T05:51:04,BTC,25543.213
2024-01-03T05:51:05,BTC,25526.3727
2024-01-03T05:51:06,BTC,25526.2998
2024-01-03T05:51:07,BTC,25512.9899
2024-01-03T05:51:08,BTC,25512.1778
2024-01-03T05:51:09,BTC,25507.7343
2024-01-03T05:51:10,BTC,25485.4172
2024-01-03T05:51:11,BTC,25487.2399
2024-01-03T05:51:12,BTC,25484.3921
2024-01-03T05:51:13,BTC,25468.6434
2024-01-03T05:51:14,BTC,25452.3373
2024-01-03T05:51:15,BTC,25465.0227
2024-01-03T05:51:16,BTC,25458.568
2024-01-03T05:51:17,BTC,25472.2093
2024-01-03T05:51:18,BTC,25473.8039
2024-01-03T05:51:19,BTC,25458.9229
2024-01-03T05:51:20,BTC,25447.4491
2024-01-03T05:51:21,BTC,25442.0628
2024-01-03T05:51:22,BTC,25452.7403
2024-01-03T05:51:23,BTC,25461.367
2024-01-03T05:51:24,BTC,25426.8897
2024-01-03T05:51:25,BTC,25401.2917
2024-01-03T05:51:26,BTC,25410.8087
2024-01-03T05:51:27,BTC,25426.6538
2024-01-03T05:51:28,BTC,25404.1049
2024-01-03T05:51:29,BTC,25387.8115
2024-01-03T05:51:30,BTC,25382.5363
2024-01-03T05:51:31,BTC,25378.8357
2024-01-03T05:51:32,BTC,25365.5741
2024-01-03T05:51:33,BTC,25367.9428
2024-01-03T05:51:34,BTC,25357.2166
2024-01-03T05:51:35,BTC,25352.8142
2024-01-03T05:51:36,BTC,25342.5419
2024-01-03T05:51:37,BTC,25347.2752
2024-01-03T05:51:38,BTC,25347.0863
2024-01-03T05:51:39,BTC,25331.29
2024-01-03T05:51:40,BTC,25328.3889
2024-01-03T05:51:41,BTC,25325.1346
2024-01-03T05:51:42,BTC,25328.1174
2024-01-03T05:51:43,BTC,25335.1353
2024-01-03T05:51:44,BTC,25351.9978
2024-01-03T05:51:45,BTC,25355.5315
2024-01-03T05:51:46,BTC,25329.9615
2024-01-03T05:51:47,BTC,25318.1872
2024-01-03T05:51:48,BTC,25290.8284
2024-01-03T05:51:49,BTC,25277.9094
2024-01-03T05:51:50,BTC,25271.6549
2024-01-03T05:51:51,BTC,25245.4094
2024-01-03T05:51:52,BTC,25250.4012
2024-01-03T05:51:53,BTC,25240.5111
2024-01-03T05:51:54,BTC,25244.017
2024-01-03T05:51:55,BTC,25245.1066
2024-01-03T05:51:56,BTC,25221.8225
2024-01-03T05:51:57,BTC,25226.6404
2024-01-03T05:51:58,BTC,25220.6724
2024-01-03T05:51:59,BTC,25209.5254
2024-01-03T05:52:00,BTC,25185.1322
2024-01-03T08:52:00,BTC,25179.8063
2024-01-03T08:52:01,BTC,25190.6557
2024-01-03T08:52:02,BTC,25209.136
2024-01-03T08:52:03,BTC,25234.9156
2024-01-03T08:52:04,BTC,25209.1609
2024-01-03T08:52:05,BTC,25197.5158
2024-01-03T08:52:06,BTC,25200.292
2024-01-03T08:52:07,BTC,25178.8992
2024-01-03T08:52:08,BTC,25192.7437
2024-01-03T08:52:09,BTC,25188.8379
2024-01-03T08:52:10,BTC,25172.7452
2024-01-03T08:52:11,BTC,25176.7017
2024-01-03T08:52:12,BTC,25179.9287
2024-01-03T08:52:13,BTC,25177.9943
2024-01-03T08:52:14,BTC,25161.8662
2024-01-03T08:52:15,BTC,25152.2016
2024-01-03T08:52:16,BTC,25136.288
2024-01-03T08:52:17,BTC,25109.9295
2024-01-03T08:52:18,BTC,25098.3456
2024-01-03T08:52:19,BTC,25094.583
2024-01-03T08:52:20,BTC,25069.3451
2024-01-03T08:52:21,BTC,25077.5789
2024-01-03T08:52:22,BTC,25063.2588
2024-01-03T08:52:23,BTC,25071.0424
2024-01-03T08:52:24,BTC,25037.6607
2024-01-03T08:52:25,BTC,25020.6089
2024-01-03T08:52:26,BTC,25017.7764
2024-01-03T08:52:27,BTC,24997.9804
2024-01-03T08:52:28,BTC,24991.8206
2024-01-03T08:52:29,BTC,24994.4129
2024-01-03T08:52:30,BTC,24991.9208
2024-01-03T08:52:31,BTC,24983.3252
2024-01-03T08:52:32,BTC,24991.0429
2024-01-03T08:52:33,BTC,24996.5365
2024-01-03T08:52:34,BTC,25006.0149
2024-01-03T08:52:35,BTC,24995.2978
2024-01-03T08:52:36,BTC,24998.5505
2024-01-03T08:52:37,BTC,25001.9187
2024-01-03T08:52:38,BTC,25009.1896
2024-01-03T08:52:39,BTC,25005.3927
2024-01-03T08:52:40,BTC,24965.5814
2024-01-03T08:52:41,BTC,24966.7752
2024-01-03T08:52:42,BTC,24948.5954
2024-01-03T08:52:43,BTC,24969.9488
2024-01-03T08:52:44,BTC,24975.4173
2024-01-03T08:52:45,BTC,24974.0738
2024-01-03T08:52:46,BTC,24991.9087
2024-01-03T08:52:47,BTC,24985.1933
2024-01-03T08:52:48,BTC,24952.5776
2024-01-03T08:52:49,BTC,24969.823
2024-01-03T08:52:50,BTC,24961.3086
2024-01-03T08:52:51,BTC,24946.2368
2024-01-03T08:52:52,BTC,24941.9977
2024-01-03T08:52:53,BTC,24950.9144
2024-01-03T08:52:54,BTC,24952.7478
2024-01-03T08:52:55,BTC,24939.3314
2024-01-03T08:52:56,BTC,24936.9806
2024-01-03T08:52:57,BTC,24937.4771
2024-01-03T08:52:58,BTC,24912.5966
2024-01-03T08:52:59,BTC,24895.8879
2024-01-03T08:53:00,BTC,24898.7502
2024-01-03T08:53:01,BTC,24894.7198
2024-01-03T08:53:02,BTC,24893.7919
2024-01-03T08:53:03,BTC,24891.1339
2024-01-03T08:53:04,BTC,24887.2051
2024-01-03T08:53:05,BTC,24868.1771
2024-01-03T08:53:06,BTC,24862.3263
2024-01-03T08:53:07,BTC,24856.4817
2024-01-03T08:53:08,BTC,24842.0635
2024-01-03T08:53:09,BTC,24835.3941
2024-01-03T08:53:10,BTC,24803.5645
2024-01-03T08:53:11,BTC,24800.1992
2024-01-03T08:53:12,BTC,24783.7471
2024-01-03T08:53:13,BTC,24775.971
2024-01-03T08:53:14,BTC,24764.411
2024-01-03T08:53:15,BTC,24752.8243
2024-01-03T08:53:16,BTC,24756.318
2024-01-03T08:53:17,BTC,24723.2303
2024-01-03T08:53:18,BTC,24696.9366
2024-01-03T08:53:19,BTC,24688.5191
2024-01-03T08:53:20,BTC,24693.2653
2024-01-03T08:53:21,BTC,24684.9157
2024-01-03T08:53:22,BTC,24682.655
2024-01-03T08:53:23,BTC,24668.8799
2024-01-03T08:53:24,BTC,24664.6591
2024-01-03T08:53:25,BTC,24664.7147
2024-01-03T08:53:26,BTC,24653.7179
2024-01-03T08:53:27,BTC,24666.6679
2024-01-03T08:53:28,BTC,24656.3191
2024-01-03T08:53:29,BTC,24654.2129
2024-01-03T08:53:30,BTC,24629.2857
2024-01-03T08:53:31,BTC,24623.0525
2024-01-03T08:53:32,BTC,24605.397
2024-01-03T08:53:33,BTC,24585.2557
2024-01-03T08:53:34,BTC,24565.8371
2024-01-03T08:53:35,BTC,24580.0864
2024-01-03T08:53:36,BTC,24587.3853
2024-01-03T08:53:37,BTC,24589.5765
2024-01-03T08:53:38,BTC,24585.3126
2024-01-03T08:53:39,BTC,24567.1611
2024-01-03T08:53:40,BTC,24550.505
2024-01-03T08:53:41,BTC,24559.5369
2024-01-03T08:53:42,BTC,24526.8602
2024-01-03T08:53:43,BTC,24505.124
2024-01-03T08:53:44,BTC,24502.1537
2024-01-03T08:53:45,BTC,24507.3689
2024-01-03T08:53:46,BTC,24511.3292
2024-01-03T08:53:47,BTC,24496.7515
2024-01-03T08:53:48,BTC,24461.122
2024-01-03T08:53:49,BTC,24451.5603
2024-01-03T08:53:50,BTC,24446.5581
2024-01-03T08:53:51,BTC,24454.7843
2024-01-03T08:53:52,BTC,24445.3338
2024-01-03T08:53:53,BTC,24442.5891
2024-01-03T08:53:54,BTC,24449.4041
2024-01-03T08:53:55,BTC,24451.6575
2024-01-03T08:53:56,BTC,24445.872
2024-01-03T08:53:57,BTC,24438.608
2024-01-03T08:53:58,BTC,24461.2933
2024-01-03T08:53:59,BTC,24475.0401
2024-01-03T08:54:00,BTC,24453.713
2024-01-03T08:54:01,BTC,24438.5681
2024-01-03T08:54:02,BTC,24423.7914
2024-01-03T08:54:03,BTC,24409.6013
2024-01-03T08:54:04,BTC,24405.2376
2024-01-03T08:54:05,BTC,24407.8675
2024-01-03T08:54:06,BTC,24423.5992
2024-01-03T08:54:07,BTC,24388.9051
2024-01-03T08:54:08,BTC,24390.0102
2024-01-03T08:54:09,BTC,24391.477
2024-01-03T08:54:10,BTC,24362.9728
2024-01-03T08:54:11,BTC,24378.3982
2024-01-03T08:54:12,BTC,24392.8651
2024-01-03T08:54:13,BTC,24359.9464
2024-01-03T08:54:14,BTC,24357.2357
2024-01-03T08:54:15,BTC,24357.3825
2024-01-03T08:54:16,BTC,24335.5613
2024-01-03T08:54:17,BTC,24334.1353
2024-01-03T08:54:18,BTC,24320.6686
2024-01-03T08:54:19,BTC,24315.9655
2024-01-03T08:54:20,BTC,24305.7616
2024-01-03T08:54:21,BTC,24309.5692
2024-01-03T08:54:22,BTC,24309.907
2024-01-03T08:54:23,BTC,24306.7701
2024-01-03T08:54:24,BTC,24299.0272
2024-01-03T08:54:25,BTC,24267.8806
2024-01-03T08:54:26,BTC,24244.0019
2024-01-03T08:54:27,BTC,24241.0187
2024-01-03T08:54:28,BTC,24242.0552
2024-01-03T08:54:29,BTC,24231.2588
2024-01-03T08:54:30,BTC,24222.3163
2024-01-03T08:54:31,BTC,24211.535
2024-01-03T08:54:32,BTC,24192.0991
2024-01-03T08:54:33,BTC,24176.6932
2024-01-03T08:54:34,BTC,24182.9791
2024-01-03T08:54:35,BTC,24168.6134
2024-01-03T08:54:36,BTC,24174.0313
2024-01-03T08:54:37,BTC,24169.2178
2024-01-03T08:54:38,BTC,24159.0029
2024-01-03T08:54:39,BTC,24170.8326
2024-01-03T08:54:40,BTC,24176.5476
2024-01-03T08:54:41,BTC,24143.0226
2024-01-03T08:54:42,BTC,24139.5982
2024-01-03T08:54:43,BTC,24125.2383
2024-01-03T08:54:44,BTC,24124.519
2024-01-03T08:54:45,BTC,24110.0707
2024-01-03T08:54:46,BTC,24133.3222
2024-01-03T08:54:47,BTC,24142.8904
2024-01-03T08:54:48,BTC,24116.3295
2024-01-03T08:54:49,BTC,24131.1937
2024-01-03T08:54:50,BTC,24131.792
2024-01-03T08:54:51,BTC,24106.7746
2024-01-03T08:54:52,BTC,24110.6559
2024-01-03T08:54:53,BTC,24101.9458
2024-01-03T08:54:54,BTC,24115.7507
2024-01-03T08:54:55,BTC,24096.8322
2024-01-03T08:54:56,BTC,24076.8583
2024-01-03T08:54:57,BTC,24052.8041
2024-01-03T08:54:58,BTC,24017.4771
2024-01-03T08:54:59,BTC,24004.1475
2024-01-03T08:55:00,BTC,23990.7462
2024-01-03T08:55:01,BTC,24011.5786
2024-01-03T08:55:02,BTC,23992.3426
2024-01-03T08:55:03,BTC,24006.5784
2024-01-03T08:55:04,BTC,23998.3986
2024-01-03T08:55:05,BTC,23974.1625
2024-01-03T08:55:06,BTC,23957.6289
2024-01-03T08:55:07,BTC,23949.6158
2024-01-03T08:55:08,BTC,23940.9449
2024-01-03T08:55:09,BTC,23945.7612
2024-01-03T08:55:10,BTC,23937.3427
2024-01-03T08:55:11,BTC,23938.6943
2024-01-03T08:55:12,BTC,23920.9226
2024-01-03T08:55:13,BTC,23912.9176
2024-01-03T08:55:14,BTC,23912.5362
2024-01-03T08:55:15,BTC,23898.4042
2024-01-03T08:55:16,BTC,23902.3253
2024-01-03T08:55:17,BTC,23902.3262
2024-01-03T08:55:18,BTC,23881.785
2024-01-03T08:55:19,BTC,23875.4737
2024-01-03T08:55:20,BTC,23865.9035
2024-01-03T08:55:21,BTC,23853.7576
2024-01-03T08:55:22,BTC,23848.0391
2024-01-03T08:55:23,BTC,23850.2858
2024-01-03T08:55:24,BTC,23854.6011
2024-01-03T08:55:25,BTC,23874.0895
2024-01-03T08:55:26,BTC,23873.076
2024-01-03T08:55:27,BTC,23880.3948
2024-01-03T08:55:28,BTC,23857.6984
2024-01-03T08:55:29,BTC,23861.8069
2024-01-03T08:55:30,BTC,23840.3563
2024-01-03T08:55:31,BTC,23848.2929
2024-01-03T08:55:32,BTC,23832.213
2024-01-03T08:55:33,BTC,23814.8755
2024-01-03T08:55:34,BTC,23812.9598
2024-01-03T08:55:35,BTC,23824.8996
2024-01-03T08:55:36,BTC,23819.509
2024-01-03T08:55:37,BTC,23820.071
2024-01-03T08:55:38,BTC,23809.4053
2024-01-03T08:55:39,BTC,23780.7268
2024-01-03T08:55:40,BTC,23787.2707
2024-01-03T08:55:41,BTC,23781.5152
2024-01-03T08:55:42,BTC,23796.9251
2024-01-03T08:55:43,BTC,23782.9844
2024-01-03T08:55:44,BTC,23776.7906
2024-01-03T08:55:45,BTC,23797.9691
2024-01-03T08:55:46,BTC,23796.6436
2024-01-03T08:55:47,BTC,23767.0488
2024-01-03T08:55:48,BTC,23765.5443
2024-01-03T08:55:49,BTC,23758.8893
2024-01-03T08:55:50,BTC,23745.8577
2024-01-03T08:55:51,BTC,23741.0573
2024-01-03T08:55:52,BTC,23714.2025
2024-01-03T08:55:53,BTC,23696.5158
2024-01-03T08:55:54,BTC,23672.8722
2024-01-03T08:55:55,BTC,23662.9158
2024-01-03T08:55:56,BTC,23652.3045
2024-01-03T08:55:57,BTC,23656.9487
2024-01-03T08:55:58,BTC,23649.9747
2024-01-03T08:55:59,BTC,23658.8982
2024-01-03T08:56:00,BTC,23645.2118
2024-01-03T08:56:01,BTC,23654.222
2024-01-03T08:56:02,BTC,23650.5082
2024-01-03T08:56:03,BTC,23639.2728
2024-01-03T08:56:04,BTC,23620.6724
2024-01-03T08:56:05,BTC,23633.5499
2024-01-03T08:56:06,BTC,23619.1695
2024-01-03T08:56:07,BTC,23615.0475
2024-01-03T08:56:08,BTC,23598.0281
2024-01-03T08:56:09,BTC,23599.8442
2024-01-03T08:56:10,BTC,23593.1497
2024-01-03T08:56:11,BTC,23597.5852
2024-01-03T08:56:12,BTC,23581.5595
2024-01-03T08:56:13,BTC,23568.6919
2024-01-03T08:56:14,BTC,23568.6905
2024-01-03T08:56:15,BTC,23568.8928
2024-01-03T08:56:16,BTC,23577.7864
2024-01-03T08:56:17,BTC,23578.3139
2024-01-03T08:56:18,BTC,23595.1433
2024-01-03T08:56:19,BTC,23569.4358
2024-01-03T08:56:20,BTC,23567.6346
2024-01-03T08:56:21,BTC,23555.889
2024-01-03T08:56:22,BTC,23569.2384
2024-01-03T08:56:23,BTC,23560.7537
2024-01-03T08:56:24,BTC,23545.7797
2024-01-03T08:56:25,BTC,23530.767
2024-01-03T08:56:26,BTC,23526.0561
2024-01-03T08:56:27,BTC,23533.1976
2024-01-03T08:56:28,BTC,23545.8043
2024-01-03T08:56:29,BTC,23526.4809
2024-01-03T08:56:30,BTC,23514.7356
2024-01-03T08:56:31,BTC,23518.9754
2024-01-03T08:56:32,BTC,23500.2178
2024-01-03T08:56:33,BTC,23472.6156
2024-01-03T08:56:34,BTC,23482.8101
2024-01-03T08:56:35,BTC,23488.9166
2024-01-03T08:56:36,BTC,23487.7299
2024-01-03T08:56:37,BTC,23483.9591
2024-01-03T08:56:38,BTC,23491.4405
2024-01-03T08:56:39,BTC,23495.1146
2024-01-03T08:56:40,BTC,23485.7096
2024-01-03T08:56:41,BTC,23486.6578
2024-01-03T08:56:42,BTC,23502.6832
2024-01-03T08:56:43,BTC,23474.0209
2024-01-03T08:56:44,BTC,23479.8617
2024-01-03T08:56:45,BTC,23489.0697
2024-01-03T08:56:46,BTC,23473.3554
2024-01-03T08:56:47,BTC,23473.262
2024-01-03T08:56:48,BTC,23455.2422
2024-01-03T08:56:49,BTC,23449.2514
2024-01-03T08:56:50,BTC,23454.6123
2024-01-03T08:56:51,BTC,23466.7088
2024-01-03T08:56:52,BTC,23447.4848
2024-01-03T08:56:53,BTC,23427.5822
2024-01-03T08:56:54,BTC,23400.3974
2024-01-03T08:56:55,BTC,23411.2598
2024-01-03T08:56:56,BTC,23407.9532
2024-01-03T08:56:57,BTC,23410.9931
2024-01-03T08:56:58,BTC,23394.5145
2024-01-03T08:56:59,BTC,23394.1248
2024-01-03T08:57:00,BTC,23391.7351
2024-01-03T08:57:01,BTC,23396.6942
2024-01-03T08:57:02,BTC,23403.4064
2024-01-03T08:57:03,BTC,23390.9558
2024-01-03T08:57:04,BTC,23394.2136
2024-01-03T08:57:05,BTC,23407.4914
2024-01-03T08:57:06,BTC,23427.2595
2024-01-03T08:57:07,BTC,23406.0322
2024-01-03T08:57:08,BTC,23416.7827
2024-01-03T08:57:09,BTC,23419.1724
2024-01-03T08:57:10,BTC,23423.6731
2024-01-03T08:57:11,BTC,23438.5898
2024-01-03T08:57:12,BTC,23442.4798
2024-01-03T08:57:13,BTC,23435.5259
2024-01-03T08:57:14,BTC,23426.8125
2024-01-03T08:57:15,BTC,23415.2462
2024-01-03T08:57:16,BTC,23411.1851
2024-01-03T08:57:17,BTC,23412.405
2024-01-03T08:57:18,BTC,23405.0174
2024-01-03T08:57:19,BTC,23410.5911
2024-01-03T08:57:20,BTC,23421.8769
2024-01-03T08:57:21,BTC,23417.3269
2024-01-03T08:57:22,BTC,23428.997
2024-01-03T08:57:23,BTC,23419.6356
2024-01-03T08:57:24,BTC,23411.3649
2024-01-03T08:57:25,BTC,23394.8785
2024-01-03T08:57:26,BTC,23400.998
2024-01-03T08:57:27,BTC,23407.5148
2024-01-03T08:57:28,BTC,23402.8174
2024-01-03T08:57:29,BTC,23398.0156
2024-01-03T08:57:30,BTC,23387.4488
2024-01-03T08:57:31,BTC,23399.9529
2024-01-03T08:57:32,BTC,23413.7335
2024-01-03T08:57:33,BTC,23402.7613
2024-01-03T08:57:34,BTC,23397.2752
2024-01-03T08:57:35,BTC,23383.6194
2024-01-03T08:57:36,BTC,23372.7829
2024-01-03T08:57:37,BTC,23357.0539
2024-01-03T08:57:38,BTC,23353.4179
2024-01-03T08:57:39,BTC,23336.8269
2024-01-03T08:57:40,BTC,23321.672
2024-01-03T08:57:41,BTC,23312.4598
2024-01-03T08:57:42,BTC,23317.8305
2024-01-03T08:57:43,BTC,23325.2931
2024-01-03T08:57:44,BTC,23301.3014
2024-01-03T08:57:45,BTC,23280.8995
2024-01-03T08:57:46,BTC,23258.0639
2024-01-03T08:57:47,BTC,23223.3985
2024-01-03T08:57:48,BTC,23241.8384
2024-01-03T08:57:49,BTC,23234.3544
2024-01-03T08:57:50,BTC,23232.8796
2024-01-03T08:57:51,BTC,23225.2096
2024-01-03T08:57:52,BTC,23214.3342
2024-01-03T08:57:53,BTC,23199.5263
2024-01-03T08:57:54,BTC,23199.3678
2024-01-03T08:57:55,BTC,23183.1889
2024-01-03T08:57:56,BTC,23187.2903
2024-01-03T08:57:57,BTC,23191.7972
2024-01-03T08:57:58,BTC,23156.0468
2024-01-03T08:57:59,BTC,23146.2482
2024-01-03T08:58:00,BTC,23132.6583
2024-01-03T11:03:00,BTC,23135.1978
2024-01-03T11:03:01,BTC,23139.8623
2024-01-03T11:03:02,BTC,23150.8876
2024-01-03T11:03:03,BTC,23146.7081
2024-01-03T11:03:04,BTC,23134.9518
2024-01-03T11:03:05,BTC,23127.1244
2024-01-03T11:03:06,BTC,23136.6421
2024-01-03T11:03:07,BTC,23154.8182
2024-01-03T11:03:08,BTC,23163.0756
2024-01-03T11:03:09,BTC,23148.026
2024-01-03T11:03:10,BTC,23136.2567
2024-01-03T11:03:11,BTC,23128.7402
2024-01-03T11:03:12,BTC,23133.9923
2024-01-03T11:03:13,BTC,23120.6622
2024-01-03T11:03:14,BTC,23122.2694
2024-01-03T11:03:15,BTC,23122.4867
2024-01-03T11:03:16,BTC,23108.3321
2024-01-03T11:03:17,BTC,23102.9568
2024-01-03T11:03:18,BTC,23111.9111
2024-01-03T11:03:19,BTC,23104.7609
2024-01-03T11:03:20,BTC,23113.9888
2024-01-03T11:03:21,BTC,23096.4268
2024-01-03T11:03:22,BTC,23077.6358
2024-01-03T11:03:23,BTC,23067.0642
2024-01-03T11:03:24,BTC,23062.9033
2024-01-03T11:03:25,BTC,23056.5342
2024-01-03T11:03:26,BTC,23040.4422
2024-01-03T11:03:27,BTC,23039.9882
2024-01-03T11:03:28,BTC,23043.0303
2024-01-03T11:03:29,BTC,23045.2293
2024-01-03T11:03:30,BTC,23031.2042
2024-01-03T11:03:31,BTC,23013.3611
2024-01-03T11:03:32,BTC,23013.0185
2024-01-03T11:03:33,BTC,23013.1007
2024-01-03T11:03:34,BTC,22996.6229
2024-01-03T11:03:35,BTC,22997.4207
2024-01-03T11:03:36,BTC,22989.226
2024-01-03T11:03:37,BTC,22981.1063
2024-01-03T11:03:38,BTC,22959.5982
2024-01-03T11:03:39,BTC,22930.6662
2024-01-03T11:03:40,BTC,22910.0456
2024-01-03T11:03:41,BTC,22915.444
2024-01-03T11:03:42,BTC,22912.8203
2024-01-03T11:03:43,BTC,22893.2637
2024-01-03T11:03:44,BTC,22891.6416
2024-01-03T11:03:45,BTC,22889.7804
2024-01-03T11:03:46,BTC,22894.4097
2024-01-03T11:03:47,BTC,22899.6897
2024-01-03T11:03:48,BTC,22886.9768
2024-01-03T11:03:49,BTC,22872.9487
2024-01-03T11:03:50,BTC,22846.5694
2024-01-03T11:03:51,BTC,22824.9353
2024-01-03T11:03:52,BTC,22827.7725
2024-01-03T11:03:53,BTC,22817.725
2024-01-03T11:03:54,BTC,22803.9866
2024-01-03T11:03:55,BTC,22789.1943
2024-01-03T11:03:56,BTC,22805.6483
2024-01-03T11:03:57,BTC,22803.1218
2024-01-03T11:03:58,BTC,22789.2308
2024-01-03T11:03:59,BTC,22784.1439
2024-01-03T11:04:00,BTC,22764.5835
2024-01-03T11:04:01,BTC,22775.988
2024-01-03T11:04:02,BTC,22769.6837
2024-01-03T11:04:03,BTC,22761.5204
2024-01-03T11:04:04,BTC,22760.1787
2024-01-03T11:04:05,BTC,22760.692
2024-01-03T11:04:06,BTC,22745.9797
2024-01-03T11:04:07,BTC,22747.4164
2024-01-03T11:04:08,BTC,22749.7431
2024-01-03T11:04:09,BTC,22756.2095
2024-01-03T11:04:10,BTC,22751.9127
2024-01-03T11:04:11,BTC,22768.0053
2024-01-03T11:04:12,BTC,22762.982
2024-01-03T11:04:13,BTC,22754.72
2024-01-03T11:04:14,BTC,22749.025
2024-01-03T11:04:15,BTC,22743.2073
2024-01-03T11:04:16,BTC,22742.7528
2024-01-03T11:04:17,BTC,22720.508
2024-01-03T11:04:18,BTC,22717.3816
2024-01-03T11:04:19,BTC,22714.9498
2024-01-03T11:04:20,BTC,22719.5038
2024-01-03T11:04:21,BTC,22713.4791
2024-01-03T11:04:22,BTC,22691.4013
2024-01-03T11:04:23,BTC,22678.8742
2024-01-03T11:04:24,BTC,22661.0032
2024-01-03T11:04:25,BTC,22669.5118
2024-01-03T11:04:26,BTC,22672.472
2024-01-03T11:04:27,BTC,22676.5668
2024-01-03T11:04:28,BTC,22690.795
2024-01-03T11:04:29,BTC,22681.2011
2024-01-03T11:04:30,BTC,22683.4991
2024-01-03T11:04:31,BTC,22693.0541
2024-01-03T11:04:32,BTC,22697.6695
2024-01-03T11:04:33,BTC,22692.5907
2024-01-03T11:04:34,BTC,22671.9706
2024-01-03T11:04:35,BTC,22671.4732
2024-01-03T11:04:36,BTC,22670.906
2024-01-03T11:04:37,BTC,22673.3255
2024-01-03T11:04:38,BTC,22675.5619
2024-01-03T11:04:39,BTC,22654.5775
2024-01-03T11:04:40,BTC,22647.0384
2024-01-03T11:04:41,BTC,22641.528
2024-01-03T11:04:42,BTC,22652.8073
2024-01-03T11:04:43,BTC,22667.0483
2024-01-03T11:04:44,BTC,22670.7498
2024-01-03T11:04:45,BTC,22661.6642
2024-01-03T11:04:46,BTC,22652.1731
2024-01-03T11:04:47,BTC,22630.6501
2024-01-03T11:04:48,BTC,22622.882
2024-01-03T11:04:49,BTC,22631.4345
2024-01-03T11:04:50,BTC,22649.4195
2024-01-03T11:04:51,BTC,22660.7817
2024-01-03T11:04:52,BTC,22658.4321
2024-01-03T11:04:53,BTC,22658.2321
2024-01-03T11:04:54,BTC,22664.5819
2024-01-03T11:04:55,BTC,22656.971
2024-01-03T11:04:56,BTC,22648.4519
2024-01-03T11:04:57,BTC,22642.6339
2024-01-03T11:04:58,BTC,22639.4649
2024-01-03T11:04:59,BTC,22618.8779
2024-01-03T11:05:00,BTC,22617.9793
2024-01-03T11:05:01,BTC,22599.3364
2024-01-03T11:05:02,BTC,22614.9938
2024-01-03T11:05:03,BTC,22594.3923
2024-01-03T11:05:04,BTC,22579.1093
2024-01-03T11:05:05,BTC,22563.6716
2024-01-03T11:05:06,BTC,22555.1141
2024-01-03T11:05:07,BTC,22540.9201
2024-01-03T11:05:08,BTC,22534.1255
2024-01-03T11:05:09,BTC,22538.976
2024-01-03T11:05:10,BTC,22536.9514
2024-01-03T11:05:11,BTC,22511.8606
2024-01-03T11:05:12,BTC,22501.14
2024-01-03T11:05:13,BTC,22488.4009
2024-01-03T11:05:14,BTC,22484.9347
2024-01-03T11:05:15,BTC,22487.7875
2024-01-03T11:05:16,BTC,22493.0625
2024-01-03T11:05:17,BTC,22501.296
2024-01-03T11:05:18,BTC,22498.0103
2024-01-03T11:05:19,BTC,22507.2502
2024-01-03T11:05:20,BTC,22515.0479
2024-01-03T11:05:21,BTC,22518.1892
2024-01-03T11:05:22,BTC,22508.8608
2024-01-03T11:05:23,BTC,22500.6318
2024-01-03T11:05:24,BTC,22490.7662
2024-01-03T11:05:25,BTC,22501.3375
2024-01-03T11:05:26,BTC,22472.0596
2024-01-03T11:05:27,BTC,22491.34
2024-01-03T11:05:28,BTC,22479.4633
2024-01-03T11:05:29,BTC,22488.9777
2024-01-03T11:05:30,BTC,22490.7656
2024-01-03T11:05:31,BTC,22495.5608
2024-01-03T11:05:32,BTC,22480.5228
2024-01-03T11:05:33,BTC,22471.9188
2024-01-03T11:05:34,BTC,22477.3037
2024-01-03T11:05:35,BTC,22483.3469
2024-01-03T11:05:36,BTC,22471.4578
2024-01-03T11:05:37,BTC,22446.2546
2024-01-03T11:05:38,BTC,22433.4729
2024-01-03T11:05:39,BTC,22424.3884
2024-01-03T11:05:40,BTC,22427.4912
2024-01-03T11:05:41,BTC,22434.1764
2024-01-03T11:05:42,BTC,22452.0287
2024-01-03T11:05:43,BTC,22452.1224
2024-01-03T11:05:44,BTC,22462.1768
2024-01-03T11:05:45,BTC,22439.657
2024-01-03T11:05:46,BTC,22450.4983
2024-01-03T11:05:47,BTC,22441.948
2024-01-03T11:05:48,BTC,22438.2386
2024-01-03T11:05:49,BTC,22440.7321
2024-01-03T11:05:50,BTC,22423.8837
2024-01-03T11:05:51,BTC,22409.6184
2024-01-03T11:05:52,BTC,22396.1204
2024-01-03T11:05:53,BTC,22378.7691
2024-01-03T11:05:54,BTC,22370.8634
2024-01-03T11:05:55,BTC,22370.3879
2024-01-03T11:05:56,BTC,22348.9145
2024-01-03T11:05:57,BTC,22356.9385
2024-01-03T11:05:58,BTC,22349.4647
2024-01-03T11:05:59,BTC,22343.5477
2024-01-03T11:06:00,BTC,22334.9338
2024-01-03T11:06:01,BTC,22335.3367
2024-01-03T11:06:02,BTC,22328.4511
2024-01-03T11:06:03,BTC,22340.3063
2024-01-03T11:06:04,BTC,22321.305
2024-01-03T11:06:05,BTC,22318.366
2024-01-03T11:06:06,BTC,22317.6594
2024-01-03T11:06:07,BTC,22317.6931
2024-01-03T11:06:08,BTC,22312.3878
2024-01-03T11:06:09,BTC,22330.3597
2024-01-03T11:06:10,BTC,22319.9834
2024-01-03T11:06:11,BTC,22329.4022
2024-01-03T11:06:12,BTC,22318.3642
2024-01-03T11:06:13,BTC,22315.8199
2024-01-03T11:06:14,BTC,22315.1822
2024-01-03T11:06:15,BTC,22317.564
2024-01-03T11:06:16,BTC,22307.9927
2024-01-03T11:06:17,BTC,22314.8828
2024-01-03T11:06:18,BTC,22296.8447
2024-01-03T11:06:19,BTC,22287.0624
2024-01-03T11:06:20,BTC,22268.9598
2024-01-03T11:06:21,BTC,22262.4639
2024-01-03T11:06:22,BTC,22270.6507
2024-01-03T11:06:23,BTC,22258.2801
2024-01-03T11:06:24,BTC,22263.879
2024-01-03T11:06:25,BTC,22265.8178
2024-01-03T11:06:26,BTC,22273.1246
2024-01-03T11:06:27,BTC,22261.9204
2024-01-03T11:06:28,BTC,22252.7922
2024-01-03T11:06:29,BTC,22253.8701
2024-01-03T11:06:30,BTC,22265.3661
2024-01-03T11:06:31,BTC,22252.1663
2024-01-03T11:06:32,BTC,22262.0696
2024-01-03T11:06:33,BTC,22258.1707
2024-01-03T11:06:34,BTC,22268.2403
2024-01-03T11:06:35,BTC,22268.447
2024-01-03T11:06:36,BTC,22243.9455
2024-01-03T11:06:37,BTC,22251.2124
2024-01-03T11:06:38,BTC,22243.8867
2024-01-03T11:06:39,BTC,22241.5008
2024-01-03T11:06:40,BTC,22238.87
2024-01-03T11:06:41,BTC,22249.8047
2024-01-03T11:06:42,BTC,22245.2496
2024-01-03T11:06:43,BTC,22258.1316
2024-01-03T11:06:44,BTC,22251.3115
2024-01-03T11:06:45,BTC,22253.9106
2024-01-03T11:06:46,BTC,22237.4207
2024-01-03T11:06:47,BTC,22229.7529
2024-01-03T11:06:48,BTC,22218.8028
2024-01-03T11:06:49,BTC,22225.2178
2024-01-03T11:06:50,BTC,22223.1187
2024-01-03T11:06:51,BTC,22218.0679
2024-01-03T11:06:52,BTC,22212.874
2024-01-03T11:06:53,BTC,22224.5313
2024-01-03T11:06:54,BTC,22207.329
2024-01-03T11:06:55,BTC,22216.826
2024-01-03T11:06:56,BTC,22210.1209
2024-01-03T11:06:57,BTC,22206.1493
2024-01-03T11:06:58,BTC,22215.9761
2024-01-03T11:06:59,BTC,22222.8977
2024-01-03T11:07:00,BTC,22213.4514
2024-01-03T11:07:01,BTC,22218.1236
2024-01-03T11:07:02,BTC,22199.3533
2024-01-03T11:07:03,BTC,22192.0203
2024-01-03T11:07:04,BTC,22181.8517
2024-01-03T11:07:05,BTC,22167.0795
2024-01-03T11:07:06,BTC,22148.3868
2024-01-03T11:07:07,BTC,22144.0095
2024-01-03T11:07:08,BTC,22138.2849
2024-01-03T11:07:09,BTC,22125.8649
2024-01-03T11:07:10,BTC,22103.3389
2024-01-03T11:07:11,BTC,22101.073
2024-01-03T11:07:12,BTC,22109.9548
2024-01-03T11:07:13,BTC,22111.1548
2024-01-03T11:07:14,BTC,22123.1388
2024-01-03T11:07:15,BTC,22113.5139
2024-01-03T11:07:16,BTC,22120.7195
2024-01-03T11:07:17,BTC,22119.5135
2024-01-03T11:07:18,BTC,22122.5739
2024-01-03T11:07:19,BTC,22133.7724
2024-01-03T11:07:20,BTC,22144.9856
2024-01-03T11:07:21,BTC,22141.6177
2024-01-03T11:07:22,BTC,22141.1832
2024-01-03T11:07:23,BTC,22132.078
2024-01-03T11:07:24,BTC,22114.447
2024-01-03T11:07:25,BTC,22093.5323
2024-01-03T11:07:26,BTC,22100.3255
2024-01-03T11:07:27,BTC,22083.9547
2024-01-03T11:07:28,BTC,22046.7591
2024-01-03T11:07:29,BTC,22043.9509
2024-01-03T11:07:30,BTC,22040.567
2024-01-03T11:07:31,BTC,22029.9604
2024-01-03T11:07:32,BTC,22013.9068
2024-01-03T11:07:33,BTC,22019.3815
2024-01-03T11:07:34,BTC,22001.5654
2024-01-03T11:07:35,BTC,21998.4858
2024-01-03T11:07:36,BTC,22009.2708
2024-01-03T11:07:37,BTC,22003.5903
2024-01-03T11:07:38,BTC,22007.9494
2024-01-03T11:07:39,BTC,22003.7083
2024-01-03T11:07:40,BTC,21979.2798
2024-01-03T11:07:41,BTC,21999.3692
2024-01-03T11:07:42,BTC,21987.9844
2024-01-03T11:07:43,BTC,21975.9193
2024-01-03T11:07:44,BTC,21972.5151
2024-01-03T11:07:45,BTC,21973.7371
2024-01-03T11:07:46,BTC,21966.6916
2024-01-03T11:07:47,BTC,21967.5193
2024-01-03T11:07:48,BTC,21979.9476
2024-01-03T11:07:49,BTC,21993.1322
2024-01-03T11:07:50,BTC,21980.9638
2024-01-03T11:07:51,BTC,21963.0048
2024-01-03T11:07:52,BTC,21958.526
2024-01-03T11:07:53,BTC,21947.8867
2024-01-03T11:07:54,BTC,21958.0769
2024-01-03T11:07:55,BTC,21953.1814
2024-01-03T11:07:56,BTC,21957.5092
2024-01-03T11:07:57,BTC,21949.3061
2024-01-03T11:07:58,BTC,21946.4631
2024-01-03T11:07:59,BTC,21951.3188
2024-01-03T11:08:00,BTC,21938.5372
2024-01-03T11:08:01,BTC,21945.5951
2024-01-03T11:08:02,BTC,21937.8279
2024-01-03T11:08:03,BTC,21937.8831
2024-01-03T11:08:04,BTC,21933.5427
2024-01-03T11:08:05,BTC,21935.8941
2024-01-03T11:08:06,BTC,21925.9873
2024-01-03T11:08:07,BTC,21934.9987
2024-01-03T11:08:08,BTC,21929.1875
2024-01-03T11:08:09,BTC,21915.7747
2024-01-03T11:08:10,BTC,21936.7732
2024-01-03T11:08:11,BTC,21935.6555
2024-01-03T11:08:12,BTC,21923.3855
2024-01-03T11:08:13,BTC,21913.9052
2024-01-03T11:08:14,BTC,21905.3936
2024-01-03T11:08:15,BTC,21906.3069
2024-01-03T11:08:16,BTC,21899.9953
2024-01-03T11:08:17,BTC,21892.8664
2024-01-03T11:08:18,BTC,21879.2456
2024-01-03T11:08:19,BTC,21870.1907
2024-01-03T11:08:20,BTC,21844.5771
2024-01-03T11:08:21,BTC,21849.5188
2024-01-03T11:08:22,BTC,21836.0948
2024-01-03T11:08:23,BTC,21851.5946
2024-01-03T11:08:24,BTC,21856.0504
2024-01-03T11:08:25,BTC,21862.8044
2024-01-03T11:08:26,BTC,21866.211
2024-01-03T11:08:27,BTC,21865.2924
2024-01-03T11:08:28,BTC,21858.4936
2024-01-03T11:08:29,BTC,21846.1411
2024-01-03T11:08:30,BTC,21822.157
2024-01-03T11:08:31,BTC,21843.0138
2024-01-03T11:08:32,BTC,21837.679
2024-01-03T11:08:33,BTC,21836.3294
2024-01-03T11:08:34,BTC,21826.1442
2024-01-03T11:08:35,BTC,21803.0552
2024-01-03T11:08:36,BTC,21806.1804
2024-01-03T11:08:37,BTC,21809.4042
2024-01-03T11:08:38,BTC,21819.5126
2024-01-03T11:08:39,BTC,21828.1209
2024-01-03T11:08:40,BTC,21833.1018
2024-01-03T11:08:41,BTC,21835.1685
2024-01-03T11:08:42,BTC,21814.6537
2024-01-03T11:08:43,BTC,21815.6987
2024-01-03T11:08:44,BTC,21799.1525
2024-01-03T11:08:45,BTC,21815.5385
2024-01-03T11:08:46,BTC,21811.7901
2024-01-03T11:08:47,BTC,21806.9212
2024-01-03T11:08:48,BTC,21789.1183
2024-01-03T11:08:49,BTC,21784.6989
2024-01-03T11:08:50,BTC,21789.7272
2024-01-03T11:08:51,BTC,21779.6881
2024-01-03T11:08:52,BTC,21761.9357
2024-01-03T11:08:53,BTC,21747.8658
2024-01-03T11:08:54,BTC,21732.0273
2024-01-03T11:08:55,BTC,21734.1616
2024-01-03T11:08:56,BTC,21750.512
2024-01-03T11:08:57,BTC,21746.6128
2024-01-03T11:08:58,BTC,21730.1573
2024-01-03T11:08:59,BTC,21738.7754
2024-01-03T11:09:00,BTC,21718.4104
2024-01-03T12:15:00,BTC,21717.0246
2024-01-03T12:15:01,BTC,21733.9394
2024-01-03T12:15:02,BTC,21726.4667
2024-01-03T12:15:03,BTC,21737.4925
2024-01-03T12:15:04,BTC,21715.8127
2024-01-03T12:15:05,BTC,21712.6218
2024-01-03T12:15:06,BTC,21714.0445
2024-01-03T12:15:07,BTC,21755.784
2024-01-03T12:15:08,BTC,21756.8303
2024-01-03T12:15:09,BTC,21762.2584
2024-01-03T12:15:10,BTC,21772.6581
2024-01-03T12:15:11,BTC,21773.7562
2024-01-03T12:15:12,BTC,21773.9891
2024-01-03T12:15:13,BTC,21770.08
2024-01-03T12:15:14,BTC,21793.74
2024-01-03T12:15:15,BTC,21790.6354
2024-01-03T12:15:16,BTC,21790.0097
2024-01-03T12:15:17,BTC,21820.6689
2024-01-03T12:15:18,BTC,21824.6245
2024-01-03T12:15:19,BTC,21840.9074
2024-01-03T12:15:20,BTC,21865.6195
2024-01-03T12:15:21,BTC,21860.9987
2024-01-03T12:15:22,BTC,21865.3193
2024-01-03T12:15:23,BTC,21883.4271
2024-01-03T12:15:24,BTC,21889.1246
2024-01-03T12:15:25,BTC,21893.3383
2024-01-03T12:15:26,BTC,21900.5399
2024-01-03T12:15:27,BTC,21921.151
2024-01-03T12:15:28,BTC,21917.1142
2024-01-03T12:15:29,BTC,21922.2713
2024-01-03T12:15:30,BTC,21929.3804
2024-01-03T12:15:31,BTC,21919.5537
2024-01-03T12:15:32,BTC,21918.126
2024-01-03T12:15:33,BTC,21930.2876
2024-01-03T12:15:34,BTC,21942.2554
2024-01-03T12:15:35,BTC,21950.0434
2024-01-03T12:15:36,BTC,21964.9307
2024-01-03T12:15:37,BTC,21969.7512
2024-01-03T12:15:38,BTC,21977.6381
2024-01-03T12:15:39,BTC,21991.8659
2024-01-03T12:15:40,BTC,22002.9216
2024-01-03T12:15:41,BTC,21996.3465
2024-01-03T12:15:42,BTC,21989.772
2024-01-03T12:15:43,BTC,21995.4672
2024-01-03T12:15:44,BTC,21991.5934
2024-01-03T12:15:45,BTC,22006.2217
2024-01-03T12:15:46,BTC,22019.1187
2024-01-03T12:15:47,BTC,22016.9403
2024-01-03T12:15:48,BTC,22034.9517
2024-01-03T12:15:49,BTC,22029.7896
2024-01-03T12:15:50,BTC,22044.9713
2024-01-03T12:15:51,BTC,22050.5615
2024-01-03T12:15:52,BTC,22051.4396
2024-01-03T12:15:53,BTC,22068.5177
2024-01-03T12:15:54,BTC,22074.1288
2024-01-03T12:15:55,BTC,22078.101
2024-01-03T12:15:56,BTC,22099.068
2024-01-03T12:15:57,BTC,22090.1692
2024-01-03T12:15:58,BTC,22097.6299
2024-01-03T12:15:59,BTC,22113.3531
2024-01-03T12:16:00,BTC,22136.083
2024-01-03T12:16:01,BTC,22136.3907
2024-01-03T12:16:02,BTC,22143.9683
2024-01-03T12:16:03,BTC,22141.9699
2024-01-03T12:16:04,BTC,22148.9989
2024-01-03T12:16:05,BTC,22130.9114
2024-01-03T12:16:06,BTC,22121.752
2024-01-03T12:16:07,BTC,22137.8289
2024-01-03T12:16:08,BTC,22140.7715
2024-01-03T12:16:09,BTC,22149.0016
2024-01-03T12:16:10,BTC,22169.7432
2024-01-03T12:16:11,BTC,22171.7918
2024-01-03T12:16:12,BTC,22176.7764
2024-01-03T12:16:13,BTC,22182.0439
2024-01-03T12:16:14,BTC,22190.921
2024-01-03T12:16:15,BTC,22198.9088
2024-01-03T12:16:16,BTC,22193.878
2024-01-03T12:16:17,BTC,22193.8778
2024-01-03T12:16:18,BTC,22180.9502
2024-01-03T12:16:19,BTC,22190.11
2024-01-03T12:16:20,BTC,22195.7261
2024-01-03T12:16:21,BTC,22178.1837
2024-01-03T12:16:22,BTC,22168.0958
2024-01-03T12:16:23,BTC,22165.1474
2024-01-03T12:16:24,BTC,22174.3493
2024-01-03T12:16:25,BTC,22178.3735
2024-01-03T12:16:26,BTC,22184.4373
2024-01-03T12:16:27,BTC,22177.0866
2024-01-03T12:16:28,BTC,22213.6888
2024-01-03T12:16:29,BTC,22226.886
2024-01-03T12:16:30,BTC,22220.6618
2024-01-03T12:16:31,BTC,22218.7411
2024-01-03T12:16:32,BTC,22216.7363
2024-01-03T12:16:33,BTC,22218.5911
2024-01-03T12:16:34,BTC,22227.7285
2024-01-03T12:16:35,BTC,22251.0415
2024-01-03T12:16:36,BTC,22272.3407
2024-01-03T12:16:37,BTC,22271.4963
2024-01-03T12:16:38,BTC,22264.6401
2024-01-03T12:16:39,BTC,22273.818
2024-01-03T12:16:40,BTC,22276.5136
2024-01-03T12:16:41,BTC,22291.4464
2024-01-03T12:16:42,BTC,22312.8912
2024-01-03T12:16:43,BTC,22317.5134
2024-01-03T12:16:44,BTC,22324.5648
2024-01-03T12:16:45,BTC,22333.4014
2024-01-03T12:16:46,BTC,22342.9346
2024-01-03T12:16:47,BTC,22331.9637
2024-01-03T12:16:48,BTC,22352.2914
2024-01-03T12:16:49,BTC,22352.2776
2024-01-03T12:16:50,BTC,22350.6592
2024-01-03T12:16:51,BTC,22343.0348
2024-01-03T12:16:52,BTC,22344.422
2024-01-03T12:16:53,BTC,22361.4314
2024-01-03T12:16:54,BTC,22383.7666
2024-01-03T12:16:55,BTC,22376.2661
2024-01-03T12:16:56,BTC,22396.8006
2024-01-03T12:16:57,BTC,22397.611
2024-01-03T12:16:58,BTC,22403.3065
2024-01-03T12:16:59,BTC,22398.8527
2024-01-03T12:17:00,BTC,22408.5384
2024-01-03T12:17:01,BTC,22419.1528
2024-01-03T12:17:02,BTC,22420.4066
2024-01-03T12:17:03,BTC,22427.8762
2024-01-03T12:17:04,BTC,22417.4439
2024-01-03T12:17:05,BTC,22421.7002
2024-01-03T12:17:06,BTC,22438.1053
2024-01-03T12:17:07,BTC,22441.807
2024-01-03T12:17:08,BTC,22454.9343
2024-01-03T12:17:09,BTC,22454.046
2024-01-03T12:17:10,BTC,22447.8466
2024-01-03T12:17:11,BTC,22456.4789
2024-01-03T12:17:12,BTC,22454.5706
2024-01-03T12:17:13,BTC,22462.7108
2024-01-03T12:17:14,BTC,22474.772
2024-01-03T12:17:15,BTC,22491.6258
2024-01-03T12:17:16,BTC,22482.6513
2024-01-03T12:17:17,BTC,22473.0914
2024-01-03T12:17:18,BTC,22486.8236
2024-01-03T12:17:19,BTC,22486.3069
2024-01-03T12:17:20,BTC,22495.1247
2024-01-03T12:17:21,BTC,22501.3389
2024-01-03T12:17:22,BTC,22526.2377
2024-01-03T12:17:23,BTC,22526.6872
2024-01-03T12:17:24,BTC,22530.0351
2024-01-03T12:17:25,BTC,22526.294
2024-01-03T12:17:26,BTC,22539.2004
2024-01-03T12:17:27,BTC,22532.5728
2024-01-03T12:17:28,BTC,22527.9953
2024-01-03T12:17:29,BTC,22538.8997
2024-01-03T12:17:30,BTC,22548.5096
2024-01-03T12:17:31,BTC,22554.0569
2024-01-03T12:17:32,BTC,22567.3949
2024-01-03T12:17:33,BTC,22583.9725
2024-01-03T12:17:34,BTC,22578.7857
2024-01-03T12:17:35,BTC,22585.1248
2024-01-03T12:17:36,BTC,22599.8103
2024-01-03T12:17:37,BTC,22610.3006
2024-01-03T12:17:38,BTC,22611.874
2024-01-03T12:17:39,BTC,22601.8778
2024-01-03T12:17:40,BTC,22606.2482
2024-01-03T12:17:41,BTC,22604.0509
2024-01-03T12:17:42,BTC,22594.9818
2024-01-03T12:17:43,BTC,22614.782
2024-01-03T12:17:44,BTC,22608.2003
2024-01-03T12:17:45,BTC,22604.1921
2024-01-03T12:17:46,BTC,22602.0523
2024-01-03T12:17:47,BTC,22603.3798
2024-01-03T12:17:48,BTC,22589.8071
2024-01-03T12:17:49,BTC,22582.3708
2024-01-03T12:17:50,BTC,22575.5108
2024-01-03T12:17:51,BTC,22576.6695
2024-01-03T12:17:52,BTC,22595.3189
2024-01-03T12:17:53,BTC,22613.3951
2024-01-03T12:17:54,BTC,22623.0692
2024-01-03T12:17:55,BTC,22625.9855
2024-01-03T12:17:56,BTC,22621.964
2024-01-03T12:17:57,BTC,22613.3608
2024-01-03T12:17:58,BTC,22612.1509
2024-01-03T12:17:59,BTC,22629.0553
2024-01-03T12:18:00,BTC,22653.5629
2024-01-03T12:18:01,BTC,22656.2913
2024-01-03T12:18:02,BTC,22666.8913
2024-01-03T12:18:03,BTC,22671.6455
2024-01-03T12:18:04,BTC,22683.5471
2024-01-03T12:18:05,BTC,22695.0668
2024-01-03T12:18:06,BTC,22710.7733
2024-01-03T12:18:07,BTC,22731.1554
2024-01-03T12:18:08,BTC,22738.5233
2024-01-03T12:18:09,BTC,22733.1181
2024-01-03T12:18:10,BTC,22723.7717
2024-01-03T12:18:11,BTC,22739.4728
2024-01-03T12:18:12,BTC,22732.9796
2024-01-03T12:18:13,BTC,22727.6116
2024-01-03T12:18:14,BTC,22725.8311
2024-01-03T12:18:15,BTC,22729.5981
2024-01-03T12:18:16,BTC,22743.1889
2024-01-03T12:18:17,BTC,22747.2436
2024-01-03T12:18:18,BTC,22758.3531
2024-01-03T12:18:19,BTC,22765.01
2024-01-03T12:18:20,BTC,22761.7485
2024-01-03T12:18:21,BTC,22773.5868
2024-01-03T12:18:22,BTC,22797.8539
2024-01-03T12:18:23,BTC,22790.8838
2024-01-03T12:18:24,BTC,22805.027
2024-01-03T12:18:25,BTC,22798.0614
2024-01-03T12:18:26,BTC,22788.9568
2024-01-03T12:18:27,BTC,22789.5873
2024-01-03T12:18:28,BTC,22780.3462
2024-01-03T12:18:29,BTC,22788.2965
2024-01-03T12:18:30,BTC,22803.7456
2024-01-03T12:18:31,BTC,22800.2171
2024-01-03T12:18:32,BTC,22798.4248
2024-01-03T12:18:33,BTC,22807.7865
2024-01-03T12:18:34,BTC,22824.0034
2024-01-03T12:18:35,BTC,22843.5458
2024-01-03T12:18:36,BTC,22841.4042
2024-01-03T12:18:37,BTC,22819.0853
2024-01-03T12:18:38,BTC,22820.8239
2024-01-03T12:18:39,BTC,22809.4212
2024-01-03T12:18:40,BTC,22817.2647
2024-01-03T12:18:41,BTC,22832.9173
2024-01-03T12:18:42,BTC,22843.6507
2024-01-03T12:18:43,BTC,22837.5296
2024-01-03T12:18:44,BTC,22821.0698
2024-01-03T12:18:45,BTC,22809.4413
2024-01-03T12:18:46,BTC,22816.6856
2024-01-03T12:18:47,BTC,22841.101
2024-01-03T12:18:48,BTC,22836.003
2024-01-03T12:18:49,BTC,22841.7002
2024-01-03T12:18:50,BTC,22827.1971
2024-01-03T12:18:51,BTC,22846.7209
2024-01-03T12:18:52,BTC,22863.4118
2024-01-03T12:18:53,BTC,22880.175
2024-01-03T12:18:54,BTC,22877.1046
2024-01-03T12:18:55,BTC,22874.0332
2024-01-03T12:18:56,BTC,22884.0046
2024-01-03T12:18:57,BTC,22897.5699
2024-01-03T12:18:58,BTC,22917.2321
2024-01-03T12:18:59,BTC,22924.8344
2024-01-03T12:19:00,BTC,22920.2048
2024-01-03T12:19:01,BTC,22926.1005
2024-01-03T12:19:02,BTC,22935.5915
2024-01-03T12:19:03,BTC,22933.0484
2024-01-03T12:19:04,BTC,22948.7315
2024-01-03T12:19:05,BTC,22957.7531
2024-01-03T12:19:06,BTC,22956.1802
2024-01-03T12:19:07,BTC,22975.8408
2024-01-03T12:19:08,BTC,22987.4769
2024-01-03T12:19:09,BTC,22983.392
2024-01-03T12:19:10,BTC,22982.6767
2024-01-03T12:19:11,BTC,22993.0615
2024-01-03T12:19:12,BTC,23010.4626
2024-01-03T12:19:13,BTC,23013.896
2024-01-03T12:19:14,BTC,23022.5809
2024-01-03T12:19:15,BTC,23026.0224
2024-01-03T12:19:16,BTC,23037.3204
2024-01-03T12:19:17,BTC,23040.9381
2024-01-03T12:19:18,BTC,23046.3482
2024-01-03T12:19:19,BTC,23058.6807
2024-01-03T12:19:20,BTC,23069.1254
2024-01-03T12:19:21,BTC,23071.0976
2024-01-03T12:19:22,BTC,23064.9651
2024-01-03T12:19:23,BTC,23080.6077
2024-01-03T12:19:24,BTC,23069.4367
2024-01-03T12:19:25,BTC,23066.7704
2024-01-03T12:19:26,BTC,23049.0105
2024-01-03T12:19:27,BTC,23033.6424
2024-01-03T12:19:28,BTC,23046.9711
2024-01-03T12:19:29,BTC,23057.8446
2024-01-03T12:19:30,BTC,23072.7118
2024-01-03T12:19:31,BTC,23077.7067
2024-01-03T12:19:32,BTC,23081.3213
2024-01-03T12:19:33,BTC,23071.0394
2024-01-03T12:19:34,BTC,23073.8422
2024-01-03T12:19:35,BTC,23073.063
2024-01-03T12:19:36,BTC,23081.3071
2024-01-03T12:19:37,BTC,23082.4497
2024-01-03T12:19:38,BTC,23084.9256
2024-01-03T12:19:39,BTC,23100.199
2024-01-03T12:19:40,BTC,23112.3876
2024-01-03T12:19:41,BTC,23124.1831
2024-01-03T12:19:42,BTC,23126.4962
2024-01-03T12:19:43,BTC,23137.3157
2024-01-03T12:19:44,BTC,23145.6286
2024-01-03T12:19:45,BTC,23165.9813
2024-01-03T12:19:46,BTC,23158.4851
2024-01-03T12:19:47,BTC,23146.878
2024-01-03T12:19:48,BTC,23172.8901
2024-01-03T12:19:49,BTC,23162.9709
2024-01-03T12:19:50,BTC,23154.3182
2024-01-03T12:19:51,BTC,23171.7146
2024-01-03T12:19:52,BTC,23166.2844
2024-01-03T12:19:53,BTC,23155.5974
2024-01-03T12:19:54,BTC,23182.6131
2024-01-03T12:19:55,BTC,23176.4233
2024-01-03T12:19:56,BTC,23189.8028
2024-01-03T12:19:57,BTC,23197.9955
2024-01-03T12:19:58,BTC,23206.4691
2024-01-03T12:19:59,BTC,23214.0247
2024-01-03T12:20:00,BTC,23232.2922
2024-01-03T12:20:01,BTC,23237.1459
2024-01-03T12:20:02,BTC,23236.6573
2024-01-03T12:20:03,BTC,23246.0315
2024-01-03T12:20:04,BTC,23237.5037
2024-01-03T12:20:05,BTC,23244.9053
2024-01-03T12:20:06,BTC,23252.7204
2024-01-03T12:20:07,BTC,23251.0138
2024-01-03T12:20:08,BTC,23250.1518
2024-01-03T12:20:09,BTC,23259.5603
2024-01-03T12:20:10,BTC,23257.3907
2024-01-03T12:20:11,BTC,23237.8925
2024-01-03T12:20:12,BTC,23242.1852
2024-01-03T12:20:13,BTC,23248.5331
2024-01-03T12:20:14,BTC,23245.939
2024-01-03T12:20:15,BTC,23272.6633
2024-01-03T12:20:16,BTC,23270.741
2024-01-03T12:20:17,BTC,23284.7935
2024-01-03T12:20:18,BTC,23272.932
2024-01-03T12:20:19,BTC,23294.3626
2024-01-03T12:20:20,BTC,23277.7292
2024-01-03T12:20:21,BTC,23258.1208
2024-01-03T12:20:22,BTC,23263.0776
2024-01-03T12:20:23,BTC,23269.4301
2024-01-03T12:20:24,BTC,23274.4358
2024-01-03T12:20:25,BTC,23281.4391
2024-01-03T12:20:26,BTC,23293.5515
2024-01-03T12:20:27,BTC,23288.4172
2024-01-03T12:20:28,BTC,23305.9251
2024-01-03T12:20:29,BTC,23303.8594
2024-01-03T12:20:30,BTC,23291.3679
2024-01-03T12:20:31,BTC,23296.438
2024-01-03T12:20:32,BTC,23293.5456
2024-01-03T12:20:33,BTC,23298.6963
2024-01-03T12:20:34,BTC,23324.7455
2024-01-03T12:20:35,BTC,23331.3076
2024-01-03T12:20:36,BTC,23333.5783
2024-01-03T12:20:37,BTC,23340.8321
2024-01-03T12:20:38,BTC,23350.1684
2024-01-03T12:20:39,BTC,23346.3339
2024-01-03T12:20:40,BTC,23343.3528
2024-01-03T12:20:41,BTC,23361.0607
2024-01-03T12:20:42,BTC,23387.7299
2024-01-03T12:20:43,BTC,23387.033
2024-01-03T12:20:44,BTC,23359.5404
2024-01-03T12:20:45,BTC,23365.6008
2024-01-03T12:20:46,BTC,23367.2871
2024-01-03T12:20:47,BTC,23384.7589
2024-01-03T12:20:48,BTC,23398.1594
2024-01-03T12:20:49,BTC,23416.8645
2024-01-03T12:20:50,BTC,23419.7575
2024-01-03T12:20:51,BTC,23409.5701
2024-01-03T12:20:52,BTC,23403.1727
2024-01-03T12:20:53,BTC,23403.6537
2024-01-03T12:20:54,BTC,23420.4002
2024-01-03T12:20:55,BTC,23414.5511
2024-01-03T12:20:56,BTC,23443.9861
2024-01-03T12:20:57,BTC,23454.8998
2024-01-03T12:20:58,BTC,23433.4736
2024-01-03T12:20:59,BTC,23463.0744
2024-01-03T12:21:00,BTC,23471.4589
2024-01-03T13:22:00,BTC,23480.1615
2024-01-03T13:22:01,BTC,23468.9968
2024-01-03T13:22:02,BTC,23450.4854
2024-01-03T13:22:03,BTC,23443.426
2024-01-03T13:22:04,BTC,23454.6425
2024-01-03T13:22:05,BTC,23428.5905
2024-01-03T13:22:06,BTC,23414.6904
2024-01-03T13:22:07,BTC,23398.5922
2024-01-03T13:22:08,BTC,23401.6883
2024-01-03T13:22:09,BTC,23410.0751
2024-01-03T13:22:10,BTC,23398.8296
2024-01-03T13:22:11,BTC,23395.2816
2024-01-03T13:22:12,BTC,23374.966
2024-01-03T13:22:13,BTC,23380.4504
2024-01-03T13:22:14,BTC,23353.2177
2024-01-03T13:22:15,BTC,23339.3493
2024-01-03T13:22:16,BTC,23331.2925
2024-01-03T13:22:17,BTC,23326.4089
2024-01-03T13:22:18,BTC,23348.395
2024-01-03T13:22:19,BTC,23350.4143
2024-01-03T13:22:20,BTC,23341.9792
2024-01-03T13:22:21,BTC,23353.606
2024-01-03T13:22:22,BTC,23363.7786
2024-01-03T13:22:23,BTC,23362.3011
2024-01-03T13:22:24,BTC,23354.5739
2024-01-03T13:22:25,BTC,23377.7031
2024-01-03T13:22:26,BTC,23358.0916
2024-01-03T13:22:27,BTC,23358.0572
2024-01-03T13:22:28,BTC,23353.9832
2024-01-03T13:22:29,BTC,23345.7688
2024-01-03T13:22:30,BTC,23341.2507
2024-01-03T13:22:31,BTC,23326.7523
2024-01-03T13:22:32,BTC,23314.7561
2024-01-03T13:22:33,BTC,23308.3145
2024-01-03T13:22:34,BTC,23291.8883
2024-01-03T13:22:35,BTC,23296.0726
2024-01-03T13:22:36,BTC,23297.6717
2024-01-03T13:22:37,BTC,23285.3155
2024-01-03T13:22:38,BTC,23270.3678
2024-01-03T13:22:39,BTC,23262.2697
2024-01-03T13:22:40,BTC,23240.2619
2024-01-03T13:22:41,BTC,23230.4309
2024-01-03T13:22:42,BTC,23218.6359
2024-01-03T13:22:43,BTC,23217.1554
2024-01-03T13:22:44,BTC,23223.05
2024-01-03T13:22:45,BTC,23223.8383
2024-01-03T13:22:46,BTC,23228.2815
2024-01-03T13:22:47,BTC,23212.7901
2024-01-03T13:22:48,BTC,23213.2831
2024-01-03T13:22:49,BTC,23187.5921
2024-01-03T13:22:50,BTC,23169.8244
2024-01-03T13:22:51,BTC,23173.5569
2024-01-03T13:22:52,BTC,23162.3865
2024-01-03T13:22:53,BTC,23145.9294
2024-01-03T13:22:54,BTC,23127.9636
2024-01-03T13:22:55,BTC,23115.5428
2024-01-03T13:22:56,BTC,23109.9244
2024-01-03T13:22:57,BTC,23122.3869
2024-01-03T13:22:58,BTC,23106.9374
2024-01-03T13:22:59,BTC,23092.9767
2024-01-03T13:23:00,BTC,23097.4967
2024-01-03T13:23:01,BTC,23088.7542
2024-01-03T13:23:02,BTC,23068.5166
2024-01-03T13:23:03,BTC,23068.8354
2024-01-03T13:23:04,BTC,23038.4031
2024-01-03T13:23:05,BTC,23032.7141
2024-01-03T13:23:06,BTC,23020.4193
2024-01-03T13:23:07,BTC,23033.2758
2024-01-03T13:23:08,BTC,23044.7212
2024-01-03T13:23:09,BTC,23035.1153
2024-01-03T13:23:10,BTC,23014.0696
2024-01-03T13:23:11,BTC,23019.838
2024-01-03T13:23:12,BTC,23010.6732
2024-01-03T13:23:13,BTC,23006.4761
2024-01-03T13:23:14,BTC,23002.9277
2024-01-03T13:23:15,BTC,22980.5078
2024-01-03T13:23:16,BTC,22987.274
2024-01-03T13:23:17,BTC,22998.9969
2024-01-03T13:23:18,BTC,22980.4085
2024-01-03T13:23:19,BTC,22972.7736
2024-01-03T13:23:20,BTC,22961.4895
2024-01-03T13:23:21,BTC,22963.3615
2024-01-03T13:23:22,BTC,22948.8499
2024-01-03T13:23:23,BTC,22945.037
2024-01-03T13:23:24,BTC,22939.923
2024-01-03T13:23:25,BTC,22938.914
2024-01-03T13:23:26,BTC,22942.4687
2024-01-03T13:23:27,BTC,22931.0462
2024-01-03T13:23:28,BTC,22918.9206
2024-01-03T13:23:29,BTC,22907.3568
2024-01-03T13:23:30,BTC,22906.306
2024-01-03T13:23:31,BTC,22920.2909
2024-01-03T13:23:32,BTC,22904.8199
2024-01-03T13:23:33,BTC,22907.5106
2024-01-03T13:23:34,BTC,22922.3084
2024-01-03T13:23:35,BTC,22908.41
2024-01-03T13:23:36,BTC,22882.4579
2024-01-03T13:23:37,BTC,22884.3347
2024-01-03T13:23:38,BTC,22896.3299
2024-01-03T13:23:39,BTC,22882.3464
2024-01-03T13:23:40,BTC,22881.5483
2024-01-03T13:23:41,BTC,22886.5012
2024-01-03T13:23:42,BTC,22876.5256
2024-01-03T13:23:43,BTC,22858.8609
2024-01-03T13:23:44,BTC,22890.0038
2024-01-03T13:23:45,BTC,22856.8175
2024-01-03T13:23:46,BTC,22861.6686
2024-01-03T13:23:47,BTC,22856.3895
2024-01-03T13:23:48,BTC,22842.5519
2024-01-03T13:23:49,BTC,22839.7989
2024-01-03T13:23:50,BTC,22825.7997
2024-01-03T13:23:51,BTC,22823.2991
2024-01-03T13:23:52,BTC,22827.6241
2024-01-03T13:23:53,BTC,22836.0423
2024-01-03T13:23:54,BTC,22823.6801
2024-01-03T13:23:55,BTC,22828.4937
2024-01-03T13:23:56,BTC,22816.3619
2024-01-03T13:23:57,BTC,22812.3925
2024-01-03T13:23:58,BTC,22793.431
2024-01-03T13:23:59,BTC,22788.9514
2024-01-03T13:24:00,BTC,22764.1589
2024-01-03T13:24:01,BTC,22756.5919
2024-01-03T13:24:02,BTC,22741.798
2024-01-03T13:24:03,BTC,22737.2339
2024-01-03T13:24:04,BTC,22720.6549
2024-01-03T13:24:05,BTC,22723.6631
2024-01-03T13:24:06,BTC,22736.2607
2024-01-03T13:24:07,BTC,22745.122
2024-01-03T13:24:08,BTC,22740.3858
2024-01-03T13:24:09,BTC,22724.9752
2024-01-03T13:24:10,BTC,22722.4102
2024-01-03T13:24:11,BTC,22714.9533
2024-01-03T13:24:12,BTC,22717.4345
2024-01-03T13:24:13,BTC,22702.778
2024-01-03T13:24:14,BTC,22713.2632
2024-01-03T13:24:15,BTC,22736.8171
2024-01-03T13:24:16,BTC,22731.8979
2024-01-03T13:24:17,BTC,22753.4657
2024-01-03T13:24:18,BTC,22748.8975
2024-01-03T13:24:19,BTC,22735.7339
2024-01-03T13:24:20,BTC,22734.9289
2024-01-03T13:24:21,BTC,22746.4653
2024-01-03T13:24:22,BTC,22761.3891
2024-01-03T13:24:23,BTC,22724.6239
2024-01-03T13:24:24,BTC,22709.3102
2024-01-03T13:24:25,BTC,22692.2379
2024-01-03T13:24:26,BTC,22668.2157
2024-01-03T13:24:27,BTC,22653.6691
2024-01-03T13:24:28,BTC,22645.7855
2024-01-03T13:24:29,BTC,22627.2869
2024-01-03T13:24:30,BTC,22613.2371
2024-01-03T13:24:31,BTC,22599.9324
2024-01-03T13:24:32,BTC,22609.8462
2024-01-03T13:24:33,BTC,22605.362
2024-01-03T13:24:34,BTC,22594.4754
2024-01-03T13:24:35,BTC,22587.4985
2024-01-03T13:24:36,BTC,22599.6087
2024-01-03T13:24:37,BTC,22596.98
2024-01-03T13:24:38,BTC,22609.1631
2024-01-03T13:24:39,BTC,22615.9694
2024-01-03T13:24:40,BTC,22578.8613
2024-01-03T13:24:41,BTC,22561.9824
2024-01-03T13:24:42,BTC,22543.6011
2024-01-03T13:24:43,BTC,22562.1337
2024-01-03T13:24:44,BTC,22550.007
2024-01-03T13:24:45,BTC,22551.9469
2024-01-03T13:24:46,BTC,22527.8219
2024-01-03T13:24:47,BTC,22523.448
2024-01-03T13:24:48,BTC,22538.7688
2024-01-03T13:24:49,BTC,22509.7968
2024-01-03T13:24:50,BTC,22526.4955
2024-01-03T13:24:51,BTC,22514.2162
2024-01-03T13:24:52,BTC,22511.2559
2024-01-03T13:24:53,BTC,22515.3697
2024-01-03T13:24:54,BTC,22497.1625
2024-01-03T13:24:55,BTC,22507.5434
2024-01-03T13:24:56,BTC,22484.8686
2024-01-03T13:24:57,BTC,22471.327
2024-01-03T13:24:58,BTC,22472.9131
2024-01-03T13:24:59,BTC,22459.2461
2024-01-03T13:25:00,BTC,22479.0622
2024-01-03T13:25:01,BTC,22469.0747
2024-01-03T13:25:02,BTC,22449.1464
2024-01-03T13:25:03,BTC,22434.5465
2024-01-03T13:25:04,BTC,22431.8162
2024-01-03T13:25:05,BTC,22416.8242
2024-01-03T13:25:06,BTC,22405.1734
2024-01-03T13:25:07,BTC,22413.7227
2024-01-03T13:25:08,BTC,22405.3654
2024-01-03T13:25:09,BTC,22382.4817
2024-01-03T13:25:10,BTC,22376.8896
2024-01-03T13:25:11,BTC,22373.2805
2024-01-03T13:25:12,BTC,22353.5383
2024-01-03T13:25:13,BTC,22342.1191
2024-01-03T13:25:14,BTC,22316.2027
2024-01-03T13:25:15,BTC,22306.4638
2024-01-03T13:25:16,BTC,22280.4429
2024-01-03T13:25:17,BTC,22273.8007
2024-01-03T13:25:18,BTC,22245.4769
2024-01-03T13:25:19,BTC,22217.9679
2024-01-03T13:25:20,BTC,22201.8827
2024-01-03T13:25:21,BTC,22195.4356
2024-01-03T13:25:22,BTC,22185.4303
2024-01-03T13:25:23,BTC,22180.8857
2024-01-03T13:25:24,BTC,22170.5232
2024-01-03T13:25:25,BTC,22162.176
2024-01-03T13:25:26,BTC,22153.2355
2024-01-03T13:25:27,BTC,22146.4232
2024-01-03T13:25:28,BTC,22143.4383
2024-01-03T13:25:29,BTC,22126.0215
2024-01-03T13:25:30,BTC,22128.6252
2024-01-03T13:25:31,BTC,22119.3368
2024-01-03T13:25:32,BTC,22122.8619
2024-01-03T13:25:33,BTC,22100.9834
2024-01-03T13:25:34,BTC,22077.5901
2024-01-03T13:25:35,BTC,22054.1377
2024-01-03T13:25:36,BTC,22067.4353
2024-01-03T13:25:37,BTC,22085.5765
2024-01-03T13:25:38,BTC,22052.5154
2024-01-03T13:25:39,BTC,22041.1612
2024-01-03T13:25:40,BTC,22037.6153
2024-01-03T13:25:41,BTC,22044.3236
2024-01-03T13:25:42,BTC,22055.0743
2024-01-03T13:25:43,BTC,22051.839
2024-01-03T13:25:44,BTC,22052.4932
2024-01-03T13:25:45,BTC,22038.6951
2024-01-03T13:25:46,BTC,22049.0557
2024-01-03T13:25:47,BTC,22043.8765
2024-01-03T13:25:48,BTC,22054.1761
2024-01-03T13:25:49,BTC,22046.0104
2024-01-03T13:25:50,BTC,22045.0982
2024-01-03T13:25:51,BTC,22035.3782
2024-01-03T13:25:52,BTC,22036.6019
2024-01-03T13:25:53,BTC,22038.3654
2024-01-03T13:25:54,BTC,22026.6709
2024-01-03T13:25:55,BTC,22008.3647
2024-01-03T13:25:56,BTC,22005.5457
2024-01-03T13:25:57,BTC,22009.2945
2024-01-03T13:25:58,BTC,22001.1619
2024-01-03T13:25:59,BTC,21977.2121
2024-01-03T13:26:00,BTC,21964.1486
2024-01-03T13:26:01,BTC,21964.0432
2024-01-03T13:26:02,BTC,21962.7638
2024-01-03T13:26:03,BTC,21949.8006
2024-01-03T13:26:04,BTC,21950.1292
2024-01-03T13:26:05,BTC,21954.5126
2024-01-03T13:26:06,BTC,21946.0007
2024-01-03T13:26:07,BTC,21934.9021
2024-01-03T13:26:08,BTC,21926.707
2024-01-03T13:26:09,BTC,21919.5148
2024-01-03T13:26:10,BTC,21935.5647
2024-01-03T13:26:11,BTC,21935.2234
2024-01-03T13:26:12,BTC,21925.4752
2024-01-03T13:26:13,BTC,21912.3169
2024-01-03T13:26:14,BTC,21901.6354
2024-01-03T13:26:15,BTC,21910.6393
2024-01-03T13:26:16,BTC,21906.9217
2024-01-03T13:26:17,BTC,21914.4
2024-01-03T13:26:18,BTC,21914.9267
2024-01-03T13:26:19,BTC,21906.238
2024-01-03T13:26:20,BTC,21896.6533
2024-01-03T13:26:21,BTC,21910.6437
2024-01-03T13:26:22,BTC,21901.8418
2024-01-03T13:26:23,BTC,21900.9712
2024-01-03T13:26:24,BTC,21890.0356
2024-01-03T13:26:25,BTC,21905.3581
2024-01-03T13:26:26,BTC,21924.6327
2024-01-03T13:26:27,BTC,21915.6873
2024-01-03T13:26:28,BTC,21927.2378
2024-01-03T13:26:29,BTC,21906.0027
2024-01-03T13:26:30,BTC,21912.9193
2024-01-03T13:26:31,BTC,21929.1416
2024-01-03T13:26:32,BTC,21919.0202
2024-01-03T13:26:33,BTC,21925.725
2024-01-03T13:26:34,BTC,21918.5992
2024-01-03T13:26:35,BTC,21920.0372
2024-01-03T13:26:36,BTC,21929.2038
2024-01-03T13:26:37,BTC,21927.0286
2024-01-03T13:26:38,BTC,21924.3736
2024-01-03T13:26:39,BTC,21906.9491
2024-01-03T13:26:40,BTC,21918.0231
2024-01-03T13:26:41,BTC,21927.3468
2024-01-03T13:26:42,BTC,21919.8248
2024-01-03T13:26:43,BTC,21917.6862
2024-01-03T13:26:44,BTC,21915.129
2024-01-03T13:26:45,BTC,21921.0074
2024-01-03T13:26:46,BTC,21907.1327
2024-01-03T13:26:47,BTC,21896.1718
2024-01-03T13:26:48,BTC,21878.5063
2024-01-03T13:26:49,BTC,21868.372
2024-01-03T13:26:50,BTC,21867.6399
2024-01-03T13:26:51,BTC,21849.5827
2024-01-03T13:26:52,BTC,21866.1573
2024-01-03T13:26:53,BTC,21853.7072
2024-01-03T13:26:54,BTC,21860.6332
2024-01-03T13:26:55,BTC,21854.2036
2024-01-03T13:26:56,BTC,21865.2245
2024-01-03T13:26:57,BTC,21872.7816
2024-01-03T13:26:58,BTC,21866.4286
2024-01-03T13:26:59,BTC,21859.8901
2024-01-03T13:27:00,BTC,21865.0247
2024-01-03T13:27:01,BTC,21859.6552
2024-01-03T13:27:02,BTC,21849.955
2024-01-03T13:27:03,BTC,21849.017
2024-01-03T13:27:04,BTC,21843.6479
2024-01-03T13:27:05,BTC,21853.0095
2024-01-03T13:27:06,BTC,21860.4771
2024-01-03T13:27:07,BTC,21867.4456
2024-01-03T13:27:08,BTC,21866.7249
2024-01-03T13:27:09,BTC,21863.3269
2024-01-03T13:27:10,BTC,21864.4559
2024-01-03T13:27:11,BTC,21861.1561
2024-01-03T13:27:12,BTC,21862.9786
2024-01-03T13:27:13,BTC,21847.2125
2024-01-03T13:27:14,BTC,21826.6352
2024-01-03T13:27:15,BTC,21826.3752
2024-01-03T13:27:16,BTC,21809.8823
2024-01-03T13:27:17,BTC,21796.7056
2024-01-03T13:27:18,BTC,21787.077
2024-01-03T13:27:19,BTC,21799.4784
2024-01-03T13:27:20,BTC,21789.437
2024-01-03T13:27:21,BTC,21787.0102
2024-01-03T13:27:22,BTC,21784.4927
2024-01-03T13:27:23,BTC,21780.8808
2024-01-03T13:27:24,BTC,21766.4244
2024-01-03T13:27:25,BTC,21756.746
2024-01-03T13:27:26,BTC,21736.4225
2024-01-03T13:27:27,BTC,21720.0371
2024-01-03T13:27:28,BTC,21703.8018
2024-01-03T13:27:29,BTC,21701.6061
2024-01-03T13:27:30,BTC,21678.2748
2024-01-03T13:27:31,BTC,21683.6658
2024-01-03T13:27:32,BTC,21687.2458
2024-01-03T13:27:33,BTC,21668.9898
2024-01-03T13:27:34,BTC,21666.2985
2024-01-03T13:27:35,BTC,21646.3036
2024-01-03T13:27:36,BTC,21648.9342
2024-01-03T13:27:37,BTC,21650.9897
2024-01-03T13:27:38,BTC,21654.3244
2024-01-03T13:27:39,BTC,21645.9938
2024-01-03T13:27:40,BTC,21646.7841
2024-01-03T13:27:41,BTC,21642.1216
2024-01-03T13:27:42,BTC,21657.1727
2024-01-03T13:27:43,BTC,21653.4971
2024-01-03T13:27:44,BTC,21647.1042
2024-01-03T13:27:45,BTC,21618.8013
2024-01-03T13:27:46,BTC,21622.7003
2024-01-03T13:27:47,BTC,21610.9051
2024-01-03T13:27:48,BTC,21614.3301
2024-01-03T13:27:49,BTC,21599.1639
2024-01-03T13:27:50,BTC,21589.1255
2024-01-03T13:27:51,BTC,21604.4965
2024-01-03T13:27:52,BTC,21598.0858
2024-01-03T13:27:53,BTC,21606.5662
2024-01-03T13:27:54,BTC,21585.2104
2024-01-03T13:27:55,BTC,21573.4563
2024-01-03T13:27:56,BTC,21569.2866
2024-01-03T13:27:57,BTC,21558.6768
2024-01-03T13:27:58,BTC,21580.2522
2024-01-03T13:27:59,BTC,21582.1149
2024-01-03T13:28:00,BTC,21579.4006
2024-01-03T13:44:00,BTC,21590.7565
2024-01-03T13:44:01,BTC,21589.8932
2024-01-03T13:44:02,BTC,21593.7397
2024-01-03T13:44:03,BTC,21607.2148
2024-01-03T13:44:04,BTC,21601.9097
2024-01-03T13:44:05,BTC,21610.4138
2024-01-03T13:44:06,BTC,21626.4104
2024-01-03T13:44:07,BTC,21635.5767
2024-01-03T13:44:08,BTC,21624.7417
2024-01-03T13:44:09,BTC,21638.9676
2024-01-03T13:44:10,BTC,21648.9459
2024-01-03T13:44:11,BTC,21661.3739
2024-01-03T13:44:12,BTC,21649.0781
2024-01-03T13:44:13,BTC,21649.4873
2024-01-03T13:44:14,BTC,21653.0345
2024-01-03T13:44:15,BTC,21668.3306
2024-01-03T13:44:16,BTC,21679.9309
2024-01-03T13:44:17,BTC,21673.5722
2024-01-03T13:44:18,BTC,21671.2004
2024-01-03T13:44:19,BTC,21681.1314
2024-01-03T13:44:20,BTC,21690.9564
2024-01-03T13:44:21,BTC,21676.6554
2024-01-03T13:44:22,BTC,21684.5236
2024-01-03T13:44:23,BTC,21697.5264
2024-01-03T13:44:24,BTC,21704.8091
2024-01-03T13:44:25,BTC,21703.8724
2024-01-03T13:44:26,BTC,21707.709
2024-01-03T13:44:27,BTC,21725.5654
2024-01-03T13:44:28,BTC,21736.6846
2024-01-03T13:44:29,BTC,21741.3567
2024-01-03T13:44:30,BTC,21734.3107
2024-01-03T13:44:31,BTC,21726.3894
2024-01-03T13:44:32,BTC,21719.2533
2024-01-03T13:44:33,BTC,21720.8069
2024-01-03T13:44:34,BTC,21727.9104
2024-01-03T13:44:35,BTC,21730.2367
2024-01-03T13:44:36,BTC,21730.2688
2024-01-03T13:44:37,BTC,21745.2866
2024-01-03T13:44:38,BTC,21753.0031
2024-01-03T13:44:39,BTC,21747.64
2024-01-03T13:44:40,BTC,21731.4802
2024-01-03T13:44:41,BTC,21746.878
2024-01-03T13:44:42,BTC,21752.4907
2024-01-03T13:44:43,BTC,21772.2101
2024-01-03T13:44:44,BTC,21789.7072
2024-01-03T13:44:45,BTC,21793.697
2024-01-03T13:44:46,BTC,21813.9929
2024-01-03T13:44:47,BTC,21790.0858
2024-01-03T13:44:48,BTC,21788.4179
2024-01-03T13:44:49,BTC,21778.2302
2024-01-03T13:44:50,BTC,21774.963
2024-01-03T13:44:51,BTC,21780.9163
2024-01-03T13:44:52,BTC,21789.3781
2024-01-03T13:44:53,BTC,21808.168
2024-01-03T13:44:54,BTC,21811.3432
2024-01-03T13:44:55,BTC,21828.3814
2024-01-03T13:44:56,BTC,21816.9073
2024-01-03T13:44:57,BTC,21824.0961
2024-01-03T13:44:58,BTC,21836.9866
2024-01-03T13:44:59,BTC,21839.0729
2024-01-03T13:45:00,BTC,21844.838
2024-01-03T13:45:01,BTC,21846.1484
2024-01-03T13:45:02,BTC,21836.0183
2024-01-03T13:45:03,BTC,21852.18
2024-01-03T13:45:04,BTC,21857.0432
2024-01-03T13:45:05,BTC,21847.6069
2024-01-03T13:45:06,BTC,21851.2933
2024-01-03T13:45:07,BTC,21864.9972
2024-01-03T13:45:08,BTC,21868.7794
2024-01-03T13:45:09,BTC,21865.522
2024-01-03T13:45:10,BTC,21860.589
2024-01-03T13:45:11,BTC,21854.6072
2024-01-03T13:45:12,BTC,21875.4411
2024-01-03T13:45:13,BTC,21861.9042
2024-01-03T13:45:14,BTC,21870.3664
2024-01-03T13:45:15,BTC,21875.6388
2024-01-03T13:45:16,BTC,21882.7656
2024-01-03T13:45:17,BTC,21880.3084
2024-01-03T13:45:18,BTC,21896.2403
2024-01-03T13:45:19,BTC,21916.2542
2024-01-03T13:45:20,BTC,21914.2094
2024-01-03T13:45:21,BTC,21928.4362
2024-01-03T13:45:22,BTC,21935.6366
2024-01-03T13:45:23,BTC,21947.8481
2024-01-03T13:45:24,BTC,21947.4695
2024-01-03T13:45:25,BTC,21950.8256
2024-01-03T13:45:26,BTC,21953.4255
2024-01-03T13:45:27,BTC,21957.7417
2024-01-03T13:45:28,BTC,21971.2905
2024-01-03T13:45:29,BTC,21975.2673
2024-01-03T13:45:30,BTC,21987.4719
2024-01-03T13:45:31,BTC,22003.9775
2024-01-03T13:45:32,BTC,22013.7152
2024-01-03T13:45:33,BTC,22010.2051
2024-01-03T13:45:34,BTC,22005.8861
2024-01-03T13:45:35,BTC,22011.8977
2024-01-03T13:45:36,BTC,22020.3734
2024-01-03T13:45:37,BTC,22029.8716
2024-01-03T13:45:38,BTC,22032.2426
2024-01-03T13:45:39,BTC,22027.9708
2024-01-03T13:45:40,BTC,22032.032
2024-01-03T13:45:41,BTC,22031.0737
2024-01-03T13:45:42,BTC,22027.439
2024-01-03T13:45:43,BTC,22014.7023
2024-01-03T13:45:44,BTC,22019.5227
2024-01-03T13:45:45,BTC,22046.6867
2024-01-03T13:45:46,BTC,22059.1493
2024-01-03T13:45:47,BTC,22068.559
2024-01-03T13:45:48,BTC,22072.3089
2024-01-03T13:45:49,BTC,22063.4614
2024-01-03T13:45:50,BTC,22077.8795
2024-01-03T13:45:51,BTC,22057.6282
2024-01-03T13:45:52,BTC,22072.7178
2024-01-03T13:45:53,BTC,22046.2662
2024-01-03T13:45:54,BTC,22057.0618
2024-01-03T13:45:55,BTC,22056.0132
2024-01-03T13:45:56,BTC,22083.7331
2024-01-03T13:45:57,BTC,22076.969
2024-01-03T13:45:58,BTC,22068.039
2024-01-03T13:45:59,BTC,22062.9366
2024-01-03T13:46:00,BTC,22076.9159
2024-01-03T13:46:01,BTC,22087.8048
2024-01-03T13:46:02,BTC,22083.5872
2024-01-03T13:46:03,BTC,22105.2003
2024-01-03T13:46:04,BTC,22106.0574
2024-01-03T13:46:05,BTC,22096.0017
2024-01-03T13:46:06,BTC,22096.8231
2024-01-03T13:46:07,BTC,22112.0455
2024-01-03T13:46:08,BTC,22108.021
2024-01-03T13:46:09,BTC,22130.2909
2024-01-03T13:46:10,BTC,22141.8958
2024-01-03T13:46:11,BTC,22147.2872
2024-01-03T13:46:12,BTC,22146.5609
2024-01-03T13:46:13,BTC,22161.9739
2024-01-03T13:46:14,BTC,22171.0654
2024-01-03T13:46:15,BTC,22201.4285
2024-01-03T13:46:16,BTC,22211.395
2024-01-03T13:46:17,BTC,22196.5323
2024-01-03T13:46:18,BTC,22174.1072
2024-01-03T13:46:19,BTC,22180.4417
2024-01-03T13:46:20,BTC,22184.2481
2024-01-03T13:46:21,BTC,22183.2873
2024-01-03T13:46:22,BTC,22158.0591
2024-01-03T13:46:23,BTC,22163.2874
2024-01-03T13:46:24,BTC,22151.6367
2024-01-03T13:46:25,BTC,22131.0231
2024-01-03T13:46:26,BTC,22121.3208
2024-01-03T13:46:27,BTC,22131.305
2024-01-03T13:46:28,BTC,22132.3855
2024-01-03T13:46:29,BTC,22133.3717
2024-01-03T13:46:30,BTC,22130.3637
2024-01-03T13:46:31,BTC,22124.6336
2024-01-03T13:46:32,BTC,22145.73
2024-01-03T13:46:33,BTC,22156.7366
2024-01-03T13:46:34,BTC,22157.5902
2024-01-03T13:46:35,BTC,22147.0215
2024-01-03T13:46:36,BTC,22139.6879
2024-01-03T13:46:37,BTC,22135.7622
2024-01-03T13:46:38,BTC,22148.3945
2024-01-03T13:46:39,BTC,22169.1767
2024-01-03T13:46:40,BTC,22164.2898
2024-01-03T13:46:41,BTC,22175.2362
2024-01-03T13:46:42,BTC,22181.7738
2024-01-03T13:46:43,BTC,22190.2397
2024-01-03T13:46:44,BTC,22198.362
2024-01-03T13:46:45,BTC,22187.6925
2024-01-03T13:46:46,BTC,22193.9076
2024-01-03T13:46:47,BTC,22188.5477
2024-01-03T13:46:48,BTC,22201.4552
2024-01-03T13:46:49,BTC,22206.6324
2024-01-03T13:46:50,BTC,22206.3238
2024-01-03T13:46:51,BTC,22222.0108
2024-01-03T13:46:52,BTC,22215.0682
2024-01-03T13:46:53,BTC,22208.9192
2024-01-03T13:46:54,BTC,22219.0945
2024-01-03T13:46:55,BTC,22217.9039
2024-01-03T13:46:56,BTC,22197.9077
2024-01-03T13:46:57,BTC,22193.279
2024-01-03T13:46:58,BTC,22201.2611
2024-01-03T13:46:59,BTC,22211.6792
2024-01-03T13:47:00,BTC,22223.0087
2024-01-03T13:47:01,BTC,22222.2666
2024-01-03T13:47:02,BTC,22212.4699
2024-01-03T13:47:03,BTC,22195.6011
2024-01-03T13:47:04,BTC,22195.9314
2024-01-03T13:47:05,BTC,22207.4771
2024-01-03T13:47:06,BTC,22222.0202
2024-01-03T13:47:07,BTC,22207.94
2024-01-03T13:47:08,BTC,22228.0203
2024-01-03T13:47:09,BTC,22244.7611
2024-01-03T13:47:10,BTC,22250.4075
2024-01-03T13:47:11,BTC,22252.3871
2024-01-03T13:47:12,BTC,22266.7716
2024-01-03T13:47:13,BTC,22264.6634
2024-01-03T13:47:14,BTC,22287.5855
2024-01-03T13:47:15,BTC,22298.6822
2024-01-03T13:47:16,BTC,22316.3071
2024-01-03T13:47:17,BTC,22312.0003
2024-01-03T13:47:18,BTC,22320.7775
2024-01-03T13:47:19,BTC,22349.3894
2024-01-03T13:47:20,BTC,22339.2731
2024-01-03T13:47:21,BTC,22343.1482
2024-01-03T13:47:22,BTC,22364.3236
2024-01-03T13:47:23,BTC,22373.5104
2024-01-03T13:47:24,BTC,22379.317
2024-01-03T13:47:25,BTC,22378.8827
2024-01-03T13:47:26,BTC,22392.9306
2024-01-03T13:47:27,BTC,22412.2807
2024-01-03T13:47:28,BTC,22428.2873
2024-01-03T13:47:29,BTC,22436.8022
2024-01-03T13:47:30,BTC,22452.6637
2024-01-03T13:47:31,BTC,22453.9325
2024-01-03T13:47:32,BTC,22464.3042
2024-01-03T13:47:33,BTC,22470.7255
2024-01-03T13:47:34,BTC,22510.6461
2024-01-03T13:47:35,BTC,22532.2853
2024-01-03T13:47:36,BTC,22533.2402
2024-01-03T13:47:37,BTC,22549.8771
2024-01-03T13:47:38,BTC,22549.5484
2024-01-03T13:47:39,BTC,22568.0701
2024-01-03T13:47:40,BTC,22579.3215
2024-01-03T13:47:41,BTC,22584.2949
2024-01-03T13:47:42,BTC,22589.9007
2024-01-03T13:47:43,BTC,22601.9734
2024-01-03T13:47:44,BTC,22619.6784
2024-01-03T13:47:45,BTC,22606.6477
2024-01-03T13:47:46,BTC,22593.8549
2024-01-03T13:47:47,BTC,22585.4428
2024-01-03T13:47:48,BTC,22582.3265
2024-01-03T13:47:49,BTC,22577.1878
2024-01-03T13:47:50,BTC,22590.4064
2024-01-03T13:47:51,BTC,22593.1868
2024-01-03T13:47:52,BTC,22611.7176
2024-01-03T13:47:53,BTC,22622.2273
2024-01-03T13:47:54,BTC,22615.0072
2024-01-03T13:47:55,BTC,22612.0127
2024-01-03T13:47:56,BTC,22595.9104
2024-01-03T13:47:57,BTC,22594.5197
2024-01-03T13:47:58,BTC,22596.5812
2024-01-03T13:47:59,BTC,22620.5567
2024-01-03T13:48:00,BTC,22630.6542
2024-01-03T13:48:01,BTC,22639.0524
2024-01-03T13:48:02,BTC,22639.8904
2024-01-03T13:48:03,BTC,22643.9914
2024-01-03T13:48:04,BTC,22649.4205
2024-01-03T13:48:05,BTC,22662.1613
2024-01-03T13:48:06,BTC,22664.444
2024-01-03T13:48:07,BTC,22664.9681
2024-01-03T13:48:08,BTC,22680.0839
2024-01-03T13:48:09,BTC,22682.1643
2024-01-03T13:48:10,BTC,22701.2465
2024-01-03T13:48:11,BTC,22733.4014
2024-01-03T13:48:12,BTC,22754.0207
2024-01-03T13:48:13,BTC,22763.4559
2024-01-03T13:48:14,BTC,22776.0925
2024-01-03T13:48:15,BTC,22751.7816
2024-01-03T13:48:16,BTC,22750.782
2024-01-03T13:48:17,BTC,22754.5618
2024-01-03T13:48:18,BTC,22767.3486
2024-01-03T13:48:19,BTC,22762.2485
2024-01-03T13:48:20,BTC,22762.7765
2024-01-03T13:48:21,BTC,22781.1992
2024-01-03T13:48:22,BTC,22793.1577
2024-01-03T13:48:23,BTC,22800.6833
2024-01-03T13:48:24,BTC,22803.9272
2024-01-03T13:48:25,BTC,22815.4632
2024-01-03T13:48:26,BTC,22844.2156
2024-01-03T13:48:27,BTC,22847.9478
2024-01-03T13:48:28,BTC,22857.2623
2024-01-03T13:48:29,BTC,22879.7808
2024-01-03T13:48:30,BTC,22881.1159
2024-01-03T13:48:31,BTC,22886.0386
2024-01-03T13:48:32,BTC,22885.9178
2024-01-03T13:48:33,BTC,22871.2504
2024-01-03T13:48:34,BTC,22881.9192
2024-01-03T13:48:35,BTC,22910.5915
2024-01-03T13:48:36,BTC,22907.2318
2024-01-03T13:48:37,BTC,22918.7786
2024-01-03T13:48:38,BTC,22924.6979
2024-01-03T13:48:39,BTC,22928.3747
2024-01-03T13:48:40,BTC,22934.3791
2024-01-03T13:48:41,BTC,22946.0861
2024-01-03T13:48:42,BTC,22934.4122
2024-01-03T13:48:43,BTC,22949.5236
2024-01-03T13:48:44,BTC,22964.8988
2024-01-03T13:48:45,BTC,22973.5901
2024-01-03T13:48:46,BTC,22986.3258
2024-01-03T13:48:47,BTC,22987.5551
2024-01-03T13:48:48,BTC,22998.2947
2024-01-03T13:48:49,BTC,22997.0128
2024-01-03T13:48:50,BTC,23002.3381
2024-01-03T13:48:51,BTC,23003.5121
2024-01-03T13:48:52,BTC,23005.2504
2024-01-03T13:48:53,BTC,23007.9605
2024-01-03T13:48:54,BTC,23011.0885
2024-01-03T13:48:55,BTC,23027.5735
2024-01-03T13:48:56,BTC,23014.0121
2024-01-03T13:48:57,BTC,23001.9829
2024-01-03T13:48:58,BTC,23009.4576
2024-01-03T13:48:59,BTC,23025.4335
2024-01-03T13:49:00,BTC,23031.9916
2024-01-03T13:49:01,BTC,23033.8082
2024-01-03T13:49:02,BTC,23062.2388
2024-01-03T13:49:03,BTC,23068.1617
2024-01-03T13:49:04,BTC,23063.0139
2024-01-03T13:49:05,BTC,23065.4559
2024-01-03T13:49:06,BTC,23079.5436
2024-01-03T13:49:07,BTC,23083.7654
2024-01-03T13:49:08,BTC,23078.605
2024-01-03T13:49:09,BTC,23093.5655
2024-01-03T13:49:10,BTC,23101.3559
2024-01-03T13:49:11,BTC,23117.2146
2024-01-03T13:49:12,BTC,23121.4111
2024-01-03T13:49:13,BTC,23116.4251
2024-01-03T13:49:14,BTC,23126.9001
2024-01-03T13:49:15,BTC,23141.3736
2024-01-03T13:49:16,BTC,23171.9086
2024-01-03T13:49:17,BTC,23197.4821
2024-01-03T13:49:18,BTC,23209.2516
2024-01-03T13:49:19,BTC,23212.8507
2024-01-03T13:49:20,BTC,23194.9512
2024-01-03T13:49:21,BTC,23201.6569
2024-01-03T13:49:22,BTC,23203.3369
2024-01-03T13:49:23,BTC,23207.2467
2024-01-03T13:49:24,BTC,23204.4868
2024-01-03T13:49:25,BTC,23198.9734
2024-01-03T13:49:26,BTC,23181.7021
2024-01-03T13:49:27,BTC,23181.9532
2024-01-03T13:49:28,BTC,23178.8452
2024-01-03T13:49:29,BTC,23193.0267
2024-01-03T13:49:30,BTC,23193.1559
2024-01-03T13:49:31,BTC,23192.7523
2024-01-03T13:49:32,BTC,23193.6975
2024-01-03T13:49:33,BTC,23200.2825
2024-01-03T13:49:34,BTC,23206.6768
2024-01-03T13:49:35,BTC,23223.5801
2024-01-03T13:49:36,BTC,23221.4114
2024-01-03T13:49:37,BTC,23252.8565
2024-01-03T13:49:38,BTC,23250.1201
2024-01-03T13:49:39,BTC,23248.3739
2024-01-03T13:49:40,BTC,23276.4041
2024-01-03T13:49:41,BTC,23288.0093
2024-01-03T13:49:42,BTC,23281.773
2024-01-03T13:49:43,BTC,23281.2052
2024-01-03T13:49:44,BTC,23285.4419
2024-01-03T13:49:45,BTC,23288.9794
2024-01-03T13:49:46,BTC,23302.8154
2024-01-03T13:49:47,BTC,23300.3436
2024-01-03T13:49:48,BTC,23303.4734
2024-01-03T13:49:49,BTC,23303.9128
2024-01-03T13:49:50,BTC,23313.9518
2024-01-03T13:49:51,BTC,23330.6933
2024-01-03T13:49:52,BTC,23339.3073
2024-01-03T13:49:53,BTC,23337.3391
2024-01-03T13:49:54,BTC,23338.26
2024-01-03T13:49:55,BTC,23355.8297
2024-01-03T13:49:56,BTC,23366.9971
2024-01-03T13:49:57,BTC,23355.3836
2024-01-03T13:49:58,BTC,23345.8719
2024-01-03T13:49:59,BTC,23331.5453
2024-01-03T13:50:00,BTC,23337.7337
2024-01-03T15:14:00,BTC,23336.7619
2024-01-03T15:14:01,BTC,23334.0046
2024-01-03T15:14:02,BTC,23331.1565
2024-01-03T15:14:03,BTC,23348.8888
2024-01-03T15:14:04,BTC,23343.843
2024-01-03T15:14:05,BTC,23353.3023
2024-01-03T15:14:06,BTC,23365.6029
2024-01-03T15:14:07,BTC,23371.7703
2024-01-03T15:14:08,BTC,23375.3827
2024-01-03T15:14:09,BTC,23355.1476
2024-01-03T15:14:10,BTC,23352.4196
2024-01-03T15:14:11,BTC,23354.1046
2024-01-03T15:14:12,BTC,23359.7137
2024-01-03T15:14:13,BTC,23360.3148
2024-01-03T15:14:14,BTC,23376.7308
2024-01-03T15:14:15,BTC,23366.5718
2024-01-03T15:14:16,BTC,23362.0494
2024-01-03T15:14:17,BTC,23359.591
2024-01-03T15:14:18,BTC,23376.45
2024-01-03T15:14:19,BTC,23373.4913
2024-01-03T15:14:20,BTC,23386.9547
2024-01-03T15:14:21,BTC,23404.9674
2024-01-03T15:14:22,BTC,23419.7329
2024-01-03T15:14:23,BTC,23427.9598
2024-01-03T15:14:24,BTC,23425.1823
2024-01-03T15:14:25,BTC,23425.6926
2024-01-03T15:14:26,BTC,23431.9643
2024-01-03T15:14:27,BTC,23422.3177
2024-01-03T15:14:28,BTC,23435.7478
2024-01-03T15:14:29,BTC,23438.2618
2024-01-03T15:14:30,BTC,23455.8967
2024-01-03T15:14:31,BTC,23448.0016
2024-01-03T15:14:32,BTC,23433.4811
2024-01-03T15:14:33,BTC,23418.638
2024-01-03T15:14:34,BTC,23419.1197
2024-01-03T15:14:35,BTC,23431.4605
2024-01-03T15:14:36,BTC,23397.2364
2024-01-03T15:14:37,BTC,23390.6405
2024-01-03T15:14:38,BTC,23403.1345
2024-01-03T15:14:39,BTC,23419.2657
2024-01-03T15:14:40,BTC,23411.4638
2024-01-03T15:14:41,BTC,23414.789
2024-01-03T15:14:42,BTC,23420.6541
2024-01-03T15:14:43,BTC,23406.8983
2024-01-03T15:14:44,BTC,23413.5096
2024-01-03T15:14:45,BTC,23385.4758
2024-01-03T15:14:46,BTC,23395.7247
2024-01-03T15:14:47,BTC,23416.7476
2024-01-03T15:14:48,BTC,23426.0564
2024-01-03T15:14:49,BTC,23434.6337
2024-01-03T15:14:50,BTC,23442.8827
2024-01-03T15:14:51,BTC,23435.0587
2024-01-03T15:14:52,BTC,23433.0553
2024-01-03T15:14:53,BTC,23440.8786
2024-01-03T15:14:54,BTC,23444.7459
2024-01-03T15:14:55,BTC,23447.4734
2024-01-03T15:14:56,BTC,23439.5889
2024-01-03T15:14:57,BTC,23446.2923
2024-01-03T15:14:58,BTC,23429.6524
2024-01-03T15:14:59,BTC,23444.7887
2024-01-03T15:15:00,BTC,23434.422
2024-01-03T15:15:01,BTC,23452.547
2024-01-03T15:15:02,BTC,23447.5454
2024-01-03T15:15:03,BTC,23457.1972
2024-01-03T15:15:04,BTC,23458.0519
2024-01-03T15:15:05,BTC,23472.9708
2024-01-03T15:15:06,BTC,23461.8501
2024-01-03T15:15:07,BTC,23478.9048
2024-01-03T15:15:08,BTC,23483.5465
2024-01-03T15:15:09,BTC,23483.8517
2024-01-03T15:15:10,BTC,23488.4221
2024-01-03T15:15:11,BTC,23491.441
2024-01-03T15:15:12,BTC,23507.1164
2024-01-03T15:15:13,BTC,23522.2081
2024-01-03T15:15:14,BTC,23527.9683
2024-01-03T15:15:15,BTC,23538.7921
2024-01-03T15:15:16,BTC,23537.2567
2024-01-03T15:15:17,BTC,23544.9893
2024-01-03T15:15:18,BTC,23568.3307
2024-01-03T15:15:19,BTC,23573.6377
2024-01-03T15:15:20,BTC,23579.0276
2024-01-03T15:15:21,BTC,23575.4204
2024-01-03T15:15:22,BTC,23555.0291
2024-01-03T15:15:23,BTC,23549.2745
2024-01-03T15:15:24,BTC,23556.1641
2024-01-03T15:15:25,BTC,23551.3139
2024-01-03T15:15:26,BTC,23553.8804
2024-01-03T15:15:27,BTC,23561.7533
2024-01-03T15:15:28,BTC,23540.7965
2024-01-03T15:15:29,BTC,23537.3752
2024-01-03T15:15:30,BTC,23542.031
2024-01-03T15:15:31,BTC,23552.8495
2024-01-03T15:15:32,BTC,23566.6547
2024-01-03T15:15:33,BTC,23572.5167
2024-01-03T15:15:34,BTC,23579.7769
2024-01-03T15:15:35,BTC,23583.3617
2024-01-03T15:15:36,BTC,23589.8077
2024-01-03T15:15:37,BTC,23593.5605
2024-01-03T15:15:38,BTC,23637.5954
2024-01-03T15:15:39,BTC,23637.9822
2024-01-03T15:15:40,BTC,23633.1544
2024-01-03T15:15:41,BTC,23641.1214
2024-01-03T15:15:42,BTC,23632.1248
2024-01-03T15:15:43,BTC,23639.5068
2024-01-03T15:15:44,BTC,23631.8899
2024-01-03T15:15:45,BTC,23610.5604
2024-01-03T15:15:46,BTC,23603.452
2024-01-03T15:15:47,BTC,23613.6248
2024-01-03T15:15:48,BTC,23614.6231
2024-01-03T15:15:49,BTC,23621.424
2024-01-03T15:15:50,BTC,23615.4969
2024-01-03T15:15:51,BTC,23618.4316
2024-01-03T15:15:52,BTC,23605.3933
2024-01-03T15:15:53,BTC,23588.5027
2024-01-03T15:15:54,BTC,23586.772
2024-01-03T15:15:55,BTC,23580.1778
2024-01-03T15:15:56,BTC,23595.1982
2024-01-03T15:15:57,BTC,23599.0254
2024-01-03T15:15:58,BTC,23601.7722
2024-01-03T15:15:59,BTC,23592.0532
2024-01-03T15:16:00,BTC,23594.9226
2024-01-03T15:16:01,BTC,23618.1626
2024-01-03T15:16:02,BTC,23627.1388
2024-01-03T15:16:03,BTC,23638.1666
2024-01-03T15:16:04,BTC,23635.3216
2024-01-03T15:16:05,BTC,23635.9892
2024-01-03T15:16:06,BTC,23639.4202
2024-01-03T15:16:07,BTC,23628.1769
2024-01-03T15:16:08,BTC,23627.442
2024-01-03T15:16:09,BTC,23622.5466
2024-01-03T15:16:10,BTC,23616.1405
2024-01-03T15:16:11,BTC,23620.0326
2024-01-03T15:16:12,BTC,23614.4138
2024-01-03T15:16:13,BTC,23605.3586
2024-01-03T15:16:14,BTC,23610.148
2024-01-03T15:16:15,BTC,23616.2151
2024-01-03T15:16:16,BTC,23621.3619
2024-01-03T15:16:17,BTC,23622.9429
2024-01-03T15:16:18,BTC,23617.263
2024-01-03T15:16:19,BTC,23606.1115
2024-01-03T15:16:20,BTC,23609.0204
2024-01-03T15:16:21,BTC,23597.8067
2024-01-03T15:16:22,BTC,23601.8134
2024-01-03T15:16:23,BTC,23589.2599
2024-01-03T15:16:24,BTC,23575.2626
2024-01-03T15:16:25,BTC,23586.3031
2024-01-03T15:16:26,BTC,23599.6891
2024-01-03T15:16:27,BTC,23582.578
2024-01-03T15:16:28,BTC,23581.0628
2024-01-03T15:16:29,BTC,23573.902
2024-01-03T15:16:30,BTC,23568.2943
2024-01-03T15:16:31,BTC,23571.2504
2024-01-03T15:16:32,BTC,23575.8431
2024-01-03T15:16:33,BTC,23570.7483
2024-01-03T15:16:34,BTC,23582.7405
2024-01-03T15:16:35,BTC,23587.7038
2024-01-03T15:16:36,BTC,23573.7511
2024-01-03T15:16:37,BTC,23576.4306
2024-01-03T15:16:38,BTC,23582.9414
2024-01-03T15:16:39,BTC,23578.912
2024-01-03T15:16:40,BTC,23567.8107
2024-01-03T15:16:41,BTC,23559.7872
2024-01-03T15:16:42,BTC,23554.3596
2024-01-03T15:16:43,BTC,23553.6998
2024-01-03T15:16:44,BTC,23552.2089
2024-01-03T15:16:45,BTC,23535.7657
2024-01-03T15:16:46,BTC,23540.697
2024-01-03T15:16:47,BTC,23534.8473
2024-01-03T15:16:48,BTC,23528.2051
2024-01-03T15:16:49,BTC,23517.5194
2024-01-03T15:16:50,BTC,23516.4515
2024-01-03T15:16:51,BTC,23523.5049
2024-01-03T15:16:52,BTC,23539.2203
2024-01-03T15:16:53,BTC,23556.0374
2024-01-03T15:16:54,BTC,23562.637
2024-01-03T15:16:55,BTC,23559.0016
2024-01-03T15:16:56,BTC,23566.218
2024-01-03T15:16:57,BTC,23548.6276
2024-01-03T15:16:58,BTC,23547.5089
2024-01-03T15:16:59,BTC,23556.2629
2024-01-03T15:17:00,BTC,23557.5385
2024-01-03T15:17:01,BTC,23579.9831
2024-01-03T15:17:02,BTC,23590.8531
2024-01-03T15:17:03,BTC,23618.0036
2024-01-03T15:17:04,BTC,23616.3688
2024-01-03T15:17:05,BTC,23620.7184
2024-01-03T15:17:06,BTC,23616.2174
2024-01-03T15:17:07,BTC,23588.762
2024-01-03T15:17:08,BTC,23569.4317
2024-01-03T15:17:09,BTC,23566.7955
2024-01-03T15:17:10,BTC,23555.8318
2024-01-03T15:17:11,BTC,23542.5203
2024-01-03T15:17:12,BTC,23528.1885
2024-01-03T15:17:13,BTC,23523.3263
2024-01-03T15:17:14,BTC,23532.3464
2024-01-03T15:17:15,BTC,23536.4346
2024-01-03T15:17:16,BTC,23539.0767
2024-01-03T15:17:17,BTC,23536.5912
2024-01-03T15:17:18,BTC,23541.0491
2024-01-03T15:17:19,BTC,23555.3771
2024-01-03T15:17:20,BTC,23542.5721
2024-01-03T15:17:21,BTC,23554.2921
2024-01-03T15:17:22,BTC,23560.125
2024-01-03T15:17:23,BTC,23557.2149
2024-01-03T15:17:24,BTC,23545.243
2024-01-03T15:17:25,BTC,23559.6931
2024-01-03T15:17:26,BTC,23567.618
2024-01-03T15:17:27,BTC,23585.0875
2024-01-03T15:17:28,BTC,23583.4876
2024-01-03T15:17:29,BTC,23572.2235
2024-01-03T15:17:30,BTC,23576.8467
2024-01-03T15:17:31,BTC,23575.7616
2024-01-03T15:17:32,BTC,23577.403
2024-01-03T15:17:33,BTC,23583.6153
2024-01-03T15:17:34,BTC,23577.296
2024-01-03T15:17:35,BTC,23582.3857
2024-01-03T15:17:36,BTC,23575.0209
2024-01-03T15:17:37,BTC,23589.0308
2024-01-03T15:17:38,BTC,23595.478
2024-01-03T15:17:39,BTC,23603.1152
2024-01-03T15:17:40,BTC,23594.2148
2024-01-03T15:17:41,BTC,23582.2528
2024-01-03T15:17:42,BTC,23605.0926
2024-01-03T15:17:43,BTC,23595.9626
2024-01-03T15:17:44,BTC,23599.1633
2024-01-03T15:17:45,BTC,23581.1912
2024-01-03T15:17:46,BTC,23570.4733
2024-01-03T15:17:47,BTC,23586.5586
2024-01-03T15:17:48,BTC,23578.2037
2024-01-03T15:17:49,BTC,23576.0707
2024-01-03T15:17:50,BTC,23589.7008
2024-01-03T15:17:51,BTC,23593.9418
2024-01-03T15:17:52,BTC,23601.5301
2024-01-03T15:17:53,BTC,23611.7586
2024-01-03T15:17:54,BTC,23636.2929
2024-01-03T15:17:55,BTC,23622.1985
2024-01-03T15:17:56,BTC,23616.3345
2024-01-03T15:17:57,BTC,23618.9997
2024-01-03T15:17:58,BTC,23606.2757
2024-01-03T15:17:59,BTC,23602.4178
2024-01-03T15:18:00,BTC,23608.6961
2024-01-03T15:18:01,BTC,23606.9859
2024-01-03T15:18:02,BTC,23624.4955
2024-01-03T15:18:03,BTC,23613.3011
2024-01-03T15:18:04,BTC,23600.9205
2024-01-03T15:18:05,BTC,23625.6572
2024-01-03T15:18:06,BTC,23628.733
2024-01-03T15:18:07,BTC,23621.6395
2024-01-03T15:18:08,BTC,23640.1127
2024-01-03T15:18:09,BTC,23636.2912
2024-01-03T15:18:10,BTC,23645.9107
2024-01-03T15:18:11,BTC,23660.4536
2024-01-03T15:18:12,BTC,23654.7208
2024-01-03T15:18:13,BTC,23652.2528
2024-01-03T15:18:14,BTC,23649.8484
2024-01-03T15:18:15,BTC,23652.4826
2024-01-03T15:18:16,BTC,23638.4457
2024-01-03T15:18:17,BTC,23632.9551
2024-01-03T15:18:18,BTC,23628.4268
2024-01-03T15:18:19,BTC,23623.5304
2024-01-03T15:18:20,BTC,23636.9107
2024-01-03T15:18:21,BTC,23639.4821
2024-01-03T15:18:22,BTC,23644.103
2024-01-03T15:18:23,BTC,23644.3559
2024-01-03T15:18:24,BTC,23652.0932
2024-01-03T15:18:25,BTC,23668.8465
2024-01-03T15:18:26,BTC,23660.4176
2024-01-03T15:18:27,BTC,23657.7717
2024-01-03T15:18:28,BTC,23638.063
2024-01-03T15:18:29,BTC,23638.019
2024-01-03T15:18:30,BTC,23642.9642
2024-01-03T15:18:31,BTC,23648.4667
2024-01-03T15:18:32,BTC,23654.1181
2024-01-03T15:18:33,BTC,23661.9666
2024-01-03T15:18:34,BTC,23667.4407
2024-01-03T15:18:35,BTC,23671.6792
2024-01-03T15:18:36,BTC,23664.2376
2024-01-03T15:18:37,BTC,23658.3674
2024-01-03T15:18:38,BTC,23652.8049
2024-01-03T15:18:39,BTC,23652.4678
2024-01-03T15:18:40,BTC,23662.2947
2024-01-03T15:18:41,BTC,23635.256
2024-01-03T15:18:42,BTC,23623.1183
2024-01-03T15:18:43,BTC,23621.8518
2024-01-03T15:18:44,BTC,23639.3393
2024-01-03T15:18:45,BTC,23649.6607
2024-01-03T15:18:46,BTC,23651.1614
2024-01-03T15:18:47,BTC,23651.9303
2024-01-03T15:18:48,BTC,23657.1339
2024-01-03T15:18:49,BTC,23648.7306
2024-01-03T15:18:50,BTC,23636.9056
2024-01-03T15:18:51,BTC,23636.6453
2024-01-03T15:18:52,BTC,23651.2529
2024-01-03T15:18:53,BTC,23644.1432
2024-01-03T15:18:54,BTC,23650.292
2024-01-03T15:18:55,BTC,23656.2997
2024-01-03T15:18:56,BTC,23657.3171
2024-01-03T15:18:57,BTC,23640.2724
2024-01-03T15:18:58,BTC,23619.2509
2024-01-03T15:18:59,BTC,23612.1558
2024-01-03T15:19:00,BTC,23624.0629
2024-01-03T15:19:01,BTC,23626.479
2024-01-03T15:19:02,BTC,23615.1064
2024-01-03T15:19:03,BTC,23623.4894
2024-01-03T15:19:04,BTC,23604.5245
2024-01-03T15:19:05,BTC,23608.104
2024-01-03T15:19:06,BTC,23572.0851
2024-01-03T15:19:07,BTC,23568.3961
2024-01-03T15:19:08,BTC,23546.9057
2024-01-03T15:19:09,BTC,23550.951
2024-01-03T15:19:10,BTC,23536.397
2024-01-03T15:19:11,BTC,23527.6451
2024-01-03T15:19:12,BTC,23525.4261
2024-01-03T15:19:13,BTC,23533.1234
2024-01-03T15:19:14,BTC,23531.4816
2024-01-03T15:19:15,BTC,23516.8817
2024-01-03T15:19:16,BTC,23494.9592
2024-01-03T15:19:17,BTC,23480.2484
2024-01-03T15:19:18,BTC,23450.5763
2024-01-03T15:19:19,BTC,23460.5605
2024-01-03T15:19:20,BTC,23458.5021
2024-01-03T15:19:21,BTC,23463.8171
2024-01-03T15:19:22,BTC,23459.3016
2024-01-03T15:19:23,BTC,23455.5753
2024-01-03T15:19:24,BTC,23468.8822
2024-01-03T15:19:25,BTC,23451.6158
2024-01-03T15:19:26,BTC,23451.2803
2024-01-03T15:19:27,BTC,23428.3277
2024-01-03T15:19:28,BTC,23441.5938
2024-01-03T15:19:29,BTC,23446.8969
2024-01-03T15:19:30,BTC,23448.6001
2024-01-03T15:19:31,BTC,23438.7356
2024-01-03T15:19:32,BTC,23445.2553
2024-01-03T15:19:33,BTC,23440.6584
2024-01-03T15:19:34,BTC,23447.4275
2024-01-03T15:19:35,BTC,23450.0209
2024-01-03T15:19:36,BTC,23446.3197
2024-01-03T15:19:37,BTC,23453.215
2024-01-03T15:19:38,BTC,23440.8388
2024-01-03T15:19:39,BTC,23453.904
2024-01-03T15:19:40,BTC,23456.9512
2024-01-03T15:19:41,BTC,23459.7377
2024-01-03T15:19:42,BTC,23451.775
2024-01-03T15:19:43,BTC,23433.9775
2024-01-03T15:19:44,BTC,23428.0513
2024-01-03T15:19:45,BTC,23431.1676
2024-01-03T15:19:46,BTC,23423.4246
2024-01-03T15:19:47,BTC,23436.2324
2024-01-03T15:19:48,BTC,23427.1666
2024-01-03T15:19:49,BTC,23408.3942
2024-01-03T15:19:50,BTC,23413.8726
2024-01-03T15:19:51,BTC,23414.8587
2024-01-03T15:19:52,BTC,23412.8499
2024-01-03T15:19:53,BTC,23426.9201
2024-01-03T15:19:54,BTC,23417.8191
2024-01-03T15:19:55,BTC,23397.457
2024-01-03T15:19:56,BTC,23400.5666
2024-01-03T15:19:57,BTC,23401.2436
2024-01-03T15:19:58,BTC,23390.8718
2024-01-03T15:19:59,BTC,23407.6243
2024-01-03T15:20:00,BTC,23418.1948
2024-01-03T18:28:00,BTC,23404.3978
2024-01-03T18:28:01,BTC,23406.9903
2024-01-03T18:28:02,BTC,23400.5738
2024-01-03T18:28:03,BTC,23394.2041
2024-01-03T18:28:04,BTC,23390.7657
2024-01-03T18:28:05,BTC,23395.8013
2024-01-03T18:28:06,BTC,23386.75
2024-01-03T18:28:07,BTC,23373.3419
2024-01-03T18:28:08,BTC,23359.6981
2024-01-03T18:28:09,BTC,23385.4132
2024-01-03T18:28:10,BTC,23380.7597
2024-01-03T18:28:11,BTC,23411.0932
2024-01-03T18:28:12,BTC,23410.0841
2024-01-03T18:28:13,BTC,23408.2557
2024-01-03T18:28:14,BTC,23415.2116
2024-01-03T18:28:15,BTC,23399.6782
2024-01-03T18:28:16,BTC,23392.6146
2024-01-03T18:28:17,BTC,23393.2951
2024-01-03T18:28:18,BTC,23384.5795
2024-01-03T18:28:19,BTC,23391.0508
2024-01-03T18:28:20,BTC,23393.4631
2024-01-03T18:28:21,BTC,23399.0911
2024-01-03T18:28:22,BTC,23395.07
2024-01-03T18:28:23,BTC,23410.6723
2024-01-03T18:28:24,BTC,23401.7
2024-01-03T18:28:25,BTC,23405.6757
2024-01-03T18:28:26,BTC,23408.9057
2024-01-03T18:28:27,BTC,23396.7974
2024-01-03T18:28:28,BTC,23394.9847
2024-01-03T18:28:29,BTC,23379.31
2024-01-03T18:28:30,BTC,23373.7088
2024-01-03T18:28:31,BTC,23367.7588
2024-01-03T18:28:32,BTC,23358.6498
2024-01-03T18:28:33,BTC,23360.7984
2024-01-03T18:28:34,BTC,23378.6844
2024-01-03T18:28:35,BTC,23367.2875
2024-01-03T18:28:36,BTC,23367.6294
2024-01-03T18:28:37,BTC,23374.5804
2024-01-03T18:28:38,BTC,23377.099
2024-01-03T18:28:39,BTC,23371.055
2024-01-03T18:28:40,BTC,23378.3081
2024-01-03T18:28:41,BTC,23373.6091
2024-01-03T18:28:42,BTC,23386.9444
2024-01-03T18:28:43,BTC,23384.1242
2024-01-03T18:28:44,BTC,23387.424
2024-01-03T18:28:45,BTC,23402.9528
2024-01-03T18:28:46,BTC,23402.9287
2024-01-03T18:28:47,BTC,23394.2752
2024-01-03T18:28:48,BTC,23401.6028
2024-01-03T18:28:49,BTC,23394.1863
2024-01-03T18:28:50,BTC,23398.979
2024-01-03T18:28:51,BTC,23380.0304
2024-01-03T18:28:52,BTC,23383.4657
2024-01-03T18:28:53,BTC,23386.6411
2024-01-03T18:28:54,BTC,23366.9756
2024-01-03T18:28:55,BTC,23343.3932
2024-01-03T18:28:56,BTC,23332.6099
2024-01-03T18:28:57,BTC,23317.6428
2024-01-03T18:28:58,BTC,23303.4174
2024-01-03T18:28:59,BTC,23301.5636
2024-01-03T18:29:00,BTC,23293.0602
2024-01-03T18:29:01,BTC,23286.7502
2024-01-03T18:29:02,BTC,23295.4463
2024-01-03T18:29:03,BTC,23297.8658
2024-01-03T18:29:04,BTC,23296.3903
2024-01-03T18:29:05,BTC,23296.5785
2024-01-03T18:29:06,BTC,23286.2123
2024-01-03T18:29:07,BTC,23286.238
2024-01-03T18:29:08,BTC,23288.068
2024-01-03T18:29:09,BTC,23275.6923
2024-01-03T18:29:10,BTC,23270.9993
2024-01-03T18:29:11,BTC,23247.0253
2024-01-03T18:29:12,BTC,23249.7583
2024-01-03T18:29:13,BTC,23242.771
2024-01-03T18:29:14,BTC,23245.85
2024-01-03T18:29:15,BTC,23256.482
2024-01-03T18:29:16,BTC,23260.8051
2024-01-03T18:29:17,BTC,23272.9547
2024-01-03T18:29:18,BTC,23261.8092
2024-01-03T18:29:19,BTC,23286.9391
2024-01-03T18:29:20,BTC,23279.0569
2024-01-03T18:29:21,BTC,23268.7834
2024-01-03T18:29:22,BTC,23273.7031
2024-01-03T18:29:23,BTC,23279.858
2024-01-03T18:29:24,BTC,23271.4633
2024-01-03T18:29:25,BTC,23281.7087
2024-01-03T18:29:26,BTC,23286.2466
2024-01-03T18:29:27,BTC,23290.2943
2024-01-03T18:29:28,BTC,23272.4441
2024-01-03T18:29:29,BTC,23257.9397
2024-01-03T18:29:30,BTC,23272.3789
2024-01-03T18:29:31,BTC,23282.6132
2024-01-03T18:29:32,BTC,23289.884
2024-01-03T18:29:33,BTC,23290.5803
2024-01-03T18:29:34,BTC,23284.9057
2024-01-03T18:29:35,BTC,23264.2281
2024-01-03T18:29:36,BTC,23247.7364
2024-01-03T18:29:37,BTC,23228.9141
2024-01-03T18:29:38,BTC,23234.2425
2024-01-03T18:29:39,BTC,23239.8286
2024-01-03T18:29:40,BTC,23229.255
2024-01-03T18:29:41,BTC,23230.8886
2024-01-03T18:29:42,BTC,23225.4573
2024-01-03T18:29:43,BTC,23229.0012
2024-01-03T18:29:44,BTC,23226.9024
2024-01-03T18:29:45,BTC,23238.6275
2024-01-03T18:29:46,BTC,23248.5543
2024-01-03T18:29:47,BTC,23242.9499
2024-01-03T18:29:48,BTC,23268.7058
2024-01-03T18:29:49,BTC,23271.1684
2024-01-03T18:29:50,BTC,23261.4395
2024-01-03T18:29:51,BTC,23262.44
2024-01-03T18:29:52,BTC,23261.187
2024-01-03T18:29:53,BTC,23262.1221
2024-01-03T18:29:54,BTC,23273.9574
2024-01-03T18:29:55,BTC,23266.3006
2024-01-03T18:29:56,BTC,23257.809
2024-01-03T18:29:57,BTC,23236.1004
2024-01-03T18:29:58,BTC,23228.8728
2024-01-03T18:29:59,BTC,23220.0778
2024-01-03T18:30:00,BTC,23236.6857
2024-01-03T18:30:01,BTC,23243.7907
2024-01-03T18:30:02,BTC,23262.491
2024-01-03T18:30:03,BTC,23257.6112
2024-01-03T18:30:04,BTC,23280.3161
2024-01-03T18:30:05,BTC,23264.2225
2024-01-03T18:30:06,BTC,23262.1025
2024-01-03T18:30:07,BTC,23270.1115
2024-01-03T18:30:08,BTC,23251.777
2024-01-03T18:30:09,BTC,23240.7522
2024-01-03T18:30:10,BTC,23261.5015
2024-01-03T18:30:11,BTC,23266.3734
2024-01-03T18:30:12,BTC,23257.2952
2024-01-03T18:30:13,BTC,23280.0601
2024-01-03T18:30:14,BTC,23268.828
2024-01-03T18:30:15,BTC,23271.9127
2024-01-03T18:30:16,BTC,23269.7694
2024-01-03T18:30:17,BTC,23264.2549
2024-01-03T18:30:18,BTC,23258.1411
2024-01-03T18:30:19,BTC,23278.9954
2024-01-03T18:30:20,BTC,23311.366
2024-01-03T18:30:21,BTC,23304.7913
2024-01-03T18:30:22,BTC,23316.4335
2024-01-03T18:30:23,BTC,23340.4793
2024-01-03T18:30:24,BTC,23350.9127
2024-01-03T18:30:25,BTC,23348.0654
2024-01-03T18:30:26,BTC,23348.609
2024-01-03T18:30:27,BTC,23349.4289
2024-01-03T18:30:28,BTC,23376.1861
2024-01-03T18:30:29,BTC,23385.3206
2024-01-03T18:30:30,BTC,23377.5536
2024-01-03T18:30:31,BTC,23374.0291
2024-01-03T18:30:32,BTC,23358.3875
2024-01-03T18:30:33,BTC,23380.9718
2024-01-03T18:30:34,BTC,23390.0214
2024-01-03T18:30:35,BTC,23402.1096
2024-01-03T18:30:36,BTC,23389.7144
2024-01-03T18:30:37,BTC,23407.3664
2024-01-03T18:30:38,BTC,23413.0869
2024-01-03T18:30:39,BTC,23419.641
2024-01-03T18:30:40,BTC,23438.5949
2024-01-03T18:30:41,BTC,23440.781
2024-01-03T18:30:42,BTC,23453.5088
2024-01-03T18:30:43,BTC,23446.9778
2024-01-03T18:30:44,BTC,23445.5366
2024-01-03T18:30:45,BTC,23424.1515
2024-01-03T18:30:46,BTC,23417.2557
2024-01-03T18:30:47,BTC,23422.8434
2024-01-03T18:30:48,BTC,23430.74
2024-01-03T18:30:49,BTC,23446.3195
2024-01-03T18:30:50,BTC,23452.3676
2024-01-03T18:30:51,BTC,23444.6175
2024-01-03T18:30:52,BTC,23438.8456
2024-01-03T18:30:53,BTC,23443.28
2024-01-03T18:30:54,BTC,23445.3363
2024-01-03T18:30:55,BTC,23459.2046
2024-01-03T18:30:56,BTC,23439.8774
2024-01-03T18:30:57,BTC,23459.1227
2024-01-03T18:30:58,BTC,23484.3109
2024-01-03T18:30:59,BTC,23502.1291
2024-01-03T18:31:00,BTC,23494.8986
2024-01-03T18:31:01,BTC,23492.8709
2024-01-03T18:31:02,BTC,23480.2695
2024-01-03T18:31:03,BTC,23470.6533
2024-01-03T18:31:04,BTC,23470.2349
2024-01-03T18:31:05,BTC,23484.5334
2024-01-03T18:31:06,BTC,23503.5868
2024-01-03T18:31:07,BTC,23478.2114
2024-01-03T18:31:08,BTC,23455.5958
2024-01-03T18:31:09,BTC,23450.426
2024-01-03T18:31:10,BTC,23441.4542
2024-01-03T18:31:11,BTC,23450.0515
2024-01-03T18:31:12,BTC,23453.031
2024-01-03T18:31:13,BTC,23462.0757
2024-01-03T18:31:14,BTC,23459.0115
2024-01-03T18:31:15,BTC,23465.377
2024-01-03T18:31:16,BTC,23437.568
2024-01-03T18:31:17,BTC,23436.0291
2024-01-03T18:31:18,BTC,23430.6347
2024-01-03T18:31:19,BTC,23439.7917
2024-01-03T18:31:20,BTC,23454.6054
2024-01-03T18:31:21,BTC,23456.7698
2024-01-03T18:31:22,BTC,23456.5646
2024-01-03T18:31:23,BTC,23457.9072
2024-01-03T18:31:24,BTC,23449.4034
2024-01-03T18:31:25,BTC,23435.8276
2024-01-03T18:31:26,BTC,23439.453
2024-01-03T18:31:27,BTC,23451.6988
2024-01-03T18:31:28,BTC,23434.9471
2024-01-03T18:31:29,BTC,23442.6616
2024-01-03T18:31:30,BTC,23429.2937
2024-01-03T18:31:31,BTC,23433.4952
2024-01-03T18:31:32,BTC,23455.6049
2024-01-03T18:31:33,BTC,23449.5449
2024-01-03T18:31:34,BTC,23437.5177
2024-01-03T18:31:35,BTC,23428.0436
2024-01-03T18:31:36,BTC,23430.7908
2024-01-03T18:31:37,BTC,23435.3955
2024-01-03T18:31:38,BTC,23447.4049
2024-01-03T18:31:39,BTC,23446.8325
2024-01-03T18:31:40,BTC,23453.1994
2024-01-03T18:31:41,BTC,23466.0251
2024-01-03T18:31:42,BTC,23481.0634
2024-01-03T18:31:43,BTC,23481.0769
2024-01-03T18:31:44,BTC,23467.638
2024-01-03T18:31:45,BTC,23488.7111
2024-01-03T18:31:46,BTC,23483.1702
2024-01-03T18:31:47,BTC,23470.7942
2024-01-03T18:31:48,BTC,23473.5329
2024-01-03T18:31:49,BTC,23452.0881
2024-01-03T18:31:50,BTC,23453.9085
2024-01-03T18:31:51,BTC,23438.2064
2024-01-03T18:31:52,BTC,23458.4196
2024-01-03T18:31:53,BTC,23459.4224
2024-01-03T18:31:54,BTC,23449.9984
2024-01-03T18:31:55,BTC,23449.3554
2024-01-03T18:31:56,BTC,23429.8756
2024-01-03T18:31:57,BTC,23427.097
2024-01-03T18:31:58,BTC,23412.4692
2024-01-03T18:31:59,BTC,23408.8678
2024-01-03T18:32:00,BTC,23410.2142
2024-01-03T18:32:01,BTC,23413.1486
2024-01-03T18:32:02,BTC,23404.1747
2024-01-03T18:32:03,BTC,23406.4467
2024-01-03T18:32:04,BTC,23396.4097
2024-01-03T18:32:05,BTC,23395.137
2024-01-03T18:32:06,BTC,23378.8239
2024-01-03T18:32:07,BTC,23382.1042
2024-01-03T18:32:08,BTC,23385.9187
2024-01-03T18:32:09,BTC,23391.916
2024-01-03T18:32:10,BTC,23393.7048
2024-01-03T18:32:11,BTC,23399.0369
2024-01-03T18:32:12,BTC,23427.697
2024-01-03T18:32:13,BTC,23428.5076
2024-01-03T18:32:14,BTC,23455.6368
2024-01-03T18:32:15,BTC,23471.546
2024-01-03T18:32:16,BTC,23483.7253
2024-01-03T18:32:17,BTC,23489.0629
2024-01-03T18:32:18,BTC,23492.8971
2024-01-03T18:32:19,BTC,23487.7256
2024-01-03T18:32:20,BTC,23492.2032
2024-01-03T18:32:21,BTC,23476.9229
2024-01-03T18:32:22,BTC,23460.225
2024-01-03T18:32:23,BTC,23473.75
2024-01-03T18:32:24,BTC,23487.3262
2024-01-03T18:32:25,BTC,23500.6784
2024-01-03T18:32:26,BTC,23516.8266
2024-01-03T18:32:27,BTC,23496.2299
2024-01-03T18:32:28,BTC,23489.9792
2024-01-03T18:32:29,BTC,23498.9616
2024-01-03T18:32:30,BTC,23485.4553
2024-01-03T18:32:31,BTC,23492.1725
2024-01-03T18:32:32,BTC,23516.6062
2024-01-03T18:32:33,BTC,23524.382
2024-01-03T18:32:34,BTC,23522.1757
2024-01-03T18:32:35,BTC,23510.5649
2024-01-03T18:32:36,BTC,23536.2325
2024-01-03T18:32:37,BTC,23516.4822
2024-01-03T18:32:38,BTC,23520.4591
2024-01-03T18:32:39,BTC,23523.1203
2024-01-03T18:32:40,BTC,23514.3995
2024-01-03T18:32:41,BTC,23513.5763
2024-01-03T18:32:42,BTC,23532.5107
2024-01-03T18:32:43,BTC,23532.5944
2024-01-03T18:32:44,BTC,23521.8032
2024-01-03T18:32:45,BTC,23514.5199
2024-01-03T18:32:46,BTC,23515.7307
2024-01-03T18:32:47,BTC,23512.174
2024-01-03T18:32:48,BTC,23501.7575
2024-01-03T18:32:49,BTC,23487.2359
2024-01-03T18:32:50,BTC,23501.9648
2024-01-03T18:32:51,BTC,23490.5574
2024-01-03T18:32:52,BTC,23487.6228
2024-01-03T18:32:53,BTC,23507.7838
2024-01-03T18:32:54,BTC,23514.9006
2024-01-03T18:32:55,BTC,23522.3092
2024-01-03T18:32:56,BTC,23543.1465
2024-01-03T18:32:57,BTC,23556.4014
2024-01-03T18:32:58,BTC,23556.9841
2024-01-03T18:32:59,BTC,23566.4898
2024-01-03T18:33:00,BTC,23566.0445
2024-01-03T18:33:01,BTC,23551.7626
2024-01-03T18:33:02,BTC,23543.7085
2024-01-03T18:33:03,BTC,23537.9976
2024-01-03T18:33:04,BTC,23543.5606
2024-01-03T18:33:05,BTC,23530.8241
2024-01-03T18:33:06,BTC,23527.5935
2024-01-03T18:33:07,BTC,23522.8435
2024-01-03T18:33:08,BTC,23535.5384
2024-01-03T18:33:09,BTC,23520.1833
2024-01-03T18:33:10,BTC,23522.7477
2024-01-03T18:33:11,BTC,23518.0854
2024-01-03T18:33:12,BTC,23528.5682
2024-01-03T18:33:13,BTC,23538.1966
2024-01-03T18:33:14,BTC,23546.3883
2024-01-03T18:33:15,BTC,23554.1628
2024-01-03T18:33:16,BTC,23549.9094
2024-01-03T18:33:17,BTC,23541.4835
2024-01-03T18:33:18,BTC,23557.2023
2024-01-03T18:33:19,BTC,23551.4653
2024-01-03T18:33:20,BTC,23541.8217
2024-01-03T18:33:21,BTC,23552.9853
2024-01-03T18:33:22,BTC,23545.8392
2024-01-03T18:33:23,BTC,23560.0252
2024-01-03T18:33:24,BTC,23562.4984
2024-01-03T18:33:25,BTC,23575.9606
2024-01-03T18:33:26,BTC,23584.3263
2024-01-03T18:33:27,BTC,23578.9626
2024-01-03T18:33:28,BTC,23587.432
2024-01-03T18:33:29,BTC,23588.2853
2024-01-03T18:33:30,BTC,23595.3425
2024-01-03T18:33:31,BTC,23583.0904
2024-01-03T18:33:32,BTC,23587.7379
2024-01-03T18:33:33,BTC,23596.9732
2024-01-03T18:33:34,BTC,23616.9674
2024-01-03T18:33:35,BTC,23622.6938
2024-01-03T18:33:36,BTC,23639.0757
2024-01-03T18:33:37,BTC,23638.678
2024-01-03T18:33:38,BTC,23628.81
2024-01-03T18:33:39,BTC,23613.9058
2024-01-03T18:33:40,BTC,23610.0239
2024-01-03T18:33:41,BTC,23603.1201
2024-01-03T18:33:42,BTC,23617.4457
2024-01-03T18:33:43,BTC,23599.925
2024-01-03T18:33:44,BTC,23598.7216
2024-01-03T18:33:45,BTC,23607.4517
2024-01-03T18:33:46,BTC,23603.6419
2024-01-03T18:33:47,BTC,23616.5796
2024-01-03T18:33:48,BTC,23595.4824
2024-01-03T18:33:49,BTC,23609.8116
2024-01-03T18:33:50,BTC,23603.4608
2024-01-03T18:33:51,BTC,23597.4842
2024-01-03T18:33:52,BTC,23616.4574
2024-01-03T18:33:53,BTC,23604.7833
2024-01-03T18:33:54,BTC,23607.3983
2024-01-03T18:33:55,BTC,23606.0056
2024-01-03T18:33:56,BTC,23579.3216
2024-01-03T18:33:57,BTC,23590.1964
2024-01-03T18:33:58,BTC,23601.9663
2024-01-03T18:33:59,BTC,23589.3323
2024-01-03T18:34:00,BTC,23587.6814
2024-01-03T19:58:00,BTC,23587.1954
2024-01-03T19:58:01,BTC,23584.6571
2024-01-03T19:58:02,BTC,23577.8471
2024-01-03T19:58:03,BTC,23591.6258
2024-01-03T19:58:04,BTC,23595.7205
2024-01-03T19:58:05,BTC,23604.6627
2024-01-03T19:58:06,BTC,23609.2198
2024-01-03T19:58:07,BTC,23614.3182
2024-01-03T19:58:08,BTC,23604.54
2024-01-03T19:58:09,BTC,23604.3989
2024-01-03T19:58:10,BTC,23619.6749
2024-01-03T19:58:11,BTC,23645.5637
2024-01-03T19:58:12,BTC,23653.2857
2024-01-03T19:58:13,BTC,23667.7265
2024-01-03T19:58:14,BTC,23663.8267
2024-01-03T19:58:15,BTC,23663.9078
2024-01-03T19:58:16,BTC,23665.1216
2024-01-03T19:58:17,BTC,23655.9153
2024-01-03T19:58:18,BTC,23657.8679
2024-01-03T19:58:19,BTC,23655.8509
2024-01-03T19:58:20,BTC,23666.6294
2024-01-03T19:58:21,BTC,23668.5072
2024-01-03T19:58:22,BTC,23659.5688
2024-01-03T19:58:23,BTC,23667.0112
2024-01-03T19:58:24,BTC,23674.0011
2024-01-03T19:58:25,BTC,23690.2442
2024-01-03T19:58:26,BTC,23690.9119
2024-01-03T19:58:27,BTC,23707.0865
2024-01-03T19:58:28,BTC,23699.9548
2024-01-03T19:58:29,BTC,23709.4102
2024-01-03T19:58:30,BTC,23714.3472
2024-01-03T19:58:31,BTC,23716.4353
2024-01-03T19:58:32,BTC,23717.548
2024-01-03T19:58:33,BTC,23726.4584
2024-01-03T19:58:34,BTC,23727.583
2024-01-03T19:58:35,BTC,23728.2901
2024-01-03T19:58:36,BTC,23705.1774
2024-01-03T19:58:37,BTC,23707.5203
2024-01-03T19:58:38,BTC,23728.8273
2024-01-03T19:58:39,BTC,23724.061
2024-01-03T19:58:40,BTC,23725.3933
2024-01-03T19:58:41,BTC,23732.626
2024-01-03T19:58:42,BTC,23735.5302
2024-01-03T19:58:43,BTC,23737.7354
2024-01-03T19:58:44,BTC,23741.187
2024-01-03T19:58:45,BTC,23752.992
2024-01-03T19:58:46,BTC,23774.9141
2024-01-03T19:58:47,BTC,23787.6015
2024-01-03T19:58:48,BTC,23790.9908
2024-01-03T19:58:49,BTC,23790.4079
2024-01-03T19:58:50,BTC,23788.3033
2024-01-03T19:58:51,BTC,23774.9939
2024-01-03T19:58:52,BTC,23784.1923
2024-01-03T19:58:53,BTC,23806.9554
2024-01-03T19:58:54,BTC,23806.4684
2024-01-03T19:58:55,BTC,23804.8708
2024-01-03T19:58:56,BTC,23814.0182
2024-01-03T19:58:57,BTC,23822.6699
2024-01-03T19:58:58,BTC,23847.9665
2024-01-03T19:58:59,BTC,23856.4614
2024-01-03T19:59:00,BTC,23854.1706
2024-01-03T19:59:01,BTC,23840.2349
2024-01-03T19:59:02,BTC,23852.9168
2024-01-03T19:59:03,BTC,23856.8779
2024-01-03T19:59:04,BTC,23863.1382
2024-01-03T19:59:05,BTC,23846.2143
2024-01-03T19:59:06,BTC,23866.2154
2024-01-03T19:59:07,BTC,23864.6917
2024-01-03T19:59:08,BTC,23864.1908
2024-01-03T19:59:09,BTC,23867.6314
2024-01-03T19:59:10,BTC,23881.5857
2024-01-03T19:59:11,BTC,23889.6802
2024-01-03T19:59:12,BTC,23912.4509
2024-01-03T19:59:13,BTC,23916.2539
2024-01-03T19:59:14,BTC,23913.3579
2024-01-03T19:59:15,BTC,23907.5027
2024-01-03T19:59:16,BTC,23913.2436
2024-01-03T19:59:17,BTC,23937.1179
2024-01-03T19:59:18,BTC,23964.7811
2024-01-03T19:59:19,BTC,23979.6133
2024-01-03T19:59:20,BTC,23987.199
2024-01-03T19:59:21,BTC,23989.0952
2024-01-03T19:59:22,BTC,24004.816
2024-01-03T19:59:23,BTC,24028.3926
2024-01-03T19:59:24,BTC,24041.9499
2024-01-03T19:59:25,BTC,24021.9098
2024-01-03T19:59:26,BTC,24019.6036
2024-01-03T19:59:27,BTC,24023.7457
2024-01-03T19:59:28,BTC,24017.2811
2024-01-03T19:59:29,BTC,24007.812
2024-01-03T19:59:30,BTC,23981.4549
2024-01-03T19:59:31,BTC,23986.6189
2024-01-03T19:59:32,BTC,23995.0733
2024-01-03T19:59:33,BTC,23996.9113
2024-01-03T19:59:34,BTC,24005.7676
2024-01-03T19:59:35,BTC,24015.7027
2024-01-03T19:59:36,BTC,24027.4848
2024-01-03T19:59:37,BTC,24039.3779
2024-01-03T19:59:38,BTC,24045.9484
2024-01-03T19:59:39,BTC,24041.8925
2024-01-03T19:59:40,BTC,24007.9619
2024-01-03T19:59:41,BTC,24016.1502
2024-01-03T19:59:42,BTC,24039.9825
2024-01-03T19:59:43,BTC,24059.1845
2024-01-03T19:59:44,BTC,24061.8597
2024-01-03T19:59:45,BTC,24052.9654
2024-01-03T19:59:46,BTC,24075.3502
2024-01-03T19:59:47,BTC,24085.3754
2024-01-03T19:59:48,BTC,24075.085
2024-01-03T19:59:49,BTC,24071.6893
2024-01-03T19:59:50,BTC,24100.7462
2024-01-03T19:59:51,BTC,24109.9369
2024-01-03T19:59:52,BTC,24120.0781
2024-01-03T19:59:53,BTC,24106.3743
2024-01-03T19:59:54,BTC,24101.1425
2024-01-03T19:59:55,BTC,24106.5055
2024-01-03T19:59:56,BTC,24104.5483
2024-01-03T19:59:57,BTC,24098.4101
2024-01-03T19:59:58,BTC,24116.527
2024-01-03T19:59:59,BTC,24105.4361
2024-01-03T20:00:00,BTC,24103.3445
2024-01-03T20:00:01,BTC,24106.0209
2024-01-03T20:00:02,BTC,24118.8917
2024-01-03T20:00:03,BTC,24112.909
2024-01-03T20:00:04,BTC,24127.3554
2024-01-03T20:00:05,BTC,24156.0384
2024-01-03T20:00:06,BTC,24159.9902
2024-01-03T20:00:07,BTC,24157.1247
2024-01-03T20:00:08,BTC,24170.691
2024-01-03T20:00:09,BTC,24176.8068
2024-01-03T20:00:10,BTC,24187.01
2024-01-03T20:00:11,BTC,24183.9454
2024-01-03T20:00:12,BTC,24191.942
2024-01-03T20:00:13,BTC,24207.5996
2024-01-03T20:00:14,BTC,24221.6448
2024-01-03T20:00:15,BTC,24216.663
2024-01-03T20:00:16,BTC,24206.448
2024-01-03T20:00:17,BTC,24212.2404
2024-01-03T20:00:18,BTC,24231.0947
2024-01-03T20:00:19,BTC,24221.2179
2024-01-03T20:00:20,BTC,24199.258
2024-01-03T20:00:21,BTC,24211.9578
2024-01-03T20:00:22,BTC,24205.2262
2024-01-03T20:00:23,BTC,24217.6954
2024-01-03T20:00:24,BTC,24224.263
2024-01-03T20:00:25,BTC,24267.5128
2024-01-03T20:00:26,BTC,24296.3509
2024-01-03T20:00:27,BTC,24305.2939
2024-01-03T20:00:28,BTC,24320.4951
2024-01-03T20:00:29,BTC,24332.8223
2024-01-03T20:00:30,BTC,24326.0488
2024-01-03T20:00:31,BTC,24344.6469
2024-01-03T20:00:32,BTC,24322.8662
2024-01-03T20:00:33,BTC,24333.8995
2024-01-03T20:00:34,BTC,24336.065
2024-01-03T20:00:35,BTC,24350.2808
2024-01-03T20:00:36,BTC,24330.6389
2024-01-03T20:00:37,BTC,24329.4208
2024-01-03T20:00:38,BTC,24315.4697
2024-01-03T20:00:39,BTC,24316.6351
2024-01-03T20:00:40,BTC,24325.0461
2024-01-03T20:00:41,BTC,24327.2293
2024-01-03T20:00:42,BTC,24320.8038
2024-01-03T20:00:43,BTC,24330.6765
2024-01-03T20:00:44,BTC,24344.6417
2024-01-03T20:00:45,BTC,24345.9456
2024-01-03T20:00:46,BTC,24337.945
2024-01-03T20:00:47,BTC,24338.0114
2024-01-03T20:00:48,BTC,24346.3719
2024-01-03T20:00:49,BTC,24342.2868
2024-01-03T20:00:50,BTC,24338.0682
2024-01-03T20:00:51,BTC,24340.9974
2024-01-03T20:00:52,BTC,24339.2182
2024-01-03T20:00:53,BTC,24349.9029
2024-01-03T20:00:54,BTC,24342.4402
2024-01-03T20:00:55,BTC,24332.0843
2024-01-03T20:00:56,BTC,24333.3214
2024-01-03T20:00:57,BTC,24341.7563
2024-01-03T20:00:58,BTC,24352.1065
2024-01-03T20:00:59,BTC,24351.1993
2024-01-03T20:01:00,BTC,24366.9399
2024-01-03T20:01:01,BTC,24417.3102
2024-01-03T20:01:02,BTC,24444.2604
2024-01-03T20:01:03,BTC,24471.7973
2024-01-03T20:01:04,BTC,24478.3968
2024-01-03T20:01:05,BTC,24477.7925
2024-01-03T20:01:06,BTC,24487.1679
2024-01-03T20:01:07,BTC,24505.3403
2024-01-03T20:01:08,BTC,24493.4124
2024-01-03T20:01:09,BTC,24482.1137
2024-01-03T20:01:10,BTC,24464.7118
2024-01-03T20:01:11,BTC,24477.8657
2024-01-03T20:01:12,BTC,24484.9522
2024-01-03T20:01:13,BTC,24485.9061
2024-01-03T20:01:14,BTC,24484.4952
2024-01-03T20:01:15,BTC,24477.0194
2024-01-03T20:01:16,BTC,24481.5017
2024-01-03T20:01:17,BTC,24510.7601
2024-01-03T20:01:18,BTC,24540.8545
2024-01-03T20:01:19,BTC,24549.6113
2024-01-03T20:01:20,BTC,24545.7257
2024-01-03T20:01:21,BTC,24551.0565
2024-01-03T20:01:22,BTC,24554.4579
2024-01-03T20:01:23,BTC,24572.2871
2024-01-03T20:01:24,BTC,24578.5911
2024-01-03T20:01:25,BTC,24569.4878
2024-01-03T20:01:26,BTC,24579.4932
2024-01-03T20:01:27,BTC,24595.2613
2024-01-03T20:01:28,BTC,24588.8851
2024-01-03T20:01:29,BTC,24594.3718
2024-01-03T20:01:30,BTC,24589.4945
2024-01-03T20:01:31,BTC,24615.5639
2024-01-03T20:01:32,BTC,24632.4588
2024-01-03T20:01:33,BTC,24621.1376
2024-01-03T20:01:34,BTC,24625.6103
2024-01-03T20:01:35,BTC,24632.691
2024-01-03T20:01:36,BTC,24634.204
2024-01-03T20:01:37,BTC,24645.0237
2024-01-03T20:01:38,BTC,24642.6535
2024-01-03T20:01:39,BTC,24636.6307
2024-01-03T20:01:40,BTC,24642.8065
2024-01-03T20:01:41,BTC,24662.2347
2024-01-03T20:01:42,BTC,24662.0093
2024-01-03T20:01:43,BTC,24702.6822
2024-01-03T20:01:44,BTC,24730.8957
2024-01-03T20:01:45,BTC,24749.1686
2024-01-03T20:01:46,BTC,24750.0729
2024-01-03T20:01:47,BTC,24755.3254
2024-01-03T20:01:48,BTC,24772.2964
2024-01-03T20:01:49,BTC,24784.3112
2024-01-03T20:01:50,BTC,24764.0522
2024-01-03T20:01:51,BTC,24749.0289
2024-01-03T20:01:52,BTC,24748.1063
2024-01-03T20:01:53,BTC,24748.1908
2024-01-03T20:01:54,BTC,24756.7587
2024-01-03T20:01:55,BTC,24745.6366
2024-01-03T20:01:56,BTC,24732.3027
2024-01-03T20:01:57,BTC,24739.8784
2024-01-03T20:01:58,BTC,24751.5879
2024-01-03T20:01:59,BTC,24725.6519
2024-01-03T20:02:00,BTC,24726.1703
2024-01-03T20:02:01,BTC,24709.6345
2024-01-03T20:02:02,BTC,24728.5472
2024-01-03T20:02:03,BTC,24726.8946
2024-01-03T20:02:04,BTC,24725.3556
2024-01-03T20:02:05,BTC,24726.7993
2024-01-03T20:02:06,BTC,24723.6358
2024-01-03T20:02:07,BTC,24745.6696
2024-01-03T20:02:08,BTC,24739.8716
2024-01-03T20:02:09,BTC,24746.9309
2024-01-03T20:02:10,BTC,24738.7061
2024-01-03T20:02:11,BTC,24743.1312
2024-01-03T20:02:12,BTC,24732.0238
2024-01-03T20:02:13,BTC,24722.9758
2024-01-03T20:02:14,BTC,24712.3393
2024-01-03T20:02:15,BTC,24723.4777
2024-01-03T20:02:16,BTC,24725.5226
2024-01-03T20:02:17,BTC,24729.8402
2024-01-03T20:02:18,BTC,24747.5793
2024-01-03T20:02:19,BTC,24755.3338
2024-01-03T20:02:20,BTC,24761.3973
2024-01-03T20:02:21,BTC,24758.1842
2024-01-03T20:02:22,BTC,24759.7271
2024-01-03T20:02:23,BTC,24769.9015
2024-01-03T20:02:24,BTC,24765.4415
2024-01-03T20:02:25,BTC,24756.9951
2024-01-03T20:02:26,BTC,24751.6815
2024-01-03T20:02:27,BTC,24764.8993
2024-01-03T20:02:28,BTC,24788.2248
2024-01-03T20:02:29,BTC,24805.7381
2024-01-03T20:02:30,BTC,24802.4014
2024-01-03T20:02:31,BTC,24805.2766
2024-01-03T20:02:32,BTC,24813.6857
2024-01-03T20:02:33,BTC,24830.7794
2024-01-03T20:02:34,BTC,24816.0572
2024-01-03T20:02:35,BTC,24820.6861
2024-01-03T20:02:36,BTC,24842.2375
2024-01-03T20:02:37,BTC,24828.3947
2024-01-03T20:02:38,BTC,24810.6368
2024-01-03T20:02:39,BTC,24808.9185
2024-01-03T20:02:40,BTC,24815.6109
2024-01-03T20:02:41,BTC,24810.7091
2024-01-03T20:02:42,BTC,24805.3925
2024-01-03T20:02:43,BTC,24803.5858
2024-01-03T20:02:44,BTC,24835.6529
2024-01-03T20:02:45,BTC,24816.0497
2024-01-03T20:02:46,BTC,24825.8381
2024-01-03T20:02:47,BTC,24834.6312
2024-01-03T20:02:48,BTC,24843.0025
2024-01-03T20:02:49,BTC,24856.2541
2024-01-03T20:02:50,BTC,24875.0517
2024-01-03T20:02:51,BTC,24860.0758
2024-01-03T20:02:52,BTC,24876.1028
2024-01-03T20:02:53,BTC,24885.2004
2024-01-03T20:02:54,BTC,24893.0786
2024-01-03T20:02:55,BTC,24900.2399
2024-01-03T20:02:56,BTC,24903.2473
2024-01-03T20:02:57,BTC,24895.7769
2024-01-03T20:02:58,BTC,24917.0375
2024-01-03T20:02:59,BTC,24901.0703
2024-01-03T20:03:00,BTC,24902.6705
2024-01-03T20:03:01,BTC,24887.4197
2024-01-03T20:03:02,BTC,24916.7547
2024-01-03T20:03:03,BTC,24926.1715
2024-01-03T20:03:04,BTC,24914.7707
2024-01-03T20:03:05,BTC,24918.8945
2024-01-03T20:03:06,BTC,24914.7561
2024-01-03T20:03:07,BTC,24922.5346
2024-01-03T20:03:08,BTC,24909.9913
2024-01-03T20:03:09,BTC,24894.0852
2024-01-03T20:03:10,BTC,24903.9362
2024-01-03T20:03:11,BTC,24919.5194
2024-01-03T20:03:12,BTC,24921.6538
2024-01-03T20:03:13,BTC,24927.9009
2024-01-03T20:03:14,BTC,24912.2193
2024-01-03T20:03:15,BTC,24905.4908
2024-01-03T20:03:16,BTC,24929.6211
2024-01-03T20:03:17,BTC,24939.6392
2024-01-03T20:03:18,BTC,24918.9354
2024-01-03T20:03:19,BTC,24921.7625
2024-01-03T20:03:20,BTC,24923.7953
2024-01-03T20:03:21,BTC,24934.9468
2024-01-03T20:03:22,BTC,24944.696
2024-01-03T20:03:23,BTC,24953.1243
2024-01-03T20:03:24,BTC,24949.2521
2024-01-03T20:03:25,BTC,24961.5254
2024-01-03T20:03:26,BTC,24977.0512
2024-01-03T20:03:27,BTC,24953.619
2024-01-03T20:03:28,BTC,24965.4145
2024-01-03T20:03:29,BTC,24967.3832
2024-01-03T20:03:30,BTC,24976.9498
2024-01-03T20:03:31,BTC,25022.0168
2024-01-03T20:03:32,BTC,25014.4929
2024-01-03T20:03:33,BTC,25021.6867
2024-01-03T20:03:34,BTC,25019.0203
2024-01-03T20:03:35,BTC,25007.9907
2024-01-03T20:03:36,BTC,24988.8315
2024-01-03T20:03:37,BTC,24982.5845
2024-01-03T20:03:38,BTC,25001.65
2024-01-03T20:03:39,BTC,24999.2776
2024-01-03T20:03:40,BTC,25030.2813
2024-01-03T20:03:41,BTC,25035.3557
2024-01-03T20:03:42,BTC,25028.7802
2024-01-03T20:03:43,BTC,25027.5933
2024-01-03T20:03:44,BTC,25024.4821
2024-01-03T20:03:45,BTC,25035.0032
2024-01-03T20:03:46,BTC,25017.3937
2024-01-03T20:03:47,BTC,25010.5105
2024-01-03T20:03:48,BTC,25016.2576
2024-01-03T20:03:49,BTC,25017.3141
2024-01-03T20:03:50,BTC,25029.439
2024-01-03T20:03:51,BTC,25006.9713
2024-01-03T20:03:52,BTC,24995.6562
2024-01-03T20:03:53,BTC,25002.4848
2024-01-03T20:03:54,BTC,25024.4691
2024-01-03T20:03:55,BTC,25038.2717
2024-01-03T20:03:56,BTC,25049.3699
2024-01-03T20:03:57,BTC,25035.3208
2024-01-03T20:03:58,BTC,25014.6774
2024-01-03T20:03:59,BTC,25012.5167
2024-01-03T20:04:00,BTC,24996.576
2024-01-03T22:41:00,BTC,24987.973
2024-01-03T22:41:01,BTC,25010.5142
2024-01-03T22:41:02,BTC,25008.4745
2024-01-03T22:41:03,BTC,24996.1079
2024-01-03T22:41:04,BTC,24992.266
2024-01-03T22:41:05,BTC,24975.1717
2024-01-03T22:41:06,BTC,24982.0082
2024-01-03T22:41:07,BTC,24964.9805
2024-01-03T22:41:08,BTC,24984.0468
2024-01-03T22:41:09,BTC,24962.7264
2024-01-03T22:41:10,BTC,24961.6015
2024-01-03T22:41:11,BTC,24948.9039
2024-01-03T22:41:12,BTC,24973.7731
2024-01-03T22:41:13,BTC,24959.6588
2024-01-03T22:41:14,BTC,24956.351
2024-01-03T22:41:15,BTC,24928.104
2024-01-03T22:41:16,BTC,24931.2676
2024-01-03T22:41:17,BTC,24940.1
2024-01-03T22:41:18,BTC,24930.2549
2024-01-03T22:41:19,BTC,24909.8871
2024-01-03T22:41:20,BTC,24898.5102
2024-01-03T22:41:21,BTC,24891.099
2024-01-03T22:41:22,BTC,24887.6072
2024-01-03T22:41:23,BTC,24884.14
2024-01-03T22:41:24,BTC,24880.0146
2024-01-03T22:41:25,BTC,24874.0298
2024-01-03T22:41:26,BTC,24847.7117
2024-01-03T22:41:27,BTC,24841.7484
2024-01-03T22:41:28,BTC,24847.9886
2024-01-03T22:41:29,BTC,24846.4478
2024-01-03T22:41:30,BTC,24848.2316
2024-01-03T22:41:31,BTC,24843.2591
2024-01-03T22:41:32,BTC,24823.7108
2024-01-03T22:41:33,BTC,24822.9183
2024-01-03T22:41:34,BTC,24808.9314
2024-01-03T22:41:35,BTC,24817.0054
2024-01-03T22:41:36,BTC,24820.2999
2024-01-03T22:41:37,BTC,24796.0961
2024-01-03T22:41:38,BTC,24786.514
2024-01-03T22:41:39,BTC,24766.4768
2024-01-03T22:41:40,BTC,24769.572
2024-01-03T22:41:41,BTC,24778.1589
2024-01-03T22:41:42,BTC,24770.8944
2024-01-03T22:41:43,BTC,24766.4181
2024-01-03T22:41:44,BTC,24760.7716
2024-01-03T22:41:45,BTC,24766.608
2024-01-03T22:41:46,BTC,24755.8216
2024-01-03T22:41:47,BTC,24751.6945
2024-01-03T22:41:48,BTC,24759.8986
2024-01-03T22:41:49,BTC,24745.6847
2024-01-03T22:41:50,BTC,24724.1969
2024-01-03T22:41:51,BTC,24726.673
2024-01-03T22:41:52,BTC,24734.9589
2024-01-03T22:41:53,BTC,24728.2884
2024-01-03T22:41:54,BTC,24702.7469
2024-01-03T22:41:55,BTC,24696.5086
2024-01-03T22:41:56,BTC,24705.2371
2024-01-03T22:41:57,BTC,24686.2822
2024-01-03T22:41:58,BTC,24670.6396
2024-01-03T22:41:59,BTC,24657.615
2024-01-03T22:42:00,BTC,24662.0007
2024-01-03T22:42:01,BTC,24659.998
2024-01-03T22:42:02,BTC,24654.4033
2024-01-03T22:42:03,BTC,24646.4049
2024-01-03T22:42:04,BTC,24616.1111
2024-01-03T22:42:05,BTC,24606.7033
2024-01-03T22:42:06,BTC,24593.5244
2024-01-03T22:42:07,BTC,24590.4939
2024-01-03T22:42:08,BTC,24579.1712
2024-01-03T22:42:09,BTC,24559.9526
2024-01-03T22:42:10,BTC,24550.3452
2024-01-03T22:42:11,BTC,24563.0814
2024-01-03T22:42:12,BTC,24557.1811
2024-01-03T22:42:13,BTC,24536.6116
2024-01-03T22:42:14,BTC,24541.503
2024-01-03T22:42:15,BTC,24515.3156
2024-01-03T22:42:16,BTC,24506.9526
2024-01-03T22:42:17,BTC,24500.0314
2024-01-03T22:42:18,BTC,24506.9053
2024-01-03T22:42:19,BTC,24521.1982
2024-01-03T22:42:20,BTC,24525.1816
2024-01-03T22:42:21,BTC,24533.528
2024-01-03T22:42:22,BTC,24537.192
2024-01-03T22:42:23,BTC,24509.6863
2024-01-03T22:42:24,BTC,24508.484
2024-01-03T22:42:25,BTC,24501.7157
2024-01-03T22:42:26,BTC,24479.7127
2024-01-03T22:42:27,BTC,24496.2249
2024-01-03T22:42:28,BTC,24495.2977
2024-01-03T22:42:29,BTC,24498.428
2024-01-03T22:42:30,BTC,24498.0402
2024-01-03T22:42:31,BTC,24503.5715
2024-01-03T22:42:32,BTC,24509.4931
2024-01-03T22:42:33,BTC,24490.4747
2024-01-03T22:42:34,BTC,24504.5221
2024-01-03T22:42:35,BTC,24498.6238
2024-01-03T22:42:36,BTC,24496.2609
2024-01-03T22:42:37,BTC,24503.5757
2024-01-03T22:42:38,BTC,24488.8671
2024-01-03T22:42:39,BTC,24482.6089
2024-01-03T22:42:40,BTC,24466.9709
2024-01-03T22:42:41,BTC,24469.7939
2024-01-03T22:42:42,BTC,24462.8479
2024-01-03T22:42:43,BTC,24454.0188
2024-01-03T22:42:44,BTC,24450.5792
2024-01-03T22:42:45,BTC,24461.0984
2024-01-03T22:42:46,BTC,24467.7772
2024-01-03T22:42:47,BTC,24468.1415
2024-01-03T22:42:48,BTC,24467.7144
2024-01-03T22:42:49,BTC,24457.7354
2024-01-03T22:42:50,BTC,24465.0914
2024-01-03T22:42:51,BTC,24482.7981
2024-01-03T22:42:52,BTC,24483.1213
2024-01-03T22:42:53,BTC,24476.7745
2024-01-03T22:42:54,BTC,24465.424
2024-01-03T22:42:55,BTC,24464.4341
2024-01-03T22:42:56,BTC,24473.8328
2024-01-03T22:42:57,BTC,24453.5437
2024-01-03T22:42:58,BTC,24457.5764
2024-01-03T22:42:59,BTC,24431.7848
2024-01-03T22:43:00,BTC,24410.4998
2024-01-03T22:43:01,BTC,24365.4901
2024-01-03T22:43:02,BTC,24392.4494
2024-01-03T22:43:03,BTC,24369.795
2024-01-03T22:43:04,BTC,24363.1135
2024-01-03T22:43:05,BTC,24365.0249
2024-01-03T22:43:06,BTC,24362.6767
2024-01-03T22:43:07,BTC,24349.5295
2024-01-03T22:43:08,BTC,24341.7398
2024-01-03T22:43:09,BTC,24352.4644
2024-01-03T22:43:10,BTC,24328.9807
2024-01-03T22:43:11,BTC,24335.9564
2024-01-03T22:43:12,BTC,24341.3941
2024-01-03T22:43:13,BTC,24316.774
2024-01-03T22:43:14,BTC,24278.8976
2024-01-03T22:43:15,BTC,24290.572
2024-01-03T22:43:16,BTC,24268.2998
2024-01-03T22:43:17,BTC,24277.2351
2024-01-03T22:43:18,BTC,24298.1517
2024-01-03T22:43:19,BTC,24305.8772
2024-01-03T22:43:20,BTC,24307.5802
2024-01-03T22:43:21,BTC,24308.4834
2024-01-03T22:43:22,BTC,24295.215
2024-01-03T22:43:23,BTC,24309.0863
2024-01-03T22:43:24,BTC,24300.615
2024-01-03T22:43:25,BTC,24268.4526
2024-01-03T22:43:26,BTC,24257.1207
2024-01-03T22:43:27,BTC,24226.2308
2024-01-03T22:43:28,BTC,24237.2768
2024-01-03T22:43:29,BTC,24250.4585
2024-01-03T22:43:30,BTC,24273.1461
2024-01-03T22:43:31,BTC,24258.7979
2024-01-03T22:43:32,BTC,24241.0107
2024-01-03T22:43:33,BTC,24227.1427
2024-01-03T22:43:34,BTC,24231.6567
2024-01-03T22:43:35,BTC,24247.9577
2024-01-03T22:43:36,BTC,24260.1095
2024-01-03T22:43:37,BTC,24270.5873
2024-01-03T22:43:38,BTC,24280.4888
2024-01-03T22:43:39,BTC,24265.8701
2024-01-03T22:43:40,BTC,24266.1294
2024-01-03T22:43:41,BTC,24251.5017
2024-01-03T22:43:42,BTC,24225.4377
2024-01-03T22:43:43,BTC,24227.6653
2024-01-03T22:43:44,BTC,24220.5825
2024-01-03T22:43:45,BTC,24232.937
2024-01-03T22:43:46,BTC,24212.52
2024-01-03T22:43:47,BTC,24200.2757
2024-01-03T22:43:48,BTC,24205.2935
2024-01-03T22:43:49,BTC,24214.6473
2024-01-03T22:43:50,BTC,24191.2326
2024-01-03T22:43:51,BTC,24184.1894
2024-01-03T22:43:52,BTC,24168.1151
2024-01-03T22:43:53,BTC,24164.7562
2024-01-03T22:43:54,BTC,24178.9669
2024-01-03T22:43:55,BTC,24180.6382
2024-01-03T22:43:56,BTC,24200.9961
2024-01-03T22:43:57,BTC,24194.064
2024-01-03T22:43:58,BTC,24221.7673
2024-01-03T22:43:59,BTC,24194.0179
2024-01-03T22:44:00,BTC,24190.766
2024-01-03T22:44:01,BTC,24189.0061
2024-01-03T22:44:02,BTC,24198.187
2024-01-03T22:44:03,BTC,24210.9513
2024-01-03T22:44:04,BTC,24220.5712
2024-01-03T22:44:05,BTC,24204.3113
2024-01-03T22:44:06,BTC,24179.8541
2024-01-03T22:44:07,BTC,24170.2535
2024-01-03T22:44:08,BTC,24158.3308
2024-01-03T22:44:09,BTC,24144.451
2024-01-03T22:44:10,BTC,24138.9625
2024-01-03T22:44:11,BTC,24129.6227
2024-01-03T22:44:12,BTC,24105.3824
2024-01-03T22:44:13,BTC,24092.5703
2024-01-03T22:44:14,BTC,24098.8045
2024-01-03T22:44:15,BTC,24110.8091
2024-01-03T22:44:16,BTC,24115.9521
2024-01-03T22:44:17,BTC,24092.6132
2024-01-03T22:44:18,BTC,24075.9193
2024-01-03T22:44:19,BTC,24075.0894
2024-01-03T22:44:20,BTC,24049.633
2024-01-03T22:44:21,BTC,24039.4875
2024-01-03T22:44:22,BTC,24032.1047
2024-01-03T22:44:23,BTC,24003.0259
2024-01-03T22:44:24,BTC,24003.1143
2024-01-03T22:44:25,BTC,24009.6161
2024-01-03T22:44:26,BTC,24017.2811
2024-01-03T22:44:27,BTC,23995.4712
2024-01-03T22:44:28,BTC,23995.3274
2024-01-03T22:44:29,BTC,24000.0571
2024-01-03T22:44:30,BTC,24000.3703
2024-01-03T22:44:31,BTC,24020.73
2024-01-03T22:44:32,BTC,24026.0908
2024-01-03T22:44:33,BTC,24032.1326
2024-01-03T22:44:34,BTC,24045.2836
2024-01-03T22:44:35,BTC,24035.9136
2024-01-03T22:44:36,BTC,24031.5017
2024-01-03T22:44:37,BTC,24025.132
2024-01-03T22:44:38,BTC,24014.0867
2024-01-03T22:44:39,BTC,24004.6856
2024-01-03T22:44:40,BTC,23984.2046
2024-01-03T22:44:41,BTC,23978.1694
2024-01-03T22:44:42,BTC,23966.9764
2024-01-03T22:44:43,BTC,23997.8729
2024-01-03T22:44:44,BTC,24006.5815
2024-01-03T22:44:45,BTC,23988.2332
2024-01-03T22:44:46,BTC,23976.9669
2024-01-03T22:44:47,BTC,23963.8554
2024-01-03T22:44:48,BTC,23948.3301
2024-01-03T22:44:49,BTC,23924.5712
2024-01-03T22:44:50,BTC,23938.0073
2024-01-03T22:44:51,BTC,23939.4896
2024-01-03T22:44:52,BTC,23925.3799
2024-01-03T22:44:53,BTC,23916.8739
2024-01-03T22:44:54,BTC,23913.9152
2024-01-03T22:44:55,BTC,23905.6073
2024-01-03T22:44:56,BTC,23890.8631
2024-01-03T22:44:57,BTC,23898.896
2024-01-03T22:44:58,BTC,23890.2234
2024-01-03T22:44:59,BTC,23877.1236
2024-01-03T22:45:00,BTC,23869.9559
2024-01-03T22:45:01,BTC,23840.1884
2024-01-03T22:45:02,BTC,23842.0005
2024-01-03T22:45:03,BTC,23828.6628
2024-01-03T22:45:04,BTC,23816.5549
2024-01-03T22:45:05,BTC,23822.1344
2024-01-03T22:45:06,BTC,23825.9925
2024-01-03T22:45:07,BTC,23831.6999
2024-01-03T22:45:08,BTC,23830.3411
2024-01-03T22:45:09,BTC,23825.7574
2024-01-03T22:45:10,BTC,23826.0344
2024-01-03T22:45:11,BTC,23829.0758
2024-01-03T22:45:12,BTC,23816.2389
2024-01-03T22:45:13,BTC,23822.5764
2024-01-03T22:45:14,BTC,23833.8324
2024-01-03T22:45:15,BTC,23836.2849
2024-01-03T22:45:16,BTC,23834.7102
2024-01-03T22:45:17,BTC,23833.4201
2024-01-03T22:45:18,BTC,23812.1816
2024-01-03T22:45:19,BTC,23821.0148
2024-01-03T22:45:20,BTC,23817.7001
2024-01-03T22:45:21,BTC,23792.9541
2024-01-03T22:45:22,BTC,23790.9844
2024-01-03T22:45:23,BTC,23795.4185
2024-01-03T22:45:24,BTC,23775.8691
2024-01-03T22:45:25,BTC,23793.9553
2024-01-03T22:45:26,BTC,23790.5326
2024-01-03T22:45:27,BTC,23789.0184
2024-01-03T22:45:28,BTC,23780.815
2024-01-03T22:45:29,BTC,23776.1736
2024-01-03T22:45:30,BTC,23773.1539
2024-01-03T22:45:31,BTC,23768.0993
2024-01-03T22:45:32,BTC,23747.1781
2024-01-03T22:45:33,BTC,23740.7737
2024-01-03T22:45:34,BTC,23766.2894
2024-01-03T22:45:35,BTC,23761.1141
2024-01-03T22:45:36,BTC,23747.2594
2024-01-03T22:45:37,BTC,23754.3396
2024-01-03T22:45:38,BTC,23753.0142
2024-01-03T22:45:39,BTC,23729.5801
2024-01-03T22:45:40,BTC,23724.2561
2024-01-03T22:45:41,BTC,23721.3993
2024-01-03T22:45:42,BTC,23720.5427
2024-01-03T22:45:43,BTC,23704.6283
2024-01-03T22:45:44,BTC,23683.1065
2024-01-03T22:45:45,BTC,23670.0958
2024-01-03T22:45:46,BTC,23675.2362
2024-01-03T22:45:47,BTC,23657.8421
2024-01-03T22:45:48,BTC,23634.5047
2024-01-03T22:45:49,BTC,23650.1363
2024-01-03T22:45:50,BTC,23647.662
2024-01-03T22:45:51,BTC,23641.0083
2024-01-03T22:45:52,BTC,23628.1883
2024-01-03T22:45:53,BTC,23623.5372
2024-01-03T22:45:54,BTC,23629.2642
2024-01-03T22:45:55,BTC,23627.513
2024-01-03T22:45:56,BTC,23609.8432
2024-01-03T22:45:57,BTC,23609.0378
2024-01-03T22:45:58,BTC,23601.4465
2024-01-03T22:45:59,BTC,23621.1529
2024-01-03T22:46:00,BTC,23605.8923
2024-01-03T22:46:01,BTC,23608.1408
2024-01-03T22:46:02,BTC,23598.3207
2024-01-03T22:46:03,BTC,23591.1496
2024-01-03T22:46:04,BTC,23605.2099
2024-01-03T22:46:05,BTC,23605.0245
2024-01-03T22:46:06,BTC,23613.2482
2024-01-03T22:46:07,BTC,23610.37
2024-01-03T22:46:08,BTC,23610.0779
2024-01-03T22:46:09,BTC,23621.2572
2024-01-03T22:46:10,BTC,23643.6183
2024-01-03T22:46:11,BTC,23636.7197
2024-01-03T22:46:12,BTC,23621.1478
2024-01-03T22:46:13,BTC,23616.7625
2024-01-03T22:46:14,BTC,23623.5746
2024-01-03T22:46:15,BTC,23615.7793
2024-01-03T22:46:16,BTC,23627.4122
2024-01-03T22:46:17,BTC,23617.8418
2024-01-03T22:46:18,BTC,23614.019
2024-01-03T22:46:19,BTC,23603.979
2024-01-03T22:46:20,BTC,23625.1338
2024-01-03T22:46:21,BTC,23625.4531
2024-01-03T22:46:22,BTC,23610.7715
2024-01-03T22:46:23,BTC,23591.1244
2024-01-03T22:46:24,BTC,23564.4416
2024-01-03T22:46:25,BTC,23555.1307
2024-01-03T22:46:26,BTC,23554.1293
2024-01-03T22:46:27,BTC,23556.2251
2024-01-03T22:46:28,BTC,23528.1511
2024-01-03T22:46:29,BTC,23518.6425
2024-01-03T22:46:30,BTC,23513.2621
2024-01-03T22:46:31,BTC,23516.7077
2024-01-03T22:46:32,BTC,23522.7603
2024-01-03T22:46:33,BTC,23510.379
2024-01-03T22:46:34,BTC,23498.7978
2024-01-03T22:46:35,BTC,23496.6677
2024-01-03T22:46:36,BTC,23492.5529
2024-01-03T22:46:37,BTC,23487.512
2024-01-03T22:46:38,BTC,23489.4736
2024-01-03T22:46:39,BTC,23464.2551
2024-01-03T22:46:40,BTC,23463.632
2024-01-03T22:46:41,BTC,23451.9825
2024-01-03T22:46:42,BTC,23452.2356
2024-01-03T22:46:43,BTC,23450.8952
2024-01-03T22:46:44,BTC,23462.5768
2024-01-03T22:46:45,BTC,23463.1215
2024-01-03T22:46:46,BTC,23455.139
2024-01-03T22:46:47,BTC,23457.2143
2024-01-03T22:46:48,BTC,23456.3086
2024-01-03T22:46:49,BTC,23459.1557
2024-01-03T22:46:50,BTC,23480.5054
2024-01-03T22:46:51,BTC,23483.0545
2024-01-03T22:46:52,BTC,23503.8877
2024-01-03T22:46:53,BTC,23506.3246
2024-01-03T22:46:54,BTC,23501.4735
2024-01-03T22:46:55,BTC,23479.6859
2024-01-03T22:46:56,BTC,23494.2598
2024-01-03T22:46:57,BTC,23487.3225
2024-01-03T22:46:58,BTC,23466.7011
2024-01-03T22:46:59,BTC,23474.7057
2024-01-03T22:47:00,BTC,23460.8454
2024-01-04T00:15:00,BTC,23467.8594
2024-01-04T00:15:01,BTC,23479.8105
2024-01-04T00:15:02,BTC,23480.5974
2024-01-04T00:15:03,BTC,23488.1287
2024-01-04T00:15:04,BTC,23478.6892
2024-01-04T00:15:05,BTC,23448.8501
2024-01-04T00:15:06,BTC,23442.1485
2024-01-04T00:15:07,BTC,23452.1183
2024-01-04T00:15:08,BTC,23453.1509
2024-01-04T00:15:09,BTC,23434.6677
2024-01-04T00:15:10,BTC,23449.5733
2024-01-04T00:15:11,BTC,23471.4613
2024-01-04T00:15:12,BTC,23469.7092
2024-01-04T00:15:13,BTC,23493.8304
2024-01-04T00:15:14,BTC,23487.303
2024-01-04T00:15:15,BTC,23503.3574
2024-01-04T00:15:16,BTC,23485.5174
2024-01-04T00:15:17,BTC,23461.0097
2024-01-04T00:15:18,BTC,23451.426
2024-01-04T00:15:19,BTC,23457.1272
2024-01-04T00:15:20,BTC,23455.3902
2024-01-04T00:15:21,BTC,23468.549
2024-01-04T00:15:22,BTC,23478.5436
2024-01-04T00:15:23,BTC,23492.8752
2024-01-04T00:15:24,BTC,23499.2519
2024-01-04T00:15:25,BTC,23504.0872
2024-01-04T00:15:26,BTC,23486.0921
2024-01-04T00:15:27,BTC,23500.1119
2024-01-04T00:15:28,BTC,23503.5943
2024-01-04T00:15:29,BTC,23498.5656
2024-01-04T00:15:30,BTC,23482.3657
2024-01-04T00:15:31,BTC,23500.323
2024-01-04T00:15:32,BTC,23513.7567
2024-01-04T00:15:33,BTC,23506.2256
2024-01-04T00:15:34,BTC,23517.984
2024-01-04T00:15:35,BTC,23530.5786
2024-01-04T00:15:36,BTC,23537.0262
2024-01-04T00:15:37,BTC,23557.8854
2024-01-04T00:15:38,BTC,23539.9568
2024-01-04T00:15:39,BTC,23532.4185
2024-01-04T00:15:40,BTC,23551.686
2024-01-04T00:15:41,BTC,23566.4852
2024-01-04T00:15:42,BTC,23562.1248
2024-01-04T00:15:43,BTC,23593.9355
2024-01-04T00:15:44,BTC,23601.8769
2024-01-04T00:15:45,BTC,23618.5088
2024-01-04T00:15:46,BTC,23610.9325
2024-01-04T00:15:47,BTC,23625.039
2024-01-04T00:15:48,BTC,23615.0497
2024-01-04T00:15:49,BTC,23613.4568
2024-01-04T00:15:50,BTC,23632.3627
2024-01-04T00:15:51,BTC,23643.9956
2024-01-04T00:15:52,BTC,23626.4446
2024-01-04T00:15:53,BTC,23622.0723
2024-01-04T00:15:54,BTC,23630.8966
2024-01-04T00:15:55,BTC,23633.5724
2024-01-04T00:15:56,BTC,23627.069
2024-01-04T00:15:57,BTC,23636.0871
2024-01-04T00:15:58,BTC,23645.4735
2024-01-04T00:15:59,BTC,23648.2305
2024-01-04T00:16:00,BTC,23651.3839
2024-01-04T00:16:01,BTC,23616.189
2024-01-04T00:16:02,BTC,23625.1568
2024-01-04T00:16:03,BTC,23613.7255
2024-01-04T00:16:04,BTC,23602.4411
2024-01-04T00:16:05,BTC,23592.4837
2024-01-04T00:16:06,BTC,23612.9649
2024-01-04T00:16:07,BTC,23608.2189
2024-01-04T00:16:08,BTC,23609.9374
2024-01-04T00:16:09,BTC,23619.9486
2024-01-04T00:16:10,BTC,23625.9337
2024-01-04T00:16:11,BTC,23607.8281
2024-01-04T00:16:12,BTC,23614.2854
2024-01-04T00:16:13,BTC,23616.8439
2024-01-04T00:16:14,BTC,23617.0781
2024-01-04T00:16:15,BTC,23598.6215
2024-01-04T00:16:16,BTC,23611.5776
2024-01-04T00:16:17,BTC,23596.9814
2024-01-04T00:16:18,BTC,23575.1295
2024-01-04T00:16:19,BTC,23563.6674
2024-01-04T00:16:20,BTC,23563.8827
2024-01-04T00:16:21,BTC,23586.1829
2024-01-04T00:16:22,BTC,23570.3003
2024-01-04T00:16:23,BTC,23573.6345
2024-01-04T00:16:24,BTC,23566.9248
2024-01-04T00:16:25,BTC,23558.2094
2024-01-04T00:16:26,BTC,23551.8686
2024-01-04T00:16:27,BTC,23537.37
2024-01-04T00:16:28,BTC,23524.6107
2024-01-04T00:16:29,BTC,23528.9547
2024-01-04T00:16:30,BTC,23520.0612
2024-01-04T00:16:31,BTC,23518.4484
2024-01-04T00:16:32,BTC,23489.516
2024-01-04T00:16:33,BTC,23480.5728
2024-01-04T00:16:34,BTC,23501.3633
2024-01-04T00:16:35,BTC,23510.0833
2024-01-04T00:16:36,BTC,23510.3971
2024-01-04T00:16:37,BTC,23537.7183
2024-01-04T00:16:38,BTC,23546.0418
2024-01-04T00:16:39,BTC,23532.5057
2024-01-04T00:16:40,BTC,23550.6418
2024-01-04T00:16:41,BTC,23552.4487
2024-01-04T00:16:42,BTC,23556.2946
2024-01-04T00:16:43,BTC,23553.6286
2024-01-04T00:16:44,BTC,23562.7881
2024-01-04T00:16:45,BTC,23582.8778
2024-01-04T00:16:46,BTC,23575.8044
2024-01-04T00:16:47,BTC,23560.2193
2024-01-04T00:16:48,BTC,23561.9155
2024-01-04T00:16:49,BTC,23567.993
2024-01-04T00:16:50,BTC,23571.1178
2024-01-04T00:16:51,BTC,23568.5972
2024-01-04T00:16:52,BTC,23560.5366
2024-01-04T00:16:53,BTC,23574.1789
2024-01-04T00:16:54,BTC,23565.7266
2024-01-04T00:16:55,BTC,23567.1704
2024-01-04T00:16:56,BTC,23583.8729
2024-01-04T00:16:57,BTC,23610.6003
2024-01-04T00:16:58,BTC,23616.4101
2024-01-04T00:16:59,BTC,23645.2457
2024-01-04T00:17:00,BTC,23662.4633
2024-01-04T00:17:01,BTC,23642.4821
2024-01-04T00:17:02,BTC,23646.276
2024-01-04T00:17:03,BTC,23645.791
2024-01-04T00:17:04,BTC,23639.5214
2024-01-04T00:17:05,BTC,23636.4317
2024-01-04T00:17:06,BTC,23627.1158
2024-01-04T00:17:07,BTC,23615.2541
2024-01-04T00:17:08,BTC,23627.6527
2024-01-04T00:17:09,BTC,23620.4387
2024-01-04T00:17:10,BTC,23627.0112
2024-01-04T00:17:11,BTC,23613.5918
2024-01-04T00:17:12,BTC,23607.3285
2024-01-04T00:17:13,BTC,23608.5118
2024-01-04T00:17:14,BTC,23609.9574
2024-01-04T00:17:15,BTC,23612.8263
2024-01-04T00:17:16,BTC,23623.7518
2024-01-04T00:17:17,BTC,23615.1614
2024-01-04T00:17:18,BTC,23600.7002
2024-01-04T00:17:19,BTC,23598.6844
2024-01-04T00:17:20,BTC,23587.362
2024-01-04T00:17:21,BTC,23590.134
2024-01-04T00:17:22,BTC,23608.3833
2024-01-04T00:17:23,BTC,23601.8808
2024-01-04T00:17:24,BTC,23599.206
2024-01-04T00:17:25,BTC,23604.5591
2024-01-04T00:17:26,BTC,23590.8034
2024-01-04T00:17:27,BTC,23588.2885
2024-01-04T00:17:28,BTC,23596.5479
2024-01-04T00:17:29,BTC,23615.5276
2024-01-04T00:17:30,BTC,23638.2133
2024-01-04T00:17:31,BTC,23624.4981
2024-01-04T00:17:32,BTC,23610.9995
2024-01-04T00:17:33,BTC,23620.1931
2024-01-04T00:17:34,BTC,23620.1674
2024-01-04T00:17:35,BTC,23622.1266
2024-01-04T00:17:36,BTC,23633.9566
2024-01-04T00:17:37,BTC,23644.876
2024-01-04T00:17:38,BTC,23643.2539
2024-01-04T00:17:39,BTC,23640.1184
2024-01-04T00:17:40,BTC,23639.0842
2024-01-04T00:17:41,BTC,23636.3261
2024-01-04T00:17:42,BTC,23645.4643
2024-01-04T00:17:43,BTC,23658.33
2024-01-04T00:17:44,BTC,23640.5919
2024-01-04T00:17:45,BTC,23618.4873
2024-01-04T00:17:46,BTC,23629.7725
2024-01-04T00:17:47,BTC,23629.7227
2024-01-04T00:17:48,BTC,23630.615
2024-01-04T00:17:49,BTC,23630.112
2024-01-04T00:17:50,BTC,23619.6629
2024-01-04T00:17:51,BTC,23609.4769
2024-01-04T00:17:52,BTC,23605.1498
2024-01-04T00:17:53,BTC,23626.9922
2024-01-04T00:17:54,BTC,23626.2493
2024-01-04T00:17:55,BTC,23631.541
2024-01-04T00:17:56,BTC,23622.7746
2024-01-04T00:17:57,BTC,23626.3338
2024-01-04T00:17:58,BTC,23646.0395
2024-01-04T00:17:59,BTC,23654.9945
2024-01-04T00:18:00,BTC,23660.4476
2024-01-04T00:18:01,BTC,23657.3885
2024-01-04T00:18:02,BTC,23645.8829
2024-01-04T00:18:03,BTC,23638.565
2024-01-04T00:18:04,BTC,23645.1195
2024-01-04T00:18:05,BTC,23662.2281
2024-01-04T00:18:06,BTC,23667.9982
2024-01-04T00:18:07,BTC,23648.201
2024-01-04T00:18:08,BTC,23626.239
2024-01-04T00:18:09,BTC,23626.3633
2024-01-04T00:18:10,BTC,23620.8334
2024-01-04T00:18:11,BTC,23641.7153
2024-01-04T00:18:12,BTC,23655.4978
2024-01-04T00:18:13,BTC,23650.376
2024-01-04T00:18:14,BTC,23638.8797
2024-01-04T00:18:15,BTC,23610.4091
2024-01-04T00:18:16,BTC,23611.7364
2024-01-04T00:18:17,BTC,23601.9369
2024-01-04T00:18:18,BTC,23605.004
2024-01-04T00:18:19,BTC,23594.965
2024-01-04T00:18:20,BTC,23599.1372
2024-01-04T00:18:21,BTC,23581.7243
2024-01-04T00:18:22,BTC,23584.2569
2024-01-04T00:18:23,BTC,23591.4597
2024-01-04T00:18:24,BTC,23582.6164
2024-01-04T00:18:25,BTC,23572.322
2024-01-04T00:18:26,BTC,23570.2188
2024-01-04T00:18:27,BTC,23566.9731
2024-01-04T00:18:28,BTC,23576.5048
2024-01-04T00:18:29,BTC,23582.2297
2024-01-04T00:18:30,BTC,23597.6855
2024-01-04T00:18:31,BTC,23614.6216
2024-01-04T00:18:32,BTC,23616.8551
2024-01-04T00:18:33,BTC,23626.5254
2024-01-04T00:18:34,BTC,23635.2422
2024-01-04T00:18:35,BTC,23628.9873
2024-01-04T00:18:36,BTC,23654.4785
2024-01-04T00:18:37,BTC,23647.2249
2024-01-04T00:18:38,BTC,23637.8648
2024-01-04T00:18:39,BTC,23629.5812
2024-01-04T00:18:40,BTC,23633.0822
2024-01-04T00:18:41,BTC,23635.8622
2024-01-04T00:18:42,BTC,23646.4336
2024-01-04T00:18:43,BTC,23640.9109
2024-01-04T00:18:44,BTC,23654.8928
2024-01-04T00:18:45,BTC,23675.9669
2024-01-04T00:18:46,BTC,23663.4017
2024-01-04T00:18:47,BTC,23672.2808
2024-01-04T00:18:48,BTC,23678.2164
2024-01-04T00:18:49,BTC,23674.1022
2024-01-04T00:18:50,BTC,23678.1338
2024-01-04T00:18:51,BTC,23674.7701
2024-01-04T00:18:52,BTC,23665.568
2024-01-04T00:18:53,BTC,23690.2216
2024-01-04T00:18:54,BTC,23705.7542
2024-01-04T00:18:55,BTC,23721.0726
2024-01-04T00:18:56,BTC,23718.1393
2024-01-04T00:18:57,BTC,23733.6134
2024-01-04T00:18:58,BTC,23727.0657
2024-01-04T00:18:59,BTC,23727.7055
2024-01-04T00:19:00,BTC,23715.0599
2024-01-04T00:19:01,BTC,23697.9869
2024-01-04T00:19:02,BTC,23704.0307
2024-01-04T00:19:03,BTC,23709.1913
2024-01-04T00:19:04,BTC,23693.7819
2024-01-04T00:19:05,BTC,23691.92
2024-01-04T00:19:06,BTC,23692.3354
2024-01-04T00:19:07,BTC,23712.8794
2024-01-04T00:19:08,BTC,23691.7713
2024-01-04T00:19:09,BTC,23703.985
2024-01-04T00:19:10,BTC,23716.4943
2024-01-04T00:19:11,BTC,23725.9089
2024-01-04T00:19:12,BTC,23710.4056
2024-01-04T00:19:13,BTC,23727.5963
2024-01-04T00:19:14,BTC,23720.4969
2024-01-04T00:19:15,BTC,23725.2363
2024-01-04T00:19:16,BTC,23730.3359
2024-01-04T00:19:17,BTC,23740.4215
2024-01-04T00:19:18,BTC,23733.2872
2024-01-04T00:19:19,BTC,23748.9787
2024-01-04T00:19:20,BTC,23733.2451
2024-01-04T00:19:21,BTC,23733.5561
2024-01-04T00:19:22,BTC,23738.4103
2024-01-04T00:19:23,BTC,23750.0409
2024-01-04T00:19:24,BTC,23737.3125
2024-01-04T00:19:25,BTC,23721.3953
2024-01-04T00:19:26,BTC,23698.4586
2024-01-04T00:19:27,BTC,23707.5308
2024-01-04T00:19:28,BTC,23694.2928
2024-01-04T00:19:29,BTC,23683.2274
2024-01-04T00:19:30,BTC,23689.2477
2024-01-04T00:19:31,BTC,23676.2406
2024-01-04T00:19:32,BTC,23675.075
2024-01-04T00:19:33,BTC,23670.7347
2024-01-04T00:19:34,BTC,23671.6427
2024-01-04T00:19:35,BTC,23699.0339
2024-01-04T00:19:36,BTC,23718.1379
2024-01-04T00:19:37,BTC,23756.3718
2024-01-04T00:19:38,BTC,23739.0688
2024-01-04T00:19:39,BTC,23735.9143
2024-01-04T00:19:40,BTC,23740.5397
2024-01-04T00:19:41,BTC,23742.6368
2024-01-04T00:19:42,BTC,23734.5506
2024-01-04T00:19:43,BTC,23732.0643
2024-01-04T00:19:44,BTC,23725.6844
2024-01-04T00:19:45,BTC,23720.8717
2024-01-04T00:19:46,BTC,23716.319
2024-01-04T00:19:47,BTC,23708.3583
2024-01-04T00:19:48,BTC,23688.3777
2024-01-04T00:19:49,BTC,23680.1058
2024-01-04T00:19:50,BTC,23687.9236
2024-01-04T00:19:51,BTC,23679.097
2024-01-04T00:19:52,BTC,23666.6259
2024-01-04T00:19:53,BTC,23668.7678
2024-01-04T00:19:54,BTC,23651.8701
2024-01-04T00:19:55,BTC,23654.5189
2024-01-04T00:19:56,BTC,23676.1983
2024-01-04T00:19:57,BTC,23679.3527
2024-01-04T00:19:58,BTC,23668.3513
2024-01-04T00:19:59,BTC,23652.5589
2024-01-04T00:20:00,BTC,23661.3539
2024-01-04T00:20:01,BTC,23671.7307
2024-01-04T00:20:02,BTC,23667.0208
2024-01-04T00:20:03,BTC,23649.9229
2024-01-04T00:20:04,BTC,23635.3232
2024-01-04T00:20:05,BTC,23626.1616
2024-01-04T00:20:06,BTC,23659.8802
2024-01-04T00:20:07,BTC,23652.8604
2024-01-04T00:20:08,BTC,23644.4949
2024-01-04T00:20:09,BTC,23658.4131
2024-01-04T00:20:10,BTC,23675.3871
2024-01-04T00:20:11,BTC,23656.6738
2024-01-04T00:20:12,BTC,23668.6488
2024-01-04T00:20:13,BTC,23658.4595
2024-01-04T00:20:14,BTC,23660.1108
2024-01-04T00:20:15,BTC,23647.9818
2024-01-04T00:20:16,BTC,23667.2464
2024-01-04T00:20:17,BTC,23670.8724
2024-01-04T00:20:18,BTC,23681.5914
2024-01-04T00:20:19,BTC,23686.1719
2024-01-04T00:20:20,BTC,23699.0762
2024-01-04T00:20:21,BTC,23703.2895
2024-01-04T00:20:22,BTC,23696.351
2024-01-04T00:20:23,BTC,23714.996
2024-01-04T00:20:24,BTC,23739.8119
2024-01-04T00:20:25,BTC,23748.3971
2024-01-04T00:20:26,BTC,23748.3152
2024-01-04T00:20:27,BTC,23728.0906
2024-01-04T00:20:28,BTC,23723.531
2024-01-04T00:20:29,BTC,23701.6134
2024-01-04T00:20:30,BTC,23691.7126
2024-01-04T00:20:31,BTC,23709.1053
2024-01-04T00:20:32,BTC,23706.6585
2024-01-04T00:20:33,BTC,23706.3257
2024-01-04T00:20:34,BTC,23700.8301
2024-01-04T00:20:35,BTC,23678.8261
2024-01-04T00:20:36,BTC,23693.0811
2024-01-04T00:20:37,BTC,23706.1437
2024-01-04T00:20:38,BTC,23690.1768
2024-01-04T00:20:39,BTC,23692.055
2024-01-04T00:20:40,BTC,23702.2504
2024-01-04T00:20:41,BTC,23676.663
2024-01-04T00:20:42,BTC,23661.0722
2024-01-04T00:20:43,BTC,23633.3119
2024-01-04T00:20:44,BTC,23638.6712
2024-01-04T00:20:45,BTC,23644.3399
2024-01-04T00:20:46,BTC,23658.0253
2024-01-04T00:20:47,BTC,23661.1192
2024-01-04T00:20:48,BTC,23646.2705
2024-01-04T00:20:49,BTC,23634.1895
2024-01-04T00:20:50,BTC,23655.3339
2024-01-04T00:20:51,BTC,23651.6898
2024-01-04T00:20:52,BTC,23638.6623
2024-01-04T00:20:53,BTC,23643.5046
2024-01-04T00:20:54,BTC,23646.9111
2024-01-04T00:20:55,BTC,23648.6713
2024-01-04T00:20:56,BTC,23648.2217
2024-01-04T00:20:57,BTC,23630.8065
2024-01-04T00:20:58,BTC,23630.1391
2024-01-04T00:20:59,BTC,23639.9183
2024-01-04T00:21:00,BTC,23648.3428
2024-01-04T04:02:00,BTC,23633.644
2024-01-04T04:02:01,BTC,23649.0269
2024-01-04T04:02:02,BTC,23647.2763
2024-01-04T04:02:03,BTC,23646.9133
2024-01-04T04:02:04,BTC,23628.8866
2024-01-04T04:02:05,BTC,23624.5875
2024-01-04T04:02:06,BTC,23613.7186
2024-01-04T04:02:07,BTC,23621.2194
2024-01-04T04:02:08,BTC,23615.9777
2024-01-04T04:02:09,BTC,23596.4707
2024-01-04T04:02:10,BTC,23577.5833
2024-01-04T04:02:11,BTC,23583.85
2024-01-04T04:02:12,BTC,23576.7051
2024-01-04T04:02:13,BTC,23583.9864
2024-01-04T04:02:14,BTC,23568.4138
2024-01-04T04:02:15,BTC,23557.7331
2024-01-04T04:02:16,BTC,23568.7552
2024-01-04T04:02:17,BTC,23554.2869
2024-01-04T04:02:18,BTC,23547.168
2024-01-04T04:02:19,BTC,23541.4513
2024-01-04T04:02:20,BTC,23529.946
2024-01-04T04:02:21,BTC,23525.205
2024-01-04T04:02:22,BTC,23529.6216
2024-01-04T04:02:23,BTC,23513.2167
2024-01-04T04:02:24,BTC,23496.0839
2024-01-04T04:02:25,BTC,23476.562
2024-01-04T04:02:26,BTC,23464.5416
2024-01-04T04:02:27,BTC,23451.4792
2024-01-04T04:02:28,BTC,23438.1593
2024-01-04T04:02:29,BTC,23443.4717
2024-01-04T04:02:30,BTC,23457.8799
2024-01-04T04:02:31,BTC,23446.331
2024-01-04T04:02:32,BTC,23431.5732
2024-01-04T04:02:33,BTC,23413.1152
2024-01-04T04:02:34,BTC,23407.862
2024-01-04T04:02:35,BTC,23392.7462
2024-01-04T04:02:36,BTC,23390.3339
2024-01-04T04:02:37,BTC,23400.3479
2024-01-04T04:02:38,BTC,23391.439
2024-01-04T04:02:39,BTC,23381.7458
2024-01-04T04:02:40,BTC,23375.2324
2024-01-04T04:02:41,BTC,23369.3232
2024-01-04T04:02:42,BTC,23381.2076
2024-01-04T04:02:43,BTC,23377.1685
2024-01-04T04:02:44,BTC,23373.0998
2024-01-04T04:02:45,BTC,23350.2038
2024-01-04T04:02:46,BTC,23339.8017
2024-01-04T04:02:47,BTC,23327.4325
2024-01-04T04:02:48,BTC,23321.1561
2024-01-04T04:02:49,BTC,23301.3959
2024-01-04T04:02:50,BTC,23295.3698
2024-01-04T04:02:51,BTC,23291.3044
2024-01-04T04:02:52,BTC,23282.6333
2024-01-04T04:02:53,BTC,23293.3427
2024-01-04T04:02:54,BTC,23280.6968
2024-01-04T04:02:55,BTC,23296.4686
2024-01-04T04:02:56,BTC,23295.1945
2024-01-04T04:02:57,BTC,23265.1296
2024-01-04T04:02:58,BTC,23259.01
2024-01-04T04:02:59,BTC,23262.4345
2024-01-04T04:03:00,BTC,23253.4765
2024-01-04T04:03:01,BTC,23252.0215
2024-01-04T04:03:02,BTC,23240.3551
2024-01-04T04:03:03,BTC,23234.4496
2024-01-04T04:03:04,BTC,23223.6727
2024-01-04T04:03:05,BTC,23210.8366
2024-01-04T04:03:06,BTC,23191.1619
2024-01-04T04:03:07,BTC,23182.8746
2024-01-04T04:03:08,BTC,23168.0117
2024-01-04T04:03:09,BTC,23169.2733
2024-01-04T04:03:10,BTC,23157.2475
2024-01-04T04:03:11,BTC,23164.1008
2024-01-04T04:03:12,BTC,23151.8924
2024-01-04T04:03:13,BTC,23142.5433
2024-01-04T04:03:14,BTC,23155.443
2024-01-04T04:03:15,BTC,23159.2194
2024-01-04T04:03:16,BTC,23151.4505
2024-01-04T04:03:17,BTC,23144.4827
2024-01-04T04:03:18,BTC,23133.7347
2024-01-04T04:03:19,BTC,23128.2293
2024-01-04T04:03:20,BTC,23134.787
2024-01-04T04:03:21,BTC,23120.23
2024-01-04T04:03:22,BTC,23109.8248
2024-01-04T04:03:23,BTC,23124.6579
2024-01-04T04:03:24,BTC,23119.29
2024-01-04T04:03:25,BTC,23120.7285
2024-01-04T04:03:26,BTC,23128.5865
2024-01-04T04:03:27,BTC,23133.1503
2024-01-04T04:03:28,BTC,23123.7867
2024-01-04T04:03:29,BTC,23115.0493
2024-01-04T04:03:30,BTC,23108.2149
2024-01-04T04:03:31,BTC,23100.5593
2024-01-04T04:03:32,BTC,23087.6885
2024-01-04T04:03:33,BTC,23083.9704
2024-01-04T04:03:34,BTC,23057.0833
2024-01-04T04:03:35,BTC,23033.291
2024-01-04T04:03:36,BTC,23017.93
2024-01-04T04:03:37,BTC,23022.1492
2024-01-04T04:03:38,BTC,23033.6579
2024-01-04T04:03:39,BTC,23016.3273
2024-01-04T04:03:40,BTC,23016.7206
2024-01-04T04:03:41,BTC,22994.0927
2024-01-04T04:03:42,BTC,22992.1052
2024-01-04T04:03:43,BTC,22970.6126
2024-01-04T04:03:44,BTC,22972.4681
2024-01-04T04:03:45,BTC,22958.1237
2024-01-04T04:03:46,BTC,22953.2757
2024-01-04T04:03:47,BTC,22933.3213
2024-01-04T04:03:48,BTC,22939.5829
2024-01-04T04:03:49,BTC,22924.3713
2024-01-04T04:03:50,BTC,22939.947
2024-01-04T04:03:51,BTC,22934.2959
2024-01-04T04:03:52,BTC,22932.778
2024-01-04T04:03:53,BTC,22916.3696
2024-01-04T04:03:54,BTC,22906.0335
2024-01-04T04:03:55,BTC,22921.98
2024-01-04T04:03:56,BTC,22926.4052
2024-01-04T04:03:57,BTC,22930.4925
2024-01-04T04:03:58,BTC,22926.6664
2024-01-04T04:03:59,BTC,22926.9999
2024-01-04T04:04:00,BTC,22918.3206
2024-01-04T04:04:01,BTC,22915.1667
2024-01-04T04:04:02,BTC,22923.1131
2024-01-04T04:04:03,BTC,22916.5783
2024-01-04T04:04:04,BTC,22923.0637
2024-01-04T04:04:05,BTC,22928.4078
2024-01-04T04:04:06,BTC,22910.0612
2024-01-04T04:04:07,BTC,22899.8443
2024-01-04T04:04:08,BTC,22889.777
2024-01-04T04:04:09,BTC,22898.7035
2024-01-04T04:04:10,BTC,22887.674
2024-01-04T04:04:11,BTC,22897.4142
2024-01-04T04:04:12,BTC,22897.7652
2024-01-04T04:04:13,BTC,22887.4614
2024-01-04T04:04:14,BTC,22865.1731
2024-01-04T04:04:15,BTC,22870.9217
2024-01-04T04:04:16,BTC,22856.946
2024-01-04T04:04:17,BTC,22853.159
2024-01-04T04:04:18,BTC,22861.365
2024-01-04T04:04:19,BTC,22860.74
2024-01-04T04:04:20,BTC,22853.1528
2024-01-04T04:04:21,BTC,22847.5402
2024-01-04T04:04:22,BTC,22849.6678
2024-01-04T04:04:23,BTC,22848.1303
2024-01-04T04:04:24,BTC,22851.8898
2024-01-04T04:04:25,BTC,22831.7479
2024-01-04T04:04:26,BTC,22830.8845
2024-01-04T04:04:27,BTC,22805.9348
2024-01-04T04:04:28,BTC,22798.4477
2024-01-04T04:04:29,BTC,22794.8141
2024-01-04T04:04:30,BTC,22817.6492
2024-01-04T04:04:31,BTC,22825.8514
2024-01-04T04:04:32,BTC,22829.8946
2024-01-04T04:04:33,BTC,22822.8867
2024-01-04T04:04:34,BTC,22824.8166
2024-01-04T04:04:35,BTC,22809.3767
2024-01-04T04:04:36,BTC,22790.4783
2024-01-04T04:04:37,BTC,22764.5226
2024-01-04T04:04:38,BTC,22775.4953
2024-01-04T04:04:39,BTC,22772.4386
2024-01-04T04:04:40,BTC,22766.2624
2024-01-04T04:04:41,BTC,22752.1343
2024-01-04T04:04:42,BTC,22738.9313
2024-01-04T04:04:43,BTC,22743.7001
2024-01-04T04:04:44,BTC,22724.6345
2024-01-04T04:04:45,BTC,22706.5233
2024-01-04T04:04:46,BTC,22697.6886
2024-01-04T04:04:47,BTC,22693.3457
2024-01-04T04:04:48,BTC,22700.6915
2024-01-04T04:04:49,BTC,22687.0139
2024-01-04T04:04:50,BTC,22699.4445
2024-01-04T04:04:51,BTC,22694.8573
2024-01-04T04:04:52,BTC,22689.997
2024-01-04T04:04:53,BTC,22673.8666
2024-01-04T04:04:54,BTC,22674.6501
2024-01-04T04:04:55,BTC,22660.72
2024-01-04T04:04:56,BTC,22652.7584
2024-01-04T04:04:57,BTC,22651.216
2024-01-04T04:04:58,BTC,22635.3555
2024-01-04T04:04:59,BTC,22616.2446
2024-01-04T04:05:00,BTC,22603.902
2024-01-04T04:05:01,BTC,22592.4684
2024-01-04T04:05:02,BTC,22584.875
2024-01-04T04:05:03,BTC,22567.5937
2024-01-04T04:05:04,BTC,22579.4732
2024-01-04T04:05:05,BTC,22581.2196
2024-01-04T04:05:06,BTC,22567.4866
2024-01-04T04:05:07,BTC,22566.662
2024-01-04T04:05:08,BTC,22531.5851
2024-01-04T04:05:09,BTC,22522.2968
2024-01-04T04:05:10,BTC,22518.5695
2024-01-04T04:05:11,BTC,22528.9951
2024-01-04T04:05:12,BTC,22530.1678
2024-01-04T04:05:13,BTC,22529.8217
2024-01-04T04:05:14,BTC,22535.1396
2024-01-04T04:05:15,BTC,22525.8977
2024-01-04T04:05:16,BTC,22521.6244
2024-01-04T04:05:17,BTC,22510.4586
2024-01-04T04:05:18,BTC,22488.9138
2024-01-04T04:05:19,BTC,22495.9678
2024-01-04T04:05:20,BTC,22505.2254
2024-01-04T04:05:21,BTC,22493.9528
2024-01-04T04:05:22,BTC,22502.9615
2024-01-04T04:05:23,BTC,22496.2447
2024-01-04T04:05:24,BTC,22494.4994
2024-01-04T04:05:25,BTC,22487.847
2024-01-04T04:05:26,BTC,22484.5166
2024-01-04T04:05:27,BTC,22483.647
2024-01-04T04:05:28,BTC,22468.5782
2024-01-04T04:05:29,BTC,22468.5355
2024-01-04T04:05:30,BTC,22468.6386
2024-01-04T04:05:31,BTC,22446.3486
2024-01-04T04:05:32,BTC,22444.846
2024-01-04T04:05:33,BTC,22436.1866
2024-01-04T04:05:34,BTC,22414.5175
2024-01-04T04:05:35,BTC,22426.8215
2024-01-04T04:05:36,BTC,22420.3731
2024-01-04T04:05:37,BTC,22389.4074
2024-01-04T04:05:38,BTC,22385.5953
2024-01-04T04:05:39,BTC,22363.9573
2024-01-04T04:05:40,BTC,22333.5727
2024-01-04T04:05:41,BTC,22320.8045
2024-01-04T04:05:42,BTC,22305.5206
2024-01-04T04:05:43,BTC,22303.7626
2024-01-04T04:05:44,BTC,22294.1711
2024-01-04T04:05:45,BTC,22264.2119
2024-01-04T04:05:46,BTC,22274.4236
2024-01-04T04:05:47,BTC,22262.1079
2024-01-04T04:05:48,BTC,22255.6837
2024-01-04T04:05:49,BTC,22267.4834
2024-01-04T04:05:50,BTC,22271.6815
2024-01-04T04:05:51,BTC,22254.6636
2024-01-04T04:05:52,BTC,22261.9712
2024-01-04T04:05:53,BTC,22256.9982
2024-01-04T04:05:54,BTC,22258.5092
2024-01-04T04:05:55,BTC,22251.6305
2024-01-04T04:05:56,BTC,22250.3366
2024-01-04T04:05:57,BTC,22239.7036
2024-01-04T04:05:58,BTC,22233.4435
2024-01-04T04:05:59,BTC,22224.3819
2024-01-04T04:06:00,BTC,22220.1441
2024-01-04T04:06:01,BTC,22198.8649
2024-01-04T04:06:02,BTC,22201.6181
2024-01-04T04:06:03,BTC,22215.4477
2024-01-04T04:06:04,BTC,22206.2627
2024-01-04T04:06:05,BTC,22181.5018
2024-01-04T04:06:06,BTC,22156.4469
2024-01-04T04:06:07,BTC,22145.3065
2024-01-04T04:06:08,BTC,22162.9608
2024-01-04T04:06:09,BTC,22152.4973
2024-01-04T04:06:10,BTC,22153.7629
2024-01-04T04:06:11,BTC,22149.6525
2024-01-04T04:06:12,BTC,22158.0871
2024-01-04T04:06:13,BTC,22146.2121
2024-01-04T04:06:14,BTC,22162.2971
2024-01-04T04:06:15,BTC,22155.6094
2024-01-04T04:06:16,BTC,22144.6426
2024-01-04T04:06:17,BTC,22145.5753
2024-01-04T04:06:18,BTC,22153.4228
2024-01-04T04:06:19,BTC,22159.9881
2024-01-04T04:06:20,BTC,22156.8067
2024-01-04T04:06:21,BTC,22165.704
2024-01-04T04:06:22,BTC,22159.0993
2024-01-04T04:06:23,BTC,22142.7433
2024-01-04T04:06:24,BTC,22144.1329
2024-01-04T04:06:25,BTC,22149.36
2024-01-04T04:06:26,BTC,22133.1526
2024-01-04T04:06:27,BTC,22111.4777
2024-01-04T04:06:28,BTC,22096.963
2024-01-04T04:06:29,BTC,22092.8908
2024-01-04T04:06:30,BTC,22095.9001
2024-01-04T04:06:31,BTC,22101.6926
2024-01-04T04:06:32,BTC,22087.6961
2024-01-04T04:06:33,BTC,22078.8518
2024-01-04T04:06:34,BTC,22075.4292
2024-01-04T04:06:35,BTC,22076.9895
2024-01-04T04:06:36,BTC,22084.8198
2024-01-04T04:06:37,BTC,22089.0803
2024-01-04T04:06:38,BTC,22102.0462
2024-01-04T04:06:39,BTC,22116.5727
2024-01-04T04:06:40,BTC,22125.48
2024-01-04T04:06:41,BTC,22129.4627
2024-01-04T04:06:42,BTC,22120.0045
2024-01-04T04:06:43,BTC,22134.0989
2024-01-04T04:06:44,BTC,22130.0442
2024-01-04T04:06:45,BTC,22115.9409
2024-01-04T04:06:46,BTC,22091.7803
2024-01-04T04:06:47,BTC,22104.1223
2024-01-04T04:06:48,BTC,22090.4078
2024-01-04T04:06:49,BTC,22076.9002
2024-01-04T04:06:50,BTC,22062.3049
2024-01-04T04:06:51,BTC,22046.0453
2024-01-04T04:06:52,BTC,22036.9649
2024-01-04T04:06:53,BTC,22022.0072
2024-01-04T04:06:54,BTC,22006.2093
2024-01-04T04:06:55,BTC,22001.3323
2024-01-04T04:06:56,BTC,22007.6002
2024-01-04T04:06:57,BTC,21998.667
2024-01-04T04:06:58,BTC,21999.1188
2024-01-04T04:06:59,BTC,21992.3041
2024-01-04T04:07:00,BTC,21980.4232
2024-01-04T04:07:01,BTC,21966.53
2024-01-04T04:07:02,BTC,21936.6682
2024-01-04T04:07:03,BTC,21933.044
2024-01-04T04:07:04,BTC,21926.463
2024-01-04T04:07:05,BTC,21934.1339
2024-01-04T04:07:06,BTC,21920.6532
2024-01-04T04:07:07,BTC,21920.1032
2024-01-04T04:07:08,BTC,21901.5946
2024-01-04T04:07:09,BTC,21904.32
2024-01-04T04:07:10,BTC,21889.8833
2024-01-04T04:07:11,BTC,21881.7104
2024-01-04T04:07:12,BTC,21881.0194
2024-01-04T04:07:13,BTC,21873.0058
2024-01-04T04:07:14,BTC,21853.7998
2024-01-04T04:07:15,BTC,21842.6891
2024-01-04T04:07:16,BTC,21836.4431
2024-01-04T04:07:17,BTC,21834.1536
2024-01-04T04:07:18,BTC,21826.2605
2024-01-04T04:07:19,BTC,21806.6709
2024-01-04T04:07:20,BTC,21826.4853
2024-01-04T04:07:21,BTC,21811.612
2024-01-04T04:07:22,BTC,21809.3214
2024-01-04T04:07:23,BTC,21800.7916
2024-01-04T04:07:24,BTC,21798.5136
2024-01-04T04:07:25,BTC,21800.7493
2024-01-04T04:07:26,BTC,21793.8434
2024-01-04T04:07:27,BTC,21789.2097
2024-01-04T04:07:28,BTC,21786.3952
2024-01-04T04:07:29,BTC,21791.5647
2024-01-04T04:07:30,BTC,21788.5709
2024-01-04T04:07:31,BTC,21787.5034
2024-01-04T04:07:32,BTC,21785.3134
2024-01-04T04:07:33,BTC,21790.5191
2024-01-04T04:07:34,BTC,21776.7856
2024-01-04T04:07:35,BTC,21762.2927
2024-01-04T04:07:36,BTC,21769.9635
2024-01-04T04:07:37,BTC,21753.0609
2024-01-04T04:07:38,BTC,21748.8654
2024-01-04T04:07:39,BTC,21747.2878
2024-01-04T04:07:40,BTC,21751.7018
2024-01-04T04:07:41,BTC,21734.7974
2024-01-04T04:07:42,BTC,21719.7243
2024-01-04T04:07:43,BTC,21695.1908
2024-01-04T04:07:44,BTC,21684.2585
2024-01-04T04:07:45,BTC,21705.0141
2024-01-04T04:07:46,BTC,21715.418
2024-01-04T04:07:47,BTC,21697.4147
2024-01-04T04:07:48,BTC,21678.0272
2024-01-04T04:07:49,BTC,21672.9164
2024-01-04T04:07:50,BTC,21654.8624
2024-01-04T04:07:51,BTC,21646.0657
2024-01-04T04:07:52,BTC,21645.3876
2024-01-04T04:07:53,BTC,21625.5756
2024-01-04T04:07:54,BTC,21618.9325
2024-01-04T04:07:55,BTC,21616.7076
2024-01-04T04:07:56,BTC,21611.9731
2024-01-04T04:07:57,BTC,21615.8406
2024-01-04T04:07:58,BTC,21623.7472
2024-01-04T04:07:59,BTC,21637.064
2024-01-04T04:08:00,BTC,21632.9345
2024-01-04T05:38:00,BTC,21636.1226
2024-01-04T05:38:01,BTC,21647.9492
2024-01-04T05:38:02,BTC,21669.7567
2024-01-04T05:38:03,BTC,21653.696
2024-01-04T05:38:04,BTC,21630.7053
2024-01-04T05:38:05,BTC,21628.9873
2024-01-04T05:38:06,BTC,21626.2415
2024-01-04T05:38:07,BTC,21637.6219
2024-01-04T05:38:08,BTC,21644.3349
2024-01-04T05:38:09,BTC,21658.6703
2024-01-04T05:38:10,BTC,21646.7028
2024-01-04T05:38:11,BTC,21635.8537
2024-01-04T05:38:12,BTC,21626.5857
2024-01-04T05:38:13,BTC,21602.0289
2024-01-04T05:38:14,BTC,21606.3062
2024-01-04T05:38:15,BTC,21610.9346
2024-01-04T05:38:16,BTC,21617.4353
2024-01-04T05:38:17,BTC,21617.4782
2024-01-04T05:38:18,BTC,21602.8507
2024-01-04T05:38:19,BTC,21595.4533
2024-01-04T05:38:20,BTC,21616.4237
2024-01-04T05:38:21,BTC,21614.1191
2024-01-04T05:38:22,BTC,21606.8436
2024-01-04T05:38:23,BTC,21601.4387
2024-01-04T05:38:24,BTC,21605.238
2024-01-04T05:38:25,BTC,21613.8794
2024-01-04T05:38:26,BTC,21614.8254
2024-01-04T05:38:27,BTC,21626.5645
2024-01-04T05:38:28,BTC,21621.9021
2024-01-04T05:38:29,BTC,21629.9983
2024-01-04T05:38:30,BTC,21637.5317
2024-01-04T05:38:31,BTC,21622.8866
2024-01-04T05:38:32,BTC,21619.0426
2024-01-04T05:38:33,BTC,21608.3891
2024-01-04T05:38:34,BTC,21614.2918
2024-01-04T05:38:35,BTC,21624.9327
2024-01-04T05:38:36,BTC,21641.3735
2024-01-04T05:38:37,BTC,21656.5902
2024-01-04T05:38:38,BTC,21660.7261
2024-01-04T05:38:39,BTC,21653.6692
2024-01-04T05:38:40,BTC,21647.1552
2024-01-04T05:38:41,BTC,21619.8873
2024-01-04T05:38:42,BTC,21615.7426
2024-01-04T05:38:43,BTC,21603.2674
2024-01-04T05:38:44,BTC,21600.2709
2024-01-04T05:38:45,BTC,21610.2924
2024-01-04T05:38:46,BTC,21606.7152
2024-01-04T05:38:47,BTC,21593.5522
2024-01-04T05:38:48,BTC,21596.6911
2024-01-04T05:38:49,BTC,21582.6589
2024-01-04T05:38:50,BTC,21582.7254
2024-01-04T05:38:51,BTC,21574.9067
2024-01-04T05:38:52,BTC,21556.3305
2024-01-04T05:38:53,BTC,21558.236
2024-01-04T05:38:54,BTC,21559.7166
2024-01-04T05:38:55,BTC,21550.5351
2024-01-04T05:38:56,BTC,21560.2939
2024-01-04T05:38:57,BTC,21555.59
2024-01-04T05:38:58,BTC,21568.0545
2024-01-04T05:38:59,BTC,21572.5889
2024-01-04T05:39:00,BTC,21572.0872
2024-01-04T05:39:01,BTC,21565.3948
2024-01-04T05:39:02,BTC,21551.009
2024-01-04T05:39:03,BTC,21548.5097
2024-01-04T05:39:04,BTC,21554.4278
2024-01-04T05:39:05,BTC,21547.0444
2024-01-04T05:39:06,BTC,21542.3449
2024-01-04T05:39:07,BTC,21559.6742
2024-01-04T05:39:08,BTC,21581.4651
2024-01-04T05:39:09,BTC,21565.2797
2024-01-04T05:39:10,BTC,21560.6654
2024-01-04T05:39:11,BTC,21574.6526
2024-01-04T05:39:12,BTC,21591.8856
2024-01-04T05:39:13,BTC,21600.4155
2024-01-04T05:39:14,BTC,21601.5067
2024-01-04T05:39:15,BTC,21599.5082
2024-01-04T05:39:16,BTC,21597.2909
2024-01-04T05:39:17,BTC,21612.6943
2024-01-04T05:39:18,BTC,21629.8192
2024-01-04T05:39:19,BTC,21644.6296
2024-01-04T05:39:20,BTC,21642.2889
2024-01-04T05:39:21,BTC,21647.6777
2024-01-04T05:39:22,BTC,21645.9404
2024-01-04T05:39:23,BTC,21635.7702
2024-01-04T05:39:24,BTC,21647.2641
2024-01-04T05:39:25,BTC,21664.6098
2024-01-04T05:39:26,BTC,21669.3116
2024-01-04T05:39:27,BTC,21665.8612
2024-01-04T05:39:28,BTC,21665.357
2024-01-04T05:39:29,BTC,21658.4228
2024-01-04T05:39:30,BTC,21663.7668
2024-01-04T05:39:31,BTC,21648.6779
2024-01-04T05:39:32,BTC,21631.3741
2024-01-04T05:39:33,BTC,21611.872
2024-01-04T05:39:34,BTC,21624.3105
2024-01-04T05:39:35,BTC,21616.4396
2024-01-04T05:39:36,BTC,21617.8
2024-01-04T05:39:37,BTC,21614.9026
2024-01-04T05:39:38,BTC,21630.3511
2024-01-04T05:39:39,BTC,21639.2458
2024-01-04T05:39:40,BTC,21636.5134
2024-01-04T05:39:41,BTC,21641.3006
2024-01-04T05:39:42,BTC,21637.2287
2024-01-04T05:39:43,BTC,21632.5825
2024-01-04T05:39:44,BTC,21644.9221
2024-01-04T05:39:45,BTC,21615.5361
2024-01-04T05:39:46,BTC,21639.325
2024-01-04T05:39:47,BTC,21642.5541
2024-01-04T05:39:48,BTC,21637.7477
2024-01-04T05:39:49,BTC,21632.9119
2024-01-04T05:39:50,BTC,21649.4647
2024-01-04T05:39:51,BTC,21663.7919
2024-01-04T05:39:52,BTC,21666.8204
2024-01-04T05:39:53,BTC,21661.1241
2024-01-04T05:39:54,BTC,21663.2996
2024-01-04T05:39:55,BTC,21664.3897
2024-01-04T05:39:56,BTC,21655.9841
2024-01-04T05:39:57,BTC,21658.2741
2024-01-04T05:39:58,BTC,21657.8404
2024-01-04T05:39:59,BTC,21652.2982
2024-01-04T05:40:00,BTC,21645.064
2024-01-04T05:40:01,BTC,21646.6959
2024-01-04T05:40:02,BTC,21646.2643
2024-01-04T05:40:03,BTC,21648.7354
2024-01-04T05:40:04,BTC,21651.5612
2024-01-04T05:40:05,BTC,21643.7812
2024-01-04T05:40:06,BTC,21636.3747
2024-01-04T05:40:07,BTC,21617.3309
2024-01-04T05:40:08,BTC,21619.0871
2024-01-04T05:40:09,BTC,21603.5937
2024-01-04T05:40:10,BTC,21584.3456
2024-01-04T05:40:11,BTC,21593.8188
2024-01-04T05:40:12,BTC,21599.1768
2024-01-04T05:40:13,BTC,21598.4146
2024-01-04T05:40:14,BTC,21607.7633
2024-01-04T05:40:15,BTC,21590.2729
2024-01-04T05:40:16,BTC,21567.4939
2024-01-04T05:40:17,BTC,21577.185
2024-01-04T05:40:18,BTC,21591.8347
2024-01-04T05:40:19,BTC,21615.6481
2024-01-04T05:40:20,BTC,21606.3855
2024-01-04T05:40:21,BTC,21621.0366
2024-01-04T05:40:22,BTC,21634.7227
2024-01-04T05:40:23,BTC,21636.5226
2024-01-04T05:40:24,BTC,21646.0939
2024-01-04T05:40:25,BTC,21633.2564
2024-01-04T05:40:26,BTC,21632.6865
2024-01-04T05:40:27,BTC,21636.7999
2024-01-04T05:40:28,BTC,21646.6283
2024-01-04T05:40:29,BTC,21656.7953
2024-01-04T05:40:30,BTC,21660.3479
2024-01-04T05:40:31,BTC,21653.1367
2024-01-04T05:40:32,BTC,21664.3865
2024-01-04T05:40:33,BTC,21663.928
2024-01-04T05:40:34,BTC,21660.1715
2024-01-04T05:40:35,BTC,21666.1785
2024-01-04T05:40:36,BTC,21661.2871
2024-01-04T05:40:37,BTC,21657.1833
2024-01-04T05:40:38,BTC,21649.2093
2024-01-04T05:40:39,BTC,21646.0892
2024-01-04T05:40:40,BTC,21656.2619
2024-01-04T05:40:41,BTC,21658.1493
2024-01-04T05:40:42,BTC,21652.5888
2024-01-04T05:40:43,BTC,21635.1813
2024-01-04T05:40:44,BTC,21622.3192
2024-01-04T05:40:45,BTC,21607.2254
2024-01-04T05:40:46,BTC,21613.4701
2024-01-04T05:40:47,BTC,21616.5944
2024-01-04T05:40:48,BTC,21628.2089
2024-01-04T05:40:49,BTC,21626.9992
2024-01-04T05:40:50,BTC,21622.6323
2024-01-04T05:40:51,BTC,21602.2982
2024-01-04T05:40:52,BTC,21579.4109
2024-01-04T05:40:53,BTC,21594.7713
2024-01-04T05:40:54,BTC,21596.2541
2024-01-04T05:40:55,BTC,21601.1867
2024-01-04T05:40:56,BTC,21587.3253
2024-01-04T05:40:57,BTC,21582.1814
2024-01-04T05:40:58,BTC,21578.4865
2024-01-04T05:40:59,BTC,21576.665
2024-01-04T05:41:00,BTC,21582.9715
2024-01-04T05:41:01,BTC,21596.224
2024-01-04T05:41:02,BTC,21602.8374
2024-01-04T05:41:03,BTC,21612.3633
2024-01-04T05:41:04,BTC,21612.209
2024-01-04T05:41:05,BTC,21603.75
2024-01-04T05:41:06,BTC,21602.2612
2024-01-04T05:41:07,BTC,21591.7702
2024-01-04T05:41:08,BTC,21588.2914
2024-01-04T05:41:09,BTC,21585.7649
2024-01-04T05:41:10,BTC,21583.4101
2024-01-04T05:41:11,BTC,21581.691
2024-01-04T05:41:12,BTC,21580.1821
2024-01-04T05:41:13,BTC,21582.5892
2024-01-04T05:41:14,BTC,21588.9671
2024-01-04T05:41:15,BTC,21570.8777
2024-01-04T05:41:16,BTC,21573.9036
2024-01-04T05:41:17,BTC,21584.0928
2024-01-04T05:41:18,BTC,21578.1868
2024-01-04T05:41:19,BTC,21585.3612
2024-01-04T05:41:20,BTC,21596.0293
2024-01-04T05:41:21,BTC,21641.4815
2024-01-04T05:41:22,BTC,21655.9302
2024-01-04T05:41:23,BTC,21663.0525
2024-01-04T05:41:24,BTC,21646.203
2024-01-04T05:41:25,BTC,21655.8419
2024-01-04T05:41:26,BTC,21640.2317
2024-01-04T05:41:27,BTC,21646.7103
2024-01-04T05:41:28,BTC,21651.3731
2024-01-04T05:41:29,BTC,21656.926
2024-01-04T05:41:30,BTC,21668.123
2024-01-04T05:41:31,BTC,21650.6683
2024-01-04T05:41:32,BTC,21650.8684
2024-01-04T05:41:33,BTC,21637.9493
2024-01-04T05:41:34,BTC,21631.2026
2024-01-04T05:41:35,BTC,21639.5659
2024-01-04T05:41:36,BTC,21641.187
2024-01-04T05:41:37,BTC,21646.1497
2024-01-04T05:41:38,BTC,21635.4721
2024-01-04T05:41:39,BTC,21652.2906
2024-01-04T05:41:40,BTC,21659.5351
2024-01-04T05:41:41,BTC,21659.8572
2024-01-04T05:41:42,BTC,21654.6276
2024-01-04T05:41:43,BTC,21657.3016
2024-01-04T05:41:44,BTC,21663.79
2024-01-04T05:41:45,BTC,21655.6695
2024-01-04T05:41:46,BTC,21659.6505
2024-01-04T05:41:47,BTC,21633.7247
2024-01-04T05:41:48,BTC,21647.1096
2024-01-04T05:41:49,BTC,21660.0789
2024-01-04T05:41:50,BTC,21653.8625
2024-01-04T05:41:51,BTC,21647.1348
2024-01-04T05:41:52,BTC,21631.0003
2024-01-04T05:41:53,BTC,21610.9916
2024-01-04T05:41:54,BTC,21621.4578
2024-01-04T05:41:55,BTC,21618.8483
2024-01-04T05:41:56,BTC,21599.9861
2024-01-04T05:41:57,BTC,21626.6948
2024-01-04T05:41:58,BTC,21623.4465
2024-01-04T05:41:59,BTC,21631.0925
2024-01-04T05:42:00,BTC,21650.2033
2024-01-04T05:42:01,BTC,21664.4694
2024-01-04T05:42:02,BTC,21677.2166
2024-01-04T05:42:03,BTC,21667.424
2024-01-04T05:42:04,BTC,21667.3368
2024-01-04T05:42:05,BTC,21661.6033
2024-01-04T05:42:06,BTC,21644.9042
2024-01-04T05:42:07,BTC,21635.9805
2024-01-04T05:42:08,BTC,21624.8173
2024-01-04T05:42:09,BTC,21624.719
2024-01-04T05:42:10,BTC,21631.478
2024-01-04T05:42:11,BTC,21614.9215
2024-01-04T05:42:12,BTC,21636.6379
2024-01-04T05:42:13,BTC,21632.9332
2024-01-04T05:42:14,BTC,21631.4103
2024-01-04T05:42:15,BTC,21639.2579
2024-01-04T05:42:16,BTC,21652.0872
2024-01-04T05:42:17,BTC,21631.3833
2024-01-04T05:42:18,BTC,21637.8641
2024-01-04T05:42:19,BTC,21633.2143
2024-01-04T05:42:20,BTC,21621.9913
2024-01-04T05:42:21,BTC,21618.8659
2024-01-04T05:42:22,BTC,21608.1507
2024-01-04T05:42:23,BTC,21604.0735
2024-01-04T05:42:24,BTC,21602.5915
2024-01-04T05:42:25,BTC,21596.8749
2024-01-04T05:42:26,BTC,21612.5152
2024-01-04T05:42:27,BTC,21619.8681
2024-01-04T05:42:28,BTC,21615.3922
2024-01-04T05:42:29,BTC,21615.8759
2024-01-04T05:42:30,BTC,21612.111
2024-01-04T05:42:31,BTC,21609.7925
2024-01-04T05:42:32,BTC,21605.4807
2024-01-04T05:42:33,BTC,21612.6391
2024-01-04T05:42:34,BTC,21617.3435
2024-01-04T05:42:35,BTC,21607.8917
2024-01-04T05:42:36,BTC,21612.9394
2024-01-04T05:42:37,BTC,21617.8136
2024-01-04T05:42:38,BTC,21601.5388
2024-01-04T05:42:39,BTC,21615.1781
2024-01-04T05:42:40,BTC,21616.9456
2024-01-04T05:42:41,BTC,21638.3928
2024-01-04T05:42:42,BTC,21645.6466
2024-01-04T05:42:43,BTC,21624.6585
2024-01-04T05:42:44,BTC,21620.1083
2024-01-04T05:42:45,BTC,21618.5874
2024-01-04T05:42:46,BTC,21624.3839
2024-01-04T05:42:47,BTC,21632.5063
2024-01-04T05:42:48,BTC,21621.6845
2024-01-04T05:42:49,BTC,21620.5571
2024-01-04T05:42:50,BTC,21625.6415
2024-01-04T05:42:51,BTC,21652.665
2024-01-04T05:42:52,BTC,21628.4914
2024-01-04T05:42:53,BTC,21634.8118
2024-01-04T05:42:54,BTC,21651.2128
2024-01-04T05:42:55,BTC,21669.9481
2024-01-04T05:42:56,BTC,21652.1976
2024-01-04T05:42:57,BTC,21653.1415
2024-01-04T05:42:58,BTC,21653.6149
2024-01-04T05:42:59,BTC,21644.5161
2024-01-04T05:43:00,BTC,21646.5505
2024-01-04T05:43:01,BTC,21660.0505
2024-01-04T05:43:02,BTC,21654.8337
2024-01-04T05:43:03,BTC,21667.6594
2024-01-04T05:43:04,BTC,21658.7894
2024-01-04T05:43:05,BTC,21662.6206
2024-01-04T05:43:06,BTC,21647.6286
2024-01-04T05:43:07,BTC,21629.0277
2024-01-04T05:43:08,BTC,21655.9951
2024-01-04T05:43:09,BTC,21644.238
2024-01-04T05:43:10,BTC,21626.1515
2024-01-04T05:43:11,BTC,21619.6532
2024-01-04T05:43:12,BTC,21621.5689
2024-01-04T05:43:13,BTC,21611.8511
2024-01-04T05:43:14,BTC,21600.5621
2024-01-04T05:43:15,BTC,21598.2496
2024-01-04T05:43:16,BTC,21594.3635
2024-01-04T05:43:17,BTC,21595.024
2024-01-04T05:43:18,BTC,21602.3445
2024-01-04T05:43:19,BTC,21606.2088
2024-01-04T05:43:20,BTC,21618.6602
2024-01-04T05:43:21,BTC,21622.9119
2024-01-04T05:43:22,BTC,21625.8909
2024-01-04T05:43:23,BTC,21622.3186
2024-01-04T05:43:24,BTC,21635.1718
2024-01-04T05:43:25,BTC,21634.2759
2024-01-04T05:43:26,BTC,21647.7959
2024-01-04T05:43:27,BTC,21645.7755
2024-01-04T05:43:28,BTC,21641.5696
2024-01-04T05:43:29,BTC,21640.4383
2024-01-04T05:43:30,BTC,21641.5514
2024-01-04T05:43:31,BTC,21649.2719
2024-01-04T05:43:32,BTC,21650.098
2024-01-04T05:43:33,BTC,21634.9401
2024-01-04T05:43:34,BTC,21646.6798
2024-01-04T05:43:35,BTC,21652.5894
2024-01-04T05:43:36,BTC,21642.034
2024-01-04T05:43:37,BTC,21655.5764
2024-01-04T05:43:38,BTC,21645.7262
2024-01-04T05:43:39,BTC,21639.3325
2024-01-04T05:43:40,BTC,21660.2728
2024-01-04T05:43:41,BTC,21666.8128
2024-01-04T05:43:42,BTC,21665.2159
2024-01-04T05:43:43,BTC,21657.4073
2024-01-04T05:43:44,BTC,21658.1225
2024-01-04T05:43:45,BTC,21674.8728
2024-01-04T05:43:46,BTC,21661.7613
2024-01-04T05:43:47,BTC,21652.004
2024-01-04T05:43:48,BTC,21645.9046
2024-01-04T05:43:49,BTC,21628.5922
2024-01-04T05:43:50,BTC,21617.4137
2024-01-04T05:43:51,BTC,21626.6992
2024-01-04T05:43:52,BTC,21632.4207
2024-01-04T05:43:53,BTC,21630.692
2024-01-04T05:43:54,BTC,21642.8533
2024-01-04T05:43:55,BTC,21630.1273
2024-01-04T05:43:56,BTC,21611.8829
2024-01-04T05:43:57,BTC,21623.7263
2024-01-04T05:43:58,BTC,21634.3462
2024-01-04T05:43:59,BTC,21641.4597
2024-01-04T05:44:00,BTC,21649.4518
2024-01-04T07:02:00,BTC,21655.0638
2024-01-04T07:02:01,BTC,21659.2489
2024-01-04T07:02:02,BTC,21644.5882
2024-01-04T07:02:03,BTC,21620.4569
2024-01-04T07:02:04,BTC,21629.5035
2024-01-04T07:02:05,BTC,21608.6104
2024-01-04T07:02:06,BTC,21595.5419
2024-01-04T07:02:07,BTC,21608.3396
2024-01-04T07:02:08,BTC,21606.506
2024-01-04T07:02:09,BTC,21590.8054
2024-01-04T07:02:10,BTC,21581.3022
2024-01-04T07:02:11,BTC,21592.0553
2024-01-04T07:02:12,BTC,21606.0294
2024-01-04T07:02:13,BTC,21604.6316
2024-01-04T07:02:14,BTC,21603.4489
2024-01-04T07:02:15,BTC,21609.3903
2024-01-04T07:02:16,BTC,21615.7712
2024-01-04T07:02:17,BTC,21625.8559
2024-01-04T07:02:18,BTC,21624.2686
2024-01-04T07:02:19,BTC,21614.4816
2024-01-04T07:02:20,BTC,21630.1874
2024-01-04T07:02:21,BTC,21632.9907
2024-01-04T07:02:22,BTC,21630.367
2024-01-04T07:02:23,BTC,21624.5413
2024-01-04T07:02:24,BTC,21647.9959
2024-01-04T07:02:25,BTC,21654.5749
2024-01-04T07:02:26,BTC,21645.5073
2024-01-04T07:02:27,BTC,21639.7009
2024-01-04T07:02:28,BTC,21648.7096
2024-01-04T07:02:29,BTC,21655.8634
2024-01-04T07:02:30,BTC,21655.7911
2024-01-04T07:02:31,BTC,21654.3895
2024-01-04T07:02:32,BTC,21630.8829
2024-01-04T07:02:33,BTC,21639.3462
2024-01-04T07:02:34,BTC,21633.7341
2024-01-04T07:02:35,BTC,21650.9582
2024-01-04T07:02:36,BTC,21665.0395
2024-01-04T07:02:37,BTC,21675.0736
2024-01-04T07:02:38,BTC,21675.0435
2024-01-04T07:02:39,BTC,21695.2322
2024-01-04T07:02:40,BTC,21709.1839
2024-01-04T07:02:41,BTC,21728.1859
2024-01-04T07:02:42,BTC,21725.1226
2024-01-04T07:02:43,BTC,21731.4861
2024-01-04T07:02:44,BTC,21727.7051
2024-01-04T07:02:45,BTC,21723.0835
2024-01-04T07:02:46,BTC,21732.1765
2024-01-04T07:02:47,BTC,21741.0623
2024-01-04T07:02:48,BTC,21756.3361
2024-01-04T07:02:49,BTC,21770.2085
2024-01-04T07:02:50,BTC,21784.6932
2024-01-04T07:02:51,BTC,21782.0524
2024-01-04T07:02:52,BTC,21799.2852
2024-01-04T07:02:53,BTC,21796.1801
2024-01-04T07:02:54,BTC,21801.534
2024-01-04T07:02:55,BTC,21808.4097
2024-01-04T07:02:56,BTC,21803.9562
2024-01-04T07:02:57,BTC,21805.4403
2024-01-04T07:02:58,BTC,21818.6134
2024-01-04T07:02:59,BTC,21831.1629
2024-01-04T07:03:00,BTC,21823.9752
2024-01-04T07:03:01,BTC,21829.7567
2024-01-04T07:03:02,BTC,21825.6455
2024-01-04T07:03:03,BTC,21800.9715
2024-01-04T07:03:04,BTC,21794.2164
2024-01-04T07:03:05,BTC,21802.0234
2024-01-04T07:03:06,BTC,21791.3403
2024-01-04T07:03:07,BTC,21798.1716
2024-01-04T07:03:08,BTC,21779.3568
2024-01-04T07:03:09,BTC,21784.3245
2024-01-04T07:03:10,BTC,21782.4568
2024-01-04T07:03:11,BTC,21786.5523
2024-01-04T07:03:12,BTC,21795.0225
2024-01-04T07:03:13,BTC,21797.1901
2024-01-04T07:03:14,BTC,21783.15
2024-01-04T07:03:15,BTC,21777.6729
2024-01-04T07:03:16,BTC,21779.1114
2024-01-04T07:03:17,BTC,21790.7745
2024-01-04T07:03:18,BTC,21782.1249
2024-01-04T07:03:19,BTC,21789.6888
2024-01-04T07:03:20,BTC,21779.9319
2024-01-04T07:03:21,BTC,21781.1971
2024-01-04T07:03:22,BTC,21779.5406
2024-01-04T07:03:23,BTC,21771.0151
2024-01-04T07:03:24,BTC,21767.3414
2024-01-04T07:03:25,BTC,21773.1531
2024-01-04T07:03:26,BTC,21768.3426
2024-01-04T07:03:27,BTC,21753.1606
2024-01-04T07:03:28,BTC,21758.5626
2024-01-04T07:03:29,BTC,21785.903
2024-01-04T07:03:30,BTC,21781.9232
2024-01-04T07:03:31,BTC,21790.7868
2024-01-04T07:03:32,BTC,21796.5471
2024-01-04T07:03:33,BTC,21810.9305
2024-01-04T07:03:34,BTC,21816.3981
2024-01-04T07:03:35,BTC,21806.0668
2024-01-04T07:03:36,BTC,21793.0403
2024-01-04T07:03:37,BTC,21819.5574
2024-01-04T07:03:38,BTC,21811.934
2024-01-04T07:03:39,BTC,21793.3714
2024-01-04T07:03:40,BTC,21796.6175
2024-01-04T07:03:41,BTC,21802.0839
2024-01-04T07:03:42,BTC,21800.0668
2024-01-04T07:03:43,BTC,21799.8344
2024-01-04T07:03:44,BTC,21800.5037
2024-01-04T07:03:45,BTC,21800.2451
2024-01-04T07:03:46,BTC,21816.5992
2024-01-04T07:03:47,BTC,21795.8429
2024-01-04T07:03:48,BTC,21789.6648
2024-01-04T07:03:49,BTC,21785.0235
2024-01-04T07:03:50,BTC,21801.7264
2024-01-04T07:03:51,BTC,21812.8361
2024-01-04T07:03:52,BTC,21818.9677
2024-01-04T07:03:53,BTC,21826.1923
2024-01-04T07:03:54,BTC,21830.1312
2024-01-04T07:03:55,BTC,21827.2685
2024-01-04T07:03:56,BTC,21829.5593
2024-01-04T07:03:57,BTC,21836.9826
2024-01-04T07:03:58,BTC,21834.368
2024-01-04T07:03:59,BTC,21822.5903
2024-01-04T07:04:00,BTC,21805.0849
2024-01-04T07:04:01,BTC,21800.545
2024-01-04T07:04:02,BTC,21810.6381
2024-01-04T07:04:03,BTC,21822.9479
2024-01-04T07:04:04,BTC,21825.8425
2024-01-04T07:04:05,BTC,21824.4153
2024-01-04T07:04:06,BTC,21842.4535
2024-01-04T07:04:07,BTC,21843.9899
2024-01-04T07:04:08,BTC,21850.7978
2024-01-04T07:04:09,BTC,21846.8103
2024-01-04T07:04:10,BTC,21840.498
2024-01-04T07:04:11,BTC,21833.7802
2024-01-04T07:04:12,BTC,21856.6118
2024-01-04T07:04:13,BTC,21858.0533
2024-01-04T07:04:14,BTC,21860.8322
2024-01-04T07:04:15,BTC,21863.7294
2024-01-04T07:04:16,BTC,21871.7288
2024-01-04T07:04:17,BTC,21886.2412
2024-01-04T07:04:18,BTC,21874.1479
2024-01-04T07:04:19,BTC,21881.9075
2024-01-04T07:04:20,BTC,21900.6614
2024-01-04T07:04:21,BTC,21904.1083
2024-01-04T07:04:22,BTC,21918.7752
2024-01-04T07:04:23,BTC,21916.6219
2024-01-04T07:04:24,BTC,21912.9717
2024-01-04T07:04:25,BTC,21901.0843
2024-01-04T07:04:26,BTC,21900.0571
2024-01-04T07:04:27,BTC,21908.4591
2024-01-04T07:04:28,BTC,21891.3145
2024-01-04T07:04:29,BTC,21890.6838
2024-01-04T07:04:30,BTC,21875.6996
2024-01-04T07:04:31,BTC,21876.2195
2024-01-04T07:04:32,BTC,21866.8122
2024-01-04T07:04:33,BTC,21845.194
2024-01-04T07:04:34,BTC,21858.0579
2024-01-04T07:04:35,BTC,21854.9538
2024-01-04T07:04:36,BTC,21839.2471
2024-01-04T07:04:37,BTC,21839.1329
2024-01-04T07:04:38,BTC,21844.127
2024-01-04T07:04:39,BTC,21835.7031
2024-01-04T07:04:40,BTC,21839.5388
2024-01-04T07:04:41,BTC,21818.1408
2024-01-04T07:04:42,BTC,21830.9743
2024-01-04T07:04:43,BTC,21838.3655
2024-01-04T07:04:44,BTC,21841.4176
2024-01-04T07:04:45,BTC,21828.0748
2024-01-04T07:04:46,BTC,21839.6272
2024-01-04T07:04:47,BTC,21843.0013
2024-01-04T07:04:48,BTC,21846.0834
2024-01-04T07:04:49,BTC,21833.7206
2024-01-04T07:04:50,BTC,21833.4358
2024-01-04T07:04:51,BTC,21829.1302
2024-01-04T07:04:52,BTC,21846.6665
2024-01-04T07:04:53,BTC,21854.6567
2024-01-04T07:04:54,BTC,21882.5984
2024-01-04T07:04:55,BTC,21887.4639
2024-01-04T07:04:56,BTC,21874.7761
2024-01-04T07:04:57,BTC,21871.1154
2024-01-04T07:04:58,BTC,21847.5957
2024-01-04T07:04:59,BTC,21856.7537
2024-01-04T07:05:00,BTC,21869.2164
2024-01-04T07:05:01,BTC,21869.0416
2024-01-04T07:05:02,BTC,21863.9453
2024-01-04T07:05:03,BTC,21847.3936
2024-01-04T07:05:04,BTC,21839.3412
2024-01-04T07:05:05,BTC,21840.9037
2024-01-04T07:05:06,BTC,21834.8485
2024-01-04T07:05:07,BTC,21847.8078
2024-01-04T07:05:08,BTC,21853.5197
2024-01-04T07:05:09,BTC,21840.9422
2024-01-04T07:05:10,BTC,21834.7255
2024-01-04T07:05:11,BTC,21825.3242
2024-01-04T07:05:12,BTC,21832.8372
2024-01-04T07:05:13,BTC,21835.1083
2024-01-04T07:05:14,BTC,21845.6964
2024-01-04T07:05:15,BTC,21853.3881
2024-01-04T07:05:16,BTC,21861.9226
2024-01-04T07:05:17,BTC,21855.0641
2024-01-04T07:05:18,BTC,21869.6552
2024-01-04T07:05:19,BTC,21864.2286
2024-01-04T07:05:20,BTC,21859.6579
2024-01-04T07:05:21,BTC,21833.1903
2024-01-04T07:05:22,BTC,21845.396
2024-01-04T07:05:23,BTC,21866.9477
2024-01-04T07:05:24,BTC,21852.9682
2024-01-04T07:05:25,BTC,21867.3857
2024-01-04T07:05:26,BTC,21872.2226
2024-01-04T07:05:27,BTC,21868.5335
2024-01-04T07:05:28,BTC,21859.5389
2024-01-04T07:05:29,BTC,21835.6254
2024-01-04T07:05:30,BTC,21844.1676
2024-01-04T07:05:31,BTC,21832.6749
2024-01-04T07:05:32,BTC,21824.0876
2024-01-04T07:05:33,BTC,21813.0275
2024-01-04T07:05:34,BTC,21790.7472
2024-01-04T07:05:35,BTC,21789.0191
2024-01-04T07:05:36,BTC,21799.9828
2024-01-04T07:05:37,BTC,21818.3216
2024-01-04T07:05:38,BTC,21812.2301
2024-01-04T07:05:39,BTC,21819.9542
2024-01-04T07:05:40,BTC,21802.8279
2024-01-04T07:05:41,BTC,21802.253
2024-01-04T07:05:42,BTC,21795.6555
2024-01-04T07:05:43,BTC,21787.9089
2024-01-04T07:05:44,BTC,21764.6852
2024-01-04T07:05:45,BTC,21776.7989
2024-01-04T07:05:46,BTC,21782.0892
2024-01-04T07:05:47,BTC,21774.9425
2024-01-04T07:05:48,BTC,21779.879
2024-01-04T07:05:49,BTC,21766.4849
2024-01-04T07:05:50,BTC,21767.253
2024-01-04T07:05:51,BTC,21764.494
2024-01-04T07:05:52,BTC,21753.5468
2024-01-04T07:05:53,BTC,21749.2878
2024-01-04T07:05:54,BTC,21742.2409
2024-01-04T07:05:55,BTC,21744.7453
2024-01-04T07:05:56,BTC,21760.4107
2024-01-04T07:05:57,BTC,21769.839
2024-01-04T07:05:58,BTC,21761.8855
2024-01-04T07:05:59,BTC,21759.471
2024-01-04T07:06:00,BTC,21748.9224
2024-01-04T07:06:01,BTC,21750.1668
2024-01-04T07:06:02,BTC,21764.2689
2024-01-04T07:06:03,BTC,21754.4945
2024-01-04T07:06:04,BTC,21755.2928
2024-01-04T07:06:05,BTC,21751.2985
2024-01-04T07:06:06,BTC,21742.5302
2024-01-04T07:06:07,BTC,21754.7546
2024-01-04T07:06:08,BTC,21758.0282
2024-01-04T07:06:09,BTC,21752.7428
2024-01-04T07:06:10,BTC,21768.0239
2024-01-04T07:06:11,BTC,21775.9426
2024-01-04T07:06:12,BTC,21780.0464
2024-01-04T07:06:13,BTC,21787.8574
2024-01-04T07:06:14,BTC,21820.6013
2024-01-04T07:06:15,BTC,21803.2463
2024-01-04T07:06:16,BTC,21792.0931
2024-01-04T07:06:17,BTC,21783.4786
2024-01-04T07:06:18,BTC,21775.3179
2024-01-04T07:06:19,BTC,21768.7432
2024-01-04T07:06:20,BTC,21774.1868
2024-01-04T07:06:21,BTC,21783.5144
2024-01-04T07:06:22,BTC,21766.1905
2024-01-04T07:06:23,BTC,21770.0626
2024-01-04T07:06:24,BTC,21773.0111
2024-01-04T07:06:25,BTC,21782.5838
2024-01-04T07:06:26,BTC,21788.9391
2024-01-04T07:06:27,BTC,21794.4903
2024-01-04T07:06:28,BTC,21790.1149
2024-01-04T07:06:29,BTC,21779.0512
2024-01-04T07:06:30,BTC,21793.4693
2024-01-04T07:06:31,BTC,21802.5084
2024-01-04T07:06:32,BTC,21808.6565
2024-01-04T07:06:33,BTC,21807.3236
2024-01-04T07:06:34,BTC,21810.0126
2024-01-04T07:06:35,BTC,21825.215
2024-01-04T07:06:36,BTC,21821.98
2024-01-04T07:06:37,BTC,21819.6137
2024-01-04T07:06:38,BTC,21825.8961
2024-01-04T07:06:39,BTC,21830.1142
2024-01-04T07:06:40,BTC,21815.9218
2024-01-04T07:06:41,BTC,21818.617
2024-01-04T07:06:42,BTC,21825.6349
2024-01-04T07:06:43,BTC,21825.5473
2024-01-04T07:06:44,BTC,21818.2825
2024-01-04T07:06:45,BTC,21826.943
2024-01-04T07:06:46,BTC,21828.5901
2024-01-04T07:06:47,BTC,21852.7216
2024-01-04T07:06:48,BTC,21851.2782
2024-01-04T07:06:49,BTC,21849.5597
2024-01-04T07:06:50,BTC,21866.8169
2024-01-04T07:06:51,BTC,21853.8817
2024-01-04T07:06:52,BTC,21857.8641
2024-01-04T07:06:53,BTC,21880.439
2024-01-04T07:06:54,BTC,21887.8908
2024-01-04T07:06:55,BTC,21898.0113
2024-01-04T07:06:56,BTC,21886.6899
2024-01-04T07:06:57,BTC,21893.3127
2024-01-04T07:06:58,BTC,21906.1451
2024-01-04T07:06:59,BTC,21924.9322
2024-01-04T07:07:00,BTC,21925.0029
2024-01-04T07:07:01,BTC,21934.2553
2024-01-04T07:07:02,BTC,21935.1487
2024-01-04T07:07:03,BTC,21949.994
2024-01-04T07:07:04,BTC,21938.6128
2024-01-04T07:07:05,BTC,21925.173
2024-01-04T07:07:06,BTC,21905.9013
2024-01-04T07:07:07,BTC,21906.4453
2024-01-04T07:07:08,BTC,21903.3519
2024-01-04T07:07:09,BTC,21911.9433
2024-01-04T07:07:10,BTC,21915.5859
2024-01-04T07:07:11,BTC,21900.7706
2024-01-04T07:07:12,BTC,21888.4584
2024-01-04T07:07:13,BTC,21893.3168
2024-01-04T07:07:14,BTC,21900.3452
2024-01-04T07:07:15,BTC,21895.8461
2024-01-04T07:07:16,BTC,21887.0257
2024-01-04T07:07:17,BTC,21872.8926
2024-01-04T07:07:18,BTC,21878.0925
2024-01-04T07:07:19,BTC,21893.2204
2024-01-04T07:07:20,BTC,21896.0081
2024-01-04T07:07:21,BTC,21887.3945
2024-01-04T07:07:22,BTC,21881.4836
2024-01-04T07:07:23,BTC,21875.5878
2024-01-04T07:07:24,BTC,21873.9379
2024-01-04T07:07:25,BTC,21873.189
2024-01-04T07:07:26,BTC,21871.0733
2024-01-04T07:07:27,BTC,21857.1518
2024-01-04T07:07:28,BTC,21873.5911
2024-01-04T07:07:29,BTC,21867.0917
2024-01-04T07:07:30,BTC,21853.9851
2024-01-04T07:07:31,BTC,21843.0662
2024-01-04T07:07:32,BTC,21829.407
2024-01-04T07:07:33,BTC,21833.8221
2024-01-04T07:07:34,BTC,21833.0668
2024-01-04T07:07:35,BTC,21837.6166
2024-01-04T07:07:36,BTC,21844.9663
2024-01-04T07:07:37,BTC,21856.7324
2024-01-04T07:07:38,BTC,21847.1962
2024-01-04T07:07:39,BTC,21859.5679
2024-01-04T07:07:40,BTC,21880.8345
2024-01-04T07:07:41,BTC,21892.8009
2024-01-04T07:07:42,BTC,21903.0745
2024-01-04T07:07:43,BTC,21876.9834
2024-01-04T07:07:44,BTC,21893.4294
2024-01-04T07:07:45,BTC,21901.1211
2024-01-04T07:07:46,BTC,21884.8327
2024-01-04T07:07:47,BTC,21883.4856
2024-01-04T07:07:48,BTC,21880.186
2024-01-04T07:07:49,BTC,21880.3459
2024-01-04T07:07:50,BTC,21890.6844
2024-01-04T07:07:51,BTC,21896.9783
2024-01-04T07:07:52,BTC,21891.7079
2024-01-04T07:07:53,BTC,21878.9496
2024-01-04T07:07:54,BTC,21878.3952
2024-01-04T07:07:55,BTC,21890.67
2024-01-04T07:07:56,BTC,21889.1009
2024-01-04T07:07:57,BTC,21883.4061
2024-01-04T07:07:58,BTC,21882.6116
2024-01-04T07:07:59,BTC,21864.8402
2024-01-04T07:08:00,BTC,21848.7782
2024-01-04T08:44:00,BTC,21838.2892
2024-01-04T08:44:01,BTC,21836.9702
2024-01-04T08:44:02,BTC,21822.6471
2024-01-04T08:44:03,BTC,21824.4686
2024-01-04T08:44:04,BTC,21814.9378
2024-01-04T08:44:05,BTC,21804.1121
2024-01-04T08:44:06,BTC,21772.6524
2024-01-04T08:44:07,BTC,21781.474
2024-01-04T08:44:08,BTC,21771.599
2024-01-04T08:44:09,BTC,21761.3033
2024-01-04T08:44:10,BTC,21757.0395
2024-01-04T08:44:11,BTC,21738.9461
2024-01-04T08:44:12,BTC,21739.295
2024-01-04T08:44:13,BTC,21722.0302
2024-01-04T08:44:14,BTC,21718.968
2024-01-04T08:44:15,BTC,21709.3269
2024-01-04T08:44:16,BTC,21705.3018
2024-01-04T08:44:17,BTC,21706.9899
2024-01-04T08:44:18,BTC,21690.0422
2024-01-04T08:44:19,BTC,21694.5441
2024-01-04T08:44:20,BTC,21679.2147
2024-01-04T08:44:21,BTC,21684.0887
2024-01-04T08:44:22,BTC,21670.4823
2024-01-04T08:44:23,BTC,21685.2447
2024-01-04T08:44:24,BTC,21662.0396
2024-01-04T08:44:25,BTC,21667.497
2024-01-04T08:44:26,BTC,21651.4277
2024-01-04T08:44:27,BTC,21649.7003
2024-01-04T08:44:28,BTC,21652.4689
2024-01-04T08:44:29,BTC,21669.7734
2024-01-04T08:44:30,BTC,21637.6577
2024-01-04T08:44:31,BTC,21630.1609
2024-01-04T08:44:32,BTC,21643.8626
2024-01-04T08:44:33,BTC,21642.6435
2024-01-04T08:44:34,BTC,21635.4613
2024-01-04T08:44:35,BTC,21638.2606
2024-01-04T08:44:36,BTC,21641.0949
2024-01-04T08:44:37,BTC,21626.7709
2024-01-04T08:44:38,BTC,21634.4321
2024-01-04T08:44:39,BTC,21642.2002
2024-01-04T08:44:40,BTC,21645.255
2024-01-04T08:44:41,BTC,21640.0749
2024-01-04T08:44:42,BTC,21645.2789
2024-01-04T08:44:43,BTC,21629.4271
2024-01-04T08:44:44,BTC,21631.3475
2024-01-04T08:44:45,BTC,21634.031
2024-01-04T08:44:46,BTC,21628.5357
2024-01-04T08:44:47,BTC,21622.8739
2024-01-04T08:44:48,BTC,21614.8507
2024-01-04T08:44:49,BTC,21618.9564
2024-01-04T08:44:50,BTC,21617.8087
2024-01-04T08:44:51,BTC,21598.7946
2024-01-04T08:44:52,BTC,21597.1793
2024-01-04T08:44:53,BTC,21586.0642
2024-01-04T08:44:54,BTC,21587.0824
2024-01-04T08:44:55,BTC,21573.6095
2024-01-04T08:44:56,BTC,21581.5138
2024-01-04T08:44:57,BTC,21568.827
2024-01-04T08:44:58,BTC,21577.3826
2024-01-04T08:44:59,BTC,21554.2246
2024-01-04T08:45:00,BTC,21548.1662
2024-01-04T08:45:01,BTC,21555.5473
2024-01-04T08:45:02,BTC,21543.836
2024-01-04T08:45:03,BTC,21532.4081
2024-01-04T08:45:04,BTC,21537.9163
2024-01-04T08:45:05,BTC,21543.0077
2024-01-04T08:45:06,BTC,21550.5041
2024-01-04T08:45:07,BTC,21544.4832
2024-01-04T08:45:08,BTC,21521.5962
2024-01-04T08:45:09,BTC,21519.1215
2024-01-04T08:45:10,BTC,21548.8797
2024-01-04T08:45:11,BTC,21563.7754
2024-01-04T08:45:12,BTC,21540.5001
2024-01-04T08:45:13,BTC,21529.9233
2024-01-04T08:45:14,BTC,21528.7834
2024-01-04T08:45:15,BTC,21536.2778
2024-01-04T08:45:16,BTC,21525.2976
2024-01-04T08:45:17,BTC,21521.2025
2024-01-04T08:45:18,BTC,21514.9361
2024-01-04T08:45:19,BTC,21507.5709
2024-01-04T08:45:20,BTC,21493.9522
2024-01-04T08:45:21,BTC,21485.2543
2024-01-04T08:45:22,BTC,21488.9714
2024-01-04T08:45:23,BTC,21490.4187
2024-01-04T08:45:24,BTC,21503.837
2024-01-04T08:45:25,BTC,21473.5367
2024-01-04T08:45:26,BTC,21464.9857
2024-01-04T08:45:27,BTC,21451.9413
2024-01-04T08:45:28,BTC,21449.3657
2024-01-04T08:45:29,BTC,21439.4872
2024-01-04T08:45:30,BTC,21448.0959
2024-01-04T08:45:31,BTC,21419.3312
2024-01-04T08:45:32,BTC,21420.1766
2024-01-04T08:45:33,BTC,21419.9278
2024-01-04T08:45:34,BTC,21420.7656
2024-01-04T08:45:35,BTC,21424.4236
2024-01-04T08:45:36,BTC,21419.9752
2024-01-04T08:45:37,BTC,21418.4202
2024-01-04T08:45:38,BTC,21410.131
2024-01-04T08:45:39,BTC,21410.1845
2024-01-04T08:45:40,BTC,21397.4249
2024-01-04T08:45:41,BTC,21384.274
2024-01-04T08:45:42,BTC,21381.4611
2024-01-04T08:45:43,BTC,21371.0147
2024-01-04T08:45:44,BTC,21384.0102
2024-01-04T08:45:45,BTC,21392.8497
2024-01-04T08:45:46,BTC,21393.8203
2024-01-04T08:45:47,BTC,21406.3465
2024-01-04T08:45:48,BTC,21404.5796
2024-01-04T08:45:49,BTC,21403.8052
2024-01-04T08:45:50,BTC,21382.6094
2024-01-04T08:45:51,BTC,21385.3509
2024-01-04T08:45:52,BTC,21377.6479
2024-01-04T08:45:53,BTC,21365.3461
2024-01-04T08:45:54,BTC,21366.584
2024-01-04T08:45:55,BTC,21355.9224
2024-01-04T08:45:56,BTC,21356.2777
2024-01-04T08:45:57,BTC,21357.6104
2024-01-04T08:45:58,BTC,21364.583
2024-01-04T08:45:59,BTC,21361.1017
2024-01-04T08:46:00,BTC,21348.4953
2024-01-04T08:46:01,BTC,21339.3131
2024-01-04T08:46:02,BTC,21332.722
2024-01-04T08:46:03,BTC,21329.6008
2024-01-04T08:46:04,BTC,21324.0257
2024-01-04T08:46:05,BTC,21327.6805
2024-01-04T08:46:06,BTC,21323.8109
2024-01-04T08:46:07,BTC,21332.4163
2024-01-04T08:46:08,BTC,21338.4806
2024-01-04T08:46:09,BTC,21324.7189
2024-01-04T08:46:10,BTC,21315.243
2024-01-04T08:46:11,BTC,21313.2935
2024-01-04T08:46:12,BTC,21304.7262
2024-01-04T08:46:13,BTC,21289.9823
2024-01-04T08:46:14,BTC,21294.8513
2024-01-04T08:46:15,BTC,21277.0057
2024-01-04T08:46:16,BTC,21265.1832
2024-01-04T08:46:17,BTC,21256.8487
2024-01-04T08:46:18,BTC,21242.6129
2024-01-04T08:46:19,BTC,21239.9238
2024-01-04T08:46:20,BTC,21235.5796
2024-01-04T08:46:21,BTC,21223.3114
2024-01-04T08:46:22,BTC,21220.0294
2024-01-04T08:46:23,BTC,21202.7396
2024-01-04T08:46:24,BTC,21210.064
2024-01-04T08:46:25,BTC,21203.5485
2024-01-04T08:46:26,BTC,21199.936
2024-01-04T08:46:27,BTC,21199.6762
2024-01-04T08:46:28,BTC,21185.3268
2024-01-04T08:46:29,BTC,21169.2633
2024-01-04T08:46:30,BTC,21170.9884
2024-01-04T08:46:31,BTC,21170.8817
2024-01-04T08:46:32,BTC,21171.1305
2024-01-04T08:46:33,BTC,21167.7926
2024-01-04T08:46:34,BTC,21175.8088
2024-01-04T08:46:35,BTC,21179.5367
2024-01-04T08:46:36,BTC,21192.8789
2024-01-04T08:46:37,BTC,21194.1633
2024-01-04T08:46:38,BTC,21190.1859
2024-01-04T08:46:39,BTC,21193.9036
2024-01-04T08:46:40,BTC,21156.4075
2024-01-04T08:46:41,BTC,21140.9067
2024-01-04T08:46:42,BTC,21130.6474
2024-01-04T08:46:43,BTC,21133.1314
2024-01-04T08:46:44,BTC,21139.2486
2024-01-04T08:46:45,BTC,21138.2546
2024-01-04T08:46:46,BTC,21139.6332
2024-01-04T08:46:47,BTC,21144.8661
2024-01-04T08:46:48,BTC,21139.333
2024-01-04T08:46:49,BTC,21135.6794
2024-01-04T08:46:50,BTC,21149.534
2024-01-04T08:46:51,BTC,21144.4077
2024-01-04T08:46:52,BTC,21132.9871
2024-01-04T08:46:53,BTC,21129.0366
2024-01-04T08:46:54,BTC,21124.6319
2024-01-04T08:46:55,BTC,21125.2394
2024-01-04T08:46:56,BTC,21125.6692
2024-01-04T08:46:57,BTC,21123.7324
2024-01-04T08:46:58,BTC,21100.5045
2024-01-04T08:46:59,BTC,21105.5556
2024-01-04T08:47:00,BTC,21110.8441
2024-01-04T08:47:01,BTC,21094.1002
2024-01-04T08:47:02,BTC,21084.776
2024-01-04T08:47:03,BTC,21078.7207
2024-01-04T08:47:04,BTC,21050.8173
2024-01-04T08:47:05,BTC,21055.9288
2024-01-04T08:47:06,BTC,21049.5353
2024-01-04T08:47:07,BTC,21042.1286
2024-01-04T08:47:08,BTC,21029.4637
2024-01-04T08:47:09,BTC,21028.0511
2024-01-04T08:47:10,BTC,21013.5559
2024-01-04T08:47:11,BTC,21003.4528
2024-01-04T08:47:12,BTC,21005.9881
2024-01-04T08:47:13,BTC,20978.7845
2024-01-04T08:47:14,BTC,20968.382
2024-01-04T08:47:15,BTC,20954.5612
2024-01-04T08:47:16,BTC,20950.4035
2024-01-04T08:47:17,BTC,20951.9543
2024-01-04T08:47:18,BTC,20945.6247
2024-01-04T08:47:19,BTC,20934.7929
2024-01-04T08:47:20,BTC,20928.6976
2024-01-04T08:47:21,BTC,20930.8717
2024-01-04T08:47:22,BTC,20918.0102
2024-01-04T08:47:23,BTC,20928.3407
2024-01-04T08:47:24,BTC,20915.7281
2024-01-04T08:47:25,BTC,20914.5237
2024-01-04T08:47:26,BTC,20891.3633
2024-01-04T08:47:27,BTC,20901.7577
2024-01-04T08:47:28,BTC,20889.9143
2024-01-04T08:47:29,BTC,20889.3796
2024-01-04T08:47:30,BTC,20873.9239
2024-01-04T08:47:31,BTC,20863.5376
2024-01-04T08:47:32,BTC,20865.4306
2024-01-04T08:47:33,BTC,20854.1982
2024-01-04T08:47:34,BTC,20845.733
2024-01-04T08:47:35,BTC,20834.9384
2024-01-04T08:47:36,BTC,20838.1898
2024-01-04T08:47:37,BTC,20822.5544
2024-01-04T08:47:38,BTC,20815.672
2024-01-04T08:47:39,BTC,20805.6751
2024-01-04T08:47:40,BTC,20803.0087
2024-01-04T08:47:41,BTC,20790.4387
2024-01-04T08:47:42,BTC,20774.7944
2024-01-04T08:47:43,BTC,20760.5783
2024-01-04T08:47:44,BTC,20757.1557
2024-01-04T08:47:45,BTC,20748.2995
2024-01-04T08:47:46,BTC,20728.7727
2024-01-04T08:47:47,BTC,20740.7894
2024-01-04T08:47:48,BTC,20716.8757
2024-01-04T08:47:49,BTC,20743.7264
2024-01-04T08:47:50,BTC,20750.5627
2024-01-04T08:47:51,BTC,20737.5318
2024-01-04T08:47:52,BTC,20738.7482
2024-01-04T08:47:53,BTC,20737.0386
2024-01-04T08:47:54,BTC,20735.4138
2024-01-04T08:47:55,BTC,20738.7185
2024-01-04T08:47:56,BTC,20722.2369
2024-01-04T08:47:57,BTC,20723.0222
2024-01-04T08:47:58,BTC,20748.7203
2024-01-04T08:47:59,BTC,20749.5693
2024-01-04T08:48:00,BTC,20741.3
2024-01-04T08:48:01,BTC,20710.2045
2024-01-04T08:48:02,BTC,20702.529
2024-01-04T08:48:03,BTC,20679.8235
2024-01-04T08:48:04,BTC,20664.292
2024-01-04T08:48:05,BTC,20663.75
2024-01-04T08:48:06,BTC,20649.0349
2024-01-04T08:48:07,BTC,20654.7914
2024-01-04T08:48:08,BTC,20658.6994
2024-01-04T08:48:09,BTC,20657.3708
2024-01-04T08:48:10,BTC,20652.0817
2024-01-04T08:48:11,BTC,20622.9747
2024-01-04T08:48:12,BTC,20617.2519
2024-01-04T08:48:13,BTC,20607.7587
2024-01-04T08:48:14,BTC,20610.117
2024-01-04T08:48:15,BTC,20625.9776
2024-01-04T08:48:16,BTC,20627.9689
2024-01-04T08:48:17,BTC,20630.791
2024-01-04T08:48:18,BTC,20646.2784
2024-01-04T08:48:19,BTC,20644.3078
2024-01-04T08:48:20,BTC,20642.5452
2024-01-04T08:48:21,BTC,20636.5802
2024-01-04T08:48:22,BTC,20634.4308
2024-01-04T08:48:23,BTC,20632.522
2024-01-04T08:48:24,BTC,20613.1079
2024-01-04T08:48:25,BTC,20599.5745
2024-01-04T08:48:26,BTC,20594.6112
2024-01-04T08:48:27,BTC,20583.202
2024-01-04T08:48:28,BTC,20583.8067
2024-01-04T08:48:29,BTC,20586.3071
2024-01-04T08:48:30,BTC,20582.645
2024-01-04T08:48:31,BTC,20584.878
2024-01-04T08:48:32,BTC,20587.6291
2024-01-04T08:48:33,BTC,20570.9404
2024-01-04T08:48:34,BTC,20579.0358
2024-01-04T08:48:35,BTC,20590.1551
2024-01-04T08:48:36,BTC,20590.7943
2024-01-04T08:48:37,BTC,20568.9709
2024-01-04T08:48:38,BTC,20556.705
2024-01-04T08:48:39,BTC,20565.953
2024-01-04T08:48:40,BTC,20562.9556
2024-01-04T08:48:41,BTC,20564.1566
2024-01-04T08:48:42,BTC,20587.7285
2024-01-04T08:48:43,BTC,20578.3976
2024-01-04T08:48:44,BTC,20553.2622
2024-01-04T08:48:45,BTC,20555.6165
2024-01-04T08:48:46,BTC,20549.1202
2024-01-04T08:48:47,BTC,20542.4945
2024-01-04T08:48:48,BTC,20531.4029
2024-01-04T08:48:49,BTC,20516.6729
2024-01-04T08:48:50,BTC,20514.9925
2024-01-04T08:48:51,BTC,20513.0652
2024-01-04T08:48:52,BTC,20508.4342
2024-01-04T08:48:53,BTC,20505.6862
2024-01-04T08:48:54,BTC,20503.6218
2024-01-04T08:48:55,BTC,20500.504
2024-01-04T08:48:56,BTC,20489.5071
2024-01-04T08:48:57,BTC,20476.7176
2024-01-04T08:48:58,BTC,20468.8041
2024-01-04T08:48:59,BTC,20480.6469
2024-01-04T08:49:00,BTC,20472.5985
2024-01-04T08:49:01,BTC,20465.0712
2024-01-04T08:49:02,BTC,20445.4091
2024-01-04T08:49:03,BTC,20429.8444
2024-01-04T08:49:04,BTC,20442.8206
2024-01-04T08:49:05,BTC,20428.3525
2024-01-04T08:49:06,BTC,20435.7316
2024-01-04T08:49:07,BTC,20445.6504
2024-01-04T08:49:08,BTC,20431.4046
2024-01-04T08:49:09,BTC,20429.392
2024-01-04T08:49:10,BTC,20413.9781
2024-01-04T08:49:11,BTC,20409.846
2024-01-04T08:49:12,BTC,20407.691
2024-01-04T08:49:13,BTC,20405.2349
2024-01-04T08:49:14,BTC,20390.5492
2024-01-04T08:49:15,BTC,20387.4045
2024-01-04T08:49:16,BTC,20374.9759
2024-01-04T08:49:17,BTC,20355.7973
2024-01-04T08:49:18,BTC,20343.6438
2024-01-04T08:49:19,BTC,20349.9939
2024-01-04T08:49:20,BTC,20340.0425
2024-01-04T08:49:21,BTC,20351.6488
2024-01-04T08:49:22,BTC,20352.9961
2024-01-04T08:49:23,BTC,20357.1857
2024-01-04T08:49:24,BTC,20351.4917
2024-01-04T08:49:25,BTC,20333.6227
2024-01-04T08:49:26,BTC,20316.0459
2024-01-04T08:49:27,BTC,20315.1584
2024-01-04T08:49:28,BTC,20310.1704
2024-01-04T08:49:29,BTC,20322.3768
2024-01-04T08:49:30,BTC,20314.4719
2024-01-04T08:49:31,BTC,20305.8268
2024-01-04T08:49:32,BTC,20307.2181
2024-01-04T08:49:33,BTC,20316.3278
2024-01-04T08:49:34,BTC,20300.3229
2024-01-04T08:49:35,BTC,20298.9009
2024-01-04T08:49:36,BTC,20300.7539
2024-01-04T08:49:37,BTC,20283.9684
2024-01-04T08:49:38,BTC,20285.8262
2024-01-04T08:49:39,BTC,20305.4911
2024-01-04T08:49:40,BTC,20302.2341
2024-01-04T08:49:41,BTC,20302.1004
2024-01-04T08:49:42,BTC,20273.0019
2024-01-04T08:49:43,BTC,20245.9481
2024-01-04T08:49:44,BTC,20252.7258
2024-01-04T08:49:45,BTC,20243.2198
2024-01-04T08:49:46,BTC,20241.2555
2024-01-04T08:49:47,BTC,20241.1766
2024-01-04T08:49:48,BTC,20233.1522
2024-01-04T08:49:49,BTC,20238.5792
2024-01-04T08:49:50,BTC,20239.5299
2024-01-04T08:49:51,BTC,20247.7753
2024-01-04T08:49:52,BTC,20254.8173
2024-01-04T08:49:53,BTC,20244.7526
2024-01-04T08:49:54,BTC,20241.0272
2024-01-04T08:49:55,BTC,20236.9965
2024-01-04T08:49:56,BTC,20230.788
2024-01-04T08:49:57,BTC,20218.2263
2024-01-04T08:49:58,BTC,20190.6828
2024-01-04T08:49:59,BTC,20179.9172
2024-01-04T08:50:00,BTC,20164.4068
2024-01-04T10:56:00,BTC,20164.0873
2024-01-04T10:56:01,BTC,20141.2727
2024-01-04T10:56:02,BTC,20125.3534
2024-01-04T10:56:03,BTC,20106.115
2024-01-04T10:56:04,BTC,20108.6273
2024-01-04T10:56:05,BTC,20106.0314
2024-01-04T10:56:06,BTC,20111.7424
2024-01-04T10:56:07,BTC,20119.7932
2024-01-04T10:56:08,BTC,20134.1678
2024-01-04T10:56:09,BTC,20104.4383
2024-01-04T10:56:10,BTC,20110.1213
2024-01-04T10:56:11,BTC,20120.3695
2024-01-04T10:56:12,BTC,20112.5518
2024-01-04T10:56:13,BTC,20111.9285
2024-01-04T10:56:14,BTC,20127.203
2024-01-04T10:56:15,BTC,20128.4523
2024-01-04T10:56:16,BTC,20125.8061
2024-01-04T10:56:17,BTC,20122.3426
2024-01-04T10:56:18,BTC,20120.676
2024-01-04T10:56:19,BTC,20122.7485
2024-01-04T10:56:20,BTC,20122.4593
2024-01-04T10:56:21,BTC,20117.7784
2024-01-04T10:56:22,BTC,20120.5759
2024-01-04T10:56:23,BTC,20120.5254
2024-01-04T10:56:24,BTC,20111.5088
2024-01-04T10:56:25,BTC,20105.5002
2024-01-04T10:56:26,BTC,20097.782
2024-01-04T10:56:27,BTC,20097.7354
2024-01-04T10:56:28,BTC,20096.1462
2024-01-04T10:56:29,BTC,20089.1785
2024-01-04T10:56:30,BTC,20102.1462
2024-01-04T10:56:31,BTC,20087.8704
2024-01-04T10:56:32,BTC,20096.0003
2024-01-04T10:56:33,BTC,20093.1427
2024-01-04T10:56:34,BTC,20085.2753
2024-01-04T10:56:35,BTC,20072.981
2024-01-04T10:56:36,BTC,20087.4464
2024-01-04T10:56:37,BTC,20080.9432
2024-01-04T10:56:38,BTC,20092.6145
2024-01-04T10:56:39,BTC,20079.9512
2024-01-04T10:56:40,BTC,20086.224
2024-01-04T10:56:41,BTC,20096.6797
2024-01-04T10:56:42,BTC,20099.358
2024-01-04T10:56:43,BTC,20093.8984
2024-01-04T10:56:44,BTC,20092.9068
2024-01-04T10:56:45,BTC,20103.7708
2024-01-04T10:56:46,BTC,20098.3886
2024-01-04T10:56:47,BTC,20090.5901
2024-01-04T10:56:48,BTC,20085.2417
2024-01-04T10:56:49,BTC,20093.0515
2024-01-04T10:56:50,BTC,20086.1905
2024-01-04T10:56:51,BTC,20102.3075
2024-01-04T10:56:52,BTC,20117.6247
2024-01-04T10:56:53,BTC,20123.5786
2024-01-04T10:56:54,BTC,20123.6639
2024-01-04T10:56:55,BTC,20123.9352
2024-01-04T10:56:56,BTC,20105.6948
2024-01-04T10:56:57,BTC,20079.3542
2024-01-04T10:56:58,BTC,20078.6635
2024-01-04T10:56:59,BTC,20072.8819
2024-01-04T10:57:00,BTC,20071.9771
2024-01-04T10:57:01,BTC,20076.7239
2024-01-04T10:57:02,BTC,20064.2234
2024-01-04T10:57:03,BTC,20074.137
2024-01-04T10:57:04,BTC,20078.3904
2024-01-04T10:57:05,BTC,20064.9448
2024-01-04T10:57:06,BTC,20061.0537
2024-01-04T10:57:07,BTC,20044.0609
2024-01-04T10:57:08,BTC,20053.8857
2024-01-04T10:57:09,BTC,20030.4233
2024-01-04T10:57:10,BTC,20018.2955
2024-01-04T10:57:11,BTC,20022.5719
2024-01-04T10:57:12,BTC,20027.5646
2024-01-04T10:57:13,BTC,20001.3203
2024-01-04T10:57:14,BTC,20008.3178
2024-01-04T10:57:15,BTC,20001.0367
2024-01-04T10:57:16,BTC,20004.9711
2024-01-04T10:57:17,BTC,19992.1418
2024-01-04T10:57:18,BTC,19995.8909
2024-01-04T10:57:19,BTC,19990.5241
2024-01-04T10:57:20,BTC,19974.1636
2024-01-04T10:57:21,BTC,19965.0437
2024-01-04T10:57:22,BTC,19957.1551
2024-01-04T10:57:23,BTC,19957.5065
2024-01-04T10:57:24,BTC,19953.3231
2024-01-04T10:57:25,BTC,19949.761
2024-01-04T10:57:26,BTC,19948.645
2024-01-04T10:57:27,BTC,19944.9504
2024-01-04T10:57:28,BTC,19966.2135
2024-01-04T10:57:29,BTC,19971.4713
2024-01-04T10:57:30,BTC,19984.7383
2024-01-04T10:57:31,BTC,19966.6403
2024-01-04T10:57:32,BTC,19969.1751
2024-01-04T10:57:33,BTC,19969.1822
2024-01-04T10:57:34,BTC,19956.7926
2024-01-04T10:57:35,BTC,19952.801
2024-01-04T10:57:36,BTC,19942.9907
2024-01-04T10:57:37,BTC,19943.2129
2024-01-04T10:57:38,BTC,19953.921
2024-01-04T10:57:39,BTC,19944.9719
2024-01-04T10:57:40,BTC,19953.9217
2024-01-04T10:57:41,BTC,19935.2634
2024-01-04T10:57:42,BTC,19923.2463
2024-01-04T10:57:43,BTC,19921.9654
2024-01-04T10:57:44,BTC,19905.3797
2024-01-04T10:57:45,BTC,19893.9692
2024-01-04T10:57:46,BTC,19892.4579
2024-01-04T10:57:47,BTC,19876.0584
2024-01-04T10:57:48,BTC,19885.0361
2024-01-04T10:57:49,BTC,19890.9094
2024-01-04T10:57:50,BTC,19880.4126
2024-01-04T10:57:51,BTC,19877.0947
2024-01-04T10:57:52,BTC,19871.762
2024-01-04T10:57:53,BTC,19877.5195
2024-01-04T10:57:54,BTC,19878.5934
2024-01-04T10:57:55,BTC,19878.9827
2024-01-04T10:57:56,BTC,19894.09
2024-01-04T10:57:57,BTC,19902.2245
2024-01-04T10:57:58,BTC,19903.6286
2024-01-04T10:57:59,BTC,19907.0156
2024-01-04T10:58:00,BTC,19907.9386
2024-01-04T10:58:01,BTC,19910.4221
2024-01-04T10:58:02,BTC,19902.7053
2024-01-04T10:58:03,BTC,19902.2341
2024-01-04T10:58:04,BTC,19907.4451
2024-01-04T10:58:05,BTC,19887.8831
2024-01-04T10:58:06,BTC,19896.7338
2024-01-04T10:58:07,BTC,19897.5171
2024-01-04T10:58:08,BTC,19888.2055
2024-01-04T10:58:09,BTC,19876.3314
2024-01-04T10:58:10,BTC,19883.2059
2024-01-04T10:58:11,BTC,19873.3175
2024-01-04T10:58:12,BTC,19856.2101
2024-01-04T10:58:13,BTC,19863.0503
2024-01-04T10:58:14,BTC,19857.3044
2024-01-04T10:58:15,BTC,19835.2563
2024-01-04T10:58:16,BTC,19825.4656
2024-01-04T10:58:17,BTC,19815.2896
2024-01-04T10:58:18,BTC,19799.8685
2024-01-04T10:58:19,BTC,19785.6722
2024-01-04T10:58:20,BTC,19787.1751
2024-01-04T10:58:21,BTC,19782.4873
2024-01-04T10:58:22,BTC,19778.3863
2024-01-04T10:58:23,BTC,19770.9561
2024-01-04T10:58:24,BTC,19765.9043
2024-01-04T10:58:25,BTC,19763.619
2024-01-04T10:58:26,BTC,19752.996
2024-01-04T10:58:27,BTC,19749.4068
2024-01-04T10:58:28,BTC,19739.265
2024-01-04T10:58:29,BTC,19736.2612
2024-01-04T10:58:30,BTC,19739.2248
2024-01-04T10:58:31,BTC,19743.5747
2024-01-04T10:58:32,BTC,19733.975
2024-01-04T10:58:33,BTC,19728.3929
2024-01-04T10:58:34,BTC,19733.705
2024-01-04T10:58:35,BTC,19738.3644
2024-01-04T10:58:36,BTC,19741.8565
2024-01-04T10:58:37,BTC,19729.843
2024-01-04T10:58:38,BTC,19719.157
2024-01-04T10:58:39,BTC,19723.2019
2024-01-04T10:58:40,BTC,19723.113
2024-01-04T10:58:41,BTC,19728.2815
2024-01-04T10:58:42,BTC,19728.7504
2024-01-04T10:58:43,BTC,19725.6686
2024-01-04T10:58:44,BTC,19726.1195
2024-01-04T10:58:45,BTC,19717.4177
2024-01-04T10:58:46,BTC,19727.6351
2024-01-04T10:58:47,BTC,19713.4195
2024-01-04T10:58:48,BTC,19700.6361
2024-01-04T10:58:49,BTC,19683.8713
2024-01-04T10:58:50,BTC,19657.3262
2024-01-04T10:58:51,BTC,19655.0481
2024-01-04T10:58:52,BTC,19639.9078
2024-01-04T10:58:53,BTC,19637.5046
2024-01-04T10:58:54,BTC,19633.0938
2024-01-04T10:58:55,BTC,19620.101
2024-01-04T10:58:56,BTC,19609.5998
2024-01-04T10:58:57,BTC,19606.2487
2024-01-04T10:58:58,BTC,19597.6228
2024-01-04T10:58:59,BTC,19588.0826
2024-01-04T10:59:00,BTC,19572.7605
2024-01-04T10:59:01,BTC,19573.1617
2024-01-04T10:59:02,BTC,19576.3896
2024-01-04T10:59:03,BTC,19586.0058
2024-01-04T10:59:04,BTC,19601.0115
2024-01-04T10:59:05,BTC,19586.5827
2024-01-04T10:59:06,BTC,19593.8639
2024-01-04T10:59:07,BTC,19587.5268
2024-01-04T10:59:08,BTC,19582.5537
2024-01-04T10:59:09,BTC,19587.479
2024-01-04T10:59:10,BTC,19589.2332
2024-01-04T10:59:11,BTC,19582.6908
2024-01-04T10:59:12,BTC,19573.5858
2024-01-04T10:59:13,BTC,19570.1842
2024-01-04T10:59:14,BTC,19575.4227
2024-01-04T10:59:15,BTC,19564.1474
2024-01-04T10:59:16,BTC,19556.8618
2024-01-04T10:59:17,BTC,19550.4923
2024-01-04T10:59:18,BTC,19549.5697
2024-01-04T10:59:19,BTC,19544.5382
2024-01-04T10:59:20,BTC,19553.4696
2024-01-04T10:59:21,BTC,19555.1276
2024-01-04T10:59:22,BTC,19556.4781
2024-01-04T10:59:23,BTC,19556.6146
2024-01-04T10:59:24,BTC,19557.4014
2024-01-04T10:59:25,BTC,19546.7196
2024-01-04T10:59:26,BTC,19547.781
2024-01-04T10:59:27,BTC,19548.4453
2024-01-04T10:59:28,BTC,19553.7385
2024-01-04T10:59:29,BTC,19544.1301
2024-01-04T10:59:30,BTC,19539.7252
2024-01-04T10:59:31,BTC,19533.1377
2024-01-04T10:59:32,BTC,19536.784
2024-01-04T10:59:33,BTC,19536.8285
2024-01-04T10:59:34,BTC,19544.3763
2024-01-04T10:59:35,BTC,19553.5367
2024-01-04T10:59:36,BTC,19540.4041
2024-01-04T10:59:37,BTC,19521.1948
2024-01-04T10:59:38,BTC,19506.3967
2024-01-04T10:59:39,BTC,19512.264
2024-01-04T10:59:40,BTC,19505.4321
2024-01-04T10:59:41,BTC,19496.7652
2024-01-04T10:59:42,BTC,19479.2706
2024-01-04T10:59:43,BTC,19469.2605
2024-01-04T10:59:44,BTC,19475.0433
2024-01-04T10:59:45,BTC,19473.6056
2024-01-04T10:59:46,BTC,19473.4162
2024-01-04T10:59:47,BTC,19471.1048
2024-01-04T10:59:48,BTC,19465.5758
2024-01-04T10:59:49,BTC,19475.269
2024-01-04T10:59:50,BTC,19477.0079
2024-01-04T10:59:51,BTC,19479.4992
2024-01-04T10:59:52,BTC,19467.71
2024-01-04T10:59:53,BTC,19479.1628
2024-01-04T10:59:54,BTC,19489.7461
2024-01-04T10:59:55,BTC,19492.2636
2024-01-04T10:59:56,BTC,19475.5474
2024-01-04T10:59:57,BTC,19480.9644
2024-01-04T10:59:58,BTC,19470.8629
2024-01-04T10:59:59,BTC,19482.1592
2024-01-04T11:00:00,BTC,19456.1996
2024-01-04T11:00:01,BTC,19461.0801
2024-01-04T11:00:02,BTC,19457.1677
2024-01-04T11:00:03,BTC,19451.1768
2024-01-04T11:00:04,BTC,19458.6674
2024-01-04T11:00:05,BTC,19441.3961
2024-01-04T11:00:06,BTC,19436.6791
2024-01-04T11:00:07,BTC,19433.4508
2024-01-04T11:00:08,BTC,19434.6854
2024-01-04T11:00:09,BTC,19430.9442
2024-01-04T11:00:10,BTC,19433.2732
2024-01-04T11:00:11,BTC,19438.0673
2024-01-04T11:00:12,BTC,19423.7872
2024-01-04T11:00:13,BTC,19429.9533
2024-01-04T11:00:14,BTC,19437.3164
2024-01-04T11:00:15,BTC,19431.4252
2024-01-04T11:00:16,BTC,19429.7197
2024-01-04T11:00:17,BTC,19425.187
2024-01-04T11:00:18,BTC,19433.2468
2024-01-04T11:00:19,BTC,19422.6916
2024-01-04T11:00:20,BTC,19428.9172
2024-01-04T11:00:21,BTC,19425.2901
2024-01-04T11:00:22,BTC,19417.3253
2024-01-04T11:00:23,BTC,19403.5375
2024-01-04T11:00:24,BTC,19396.4906
2024-01-04T11:00:25,BTC,19391.0033
2024-01-04T11:00:26,BTC,19401.6741
2024-01-04T11:00:27,BTC,19399.6791
2024-01-04T11:00:28,BTC,19404.9328
2024-01-04T11:00:29,BTC,19406.8656
2024-01-04T11:00:30,BTC,19398.058
2024-01-04T11:00:31,BTC,19396.5378
2024-01-04T11:00:32,BTC,19392.3471
2024-01-04T11:00:33,BTC,19377.1801
2024-01-04T11:00:34,BTC,19374.3746
2024-01-04T11:00:35,BTC,19375.7893
2024-01-04T11:00:36,BTC,19362.8634
2024-01-04T11:00:37,BTC,19351.2909
2024-01-04T11:00:38,BTC,19342.4214
2024-01-04T11:00:39,BTC,19315.4058
2024-01-04T11:00:40,BTC,19319.1215
2024-01-04T11:00:41,BTC,19314.7962
2024-01-04T11:00:42,BTC,19309.4508
2024-01-04T11:00:43,BTC,19299.1607
2024-01-04T11:00:44,BTC,19283.3484
2024-01-04T11:00:45,BTC,19281.0951
2024-01-04T11:00:46,BTC,19268.3316
2024-01-04T11:00:47,BTC,19274.7575
2024-01-04T11:00:48,BTC,19290.7049
2024-01-04T11:00:49,BTC,19284.6042
2024-01-04T11:00:50,BTC,19261.6957
2024-01-04T11:00:51,BTC,19255.7435
2024-01-04T11:00:52,BTC,19256.841
2024-01-04T11:00:53,BTC,19267.5575
2024-01-04T11:00:54,BTC,19265.109
2024-01-04T11:00:55,BTC,19285.2091
2024-01-04T11:00:56,BTC,19290.6454
2024-01-04T11:00:57,BTC,19290.5248
2024-01-04T11:00:58,BTC,19298.0274
2024-01-04T11:00:59,BTC,19305.7465
2024-01-04T11:01:00,BTC,19297.2178
2024-01-04T11:01:01,BTC,19292.7405
2024-01-04T11:01:02,BTC,19276.457
2024-01-04T11:01:03,BTC,19271.4542
2024-01-04T11:01:04,BTC,19271.5545
2024-01-04T11:01:05,BTC,19274.9913
2024-01-04T11:01:06,BTC,19276.6612
2024-01-04T11:01:07,BTC,19288.0868
2024-01-04T11:01:08,BTC,19283.895
2024-01-04T11:01:09,BTC,19284.4674
2024-01-04T11:01:10,BTC,19276.4017
2024-01-04T11:01:11,BTC,19274.109
2024-01-04T11:01:12,BTC,19270.6569
2024-01-04T11:01:13,BTC,19275.9157
2024-01-04T11:01:14,BTC,19272.6976
2024-01-04T11:01:15,BTC,19265.0354
2024-01-04T11:01:16,BTC,19261.6827
2024-01-04T11:01:17,BTC,19262.6548
2024-01-04T11:01:18,BTC,19274.4467
2024-01-04T11:01:19,BTC,19267.9882
2024-01-04T11:01:20,BTC,19269.1069
2024-01-04T11:01:21,BTC,19263.3793
2024-01-04T11:01:22,BTC,19252.5245
2024-01-04T11:01:23,BTC,19237.6863
2024-01-04T11:01:24,BTC,19220.7164
2024-01-04T11:01:25,BTC,19205.5617
2024-01-04T11:01:26,BTC,19207.9219
2024-01-04T11:01:27,BTC,19203.3316
2024-01-04T11:01:28,BTC,19191.5701
2024-01-04T11:01:29,BTC,19180.0015
2024-01-04T11:01:30,BTC,19163.1755
2024-01-04T11:01:31,BTC,19146.9155
2024-01-04T11:01:32,BTC,19133.2363
2024-01-04T11:01:33,BTC,19128.3848
2024-01-04T11:01:34,BTC,19125.8732
2024-01-04T11:01:35,BTC,19119.9913
2024-01-04T11:01:36,BTC,19126.178
2024-01-04T11:01:37,BTC,19111.655
2024-01-04T11:01:38,BTC,19098.9523
2024-01-04T11:01:39,BTC,19096.4121
2024-01-04T11:01:40,BTC,19110.3358
2024-01-04T11:01:41,BTC,19111.8559
2024-01-04T11:01:42,BTC,19099.1443
2024-01-04T11:01:43,BTC,19099.3624
2024-01-04T11:01:44,BTC,19086.443
2024-01-04T11:01:45,BTC,19089.7381
2024-01-04T11:01:46,BTC,19088.0501
2024-01-04T11:01:47,BTC,19084.5468
2024-01-04T11:01:48,BTC,19086.8723
2024-01-04T11:01:49,BTC,19077.1833
2024-01-04T11:01:50,BTC,19085.3925
2024-01-04T11:01:51,BTC,19081.8729
2024-01-04T11:01:52,BTC,19082.3406
2024-01-04T11:01:53,BTC,19077.9034
2024-01-04T11:01:54,BTC,19080.3006
2024-01-04T11:01:55,BTC,19086.7632
2024-01-04T11:01:56,BTC,19092.787
2024-01-04T11:01:57,BTC,19097.0453
2024-01-04T11:01:58,BTC,19093.1103
2024-01-04T11:01:59,BTC,19085.6188
2024-01-04T11:02:00,BTC,19087.2188
2024-01-04T12:05:00,BTC,19075.9377
2024-01-04T12:05:01,BTC,19078.209
2024-01-04T12:05:02,BTC,19075.6064
2024-01-04T12:05:03,BTC,19073.4142
2024-01-04T12:05:04,BTC,19095.2779
2024-01-04T12:05:05,BTC,19092.7491
2024-01-04T12:05:06,BTC,19107.1546
2024-01-04T12:05:07,BTC,19107.4832
2024-01-04T12:05:08,BTC,19111.6093
2024-01-04T12:05:09,BTC,19124.524
2024-01-04T12:05:10,BTC,19121.908
2024-01-04T12:05:11,BTC,19135.1176
2024-01-04T12:05:12,BTC,19148.3113
2024-01-04T12:05:13,BTC,19146.5399
2024-01-04T12:05:14,BTC,19161.7541
2024-01-04T12:05:15,BTC,19161.4779
2024-01-04T12:05:16,BTC,19167.9579
2024-01-04T12:05:17,BTC,19162.3845
2024-01-04T12:05:18,BTC,19150.89
2024-01-04T12:05:19,BTC,19153.9646
2024-01-04T12:05:20,BTC,19162.669
2024-01-04T12:05:21,BTC,19157.132
2024-01-04T12:05:22,BTC,19161.3436
2024-01-04T12:05:23,BTC,19148.9376
2024-01-04T12:05:24,BTC,19147.1702
2024-01-04T12:05:25,BTC,19136.4597
2024-01-04T12:05:26,BTC,19156.7975
2024-01-04T12:05:27,BTC,19162.5962
2024-01-04T12:05:28,BTC,19168.7462
2024-01-04T12:05:29,BTC,19151.2687
2024-01-04T12:05:30,BTC,19148.9619
2024-01-04T12:05:31,BTC,19145.1041
2024-01-04T12:05:32,BTC,19135.4527
2024-01-04T12:05:33,BTC,19131.4118
2024-01-04T12:05:34,BTC,19122.7157
2024-01-04T12:05:35,BTC,19111.5656
2024-01-04T12:05:36,BTC,19108.3925
2024-01-04T12:05:37,BTC,19115.5422
2024-01-04T12:05:38,BTC,19109.969
2024-01-04T12:05:39,BTC,19097.8035
2024-01-04T12:05:40,BTC,19106.2771
2024-01-04T12:05:41,BTC,19104.8323
2024-01-04T12:05:42,BTC,19098.3859
2024-01-04T12:05:43,BTC,19096.1578
2024-01-04T12:05:44,BTC,19094.8402
2024-01-04T12:05:45,BTC,19102.5824
2024-01-04T12:05:46,BTC,19107.25
2024-01-04T12:05:47,BTC,19109.4536
2024-01-04T12:05:48,BTC,19112.7514
2024-01-04T12:05:49,BTC,19099.7938
2024-01-04T12:05:50,BTC,19097.6439
2024-01-04T12:05:51,BTC,19092.3499
2024-01-04T12:05:52,BTC,19096.6286
2024-01-04T12:05:53,BTC,19090.5224
2024-01-04T12:05:54,BTC,19095.5024
2024-01-04T12:05:55,BTC,19089.0958
2024-01-04T12:05:56,BTC,19094.4695
2024-01-04T12:05:57,BTC,19099.6684
2024-01-04T12:05:58,BTC,19098.2495
2024-01-04T12:05:59,BTC,19083.1745
2024-01-04T12:06:00,BTC,19087.8011
2024-01-04T12:06:01,BTC,19089.3709
2024-01-04T12:06:02,BTC,19070.8617
2024-01-04T12:06:03,BTC,19070.1526
2024-01-04T12:06:04,BTC,19071.018
2024-01-04T12:06:05,BTC,19057.2686
2024-01-04T12:06:06,BTC,19067.1252
2024-01-04T12:06:07,BTC,19064.9291
2024-01-04T12:06:08,BTC,19057.6798
2024-01-04T12:06:09,BTC,19072.6404
2024-01-04T12:06:10,BTC,19065.1419
2024-01-04T12:06:11,BTC,19068.2152
2024-01-04T12:06:12,BTC,19064.5861
2024-01-04T12:06:13,BTC,19044.3257
2024-01-04T12:06:14,BTC,19026.5089
2024-01-04T12:06:15,BTC,19032.495
2024-01-04T12:06:16,BTC,19044.1983
2024-01-04T12:06:17,BTC,19041.3031
2024-01-04T12:06:18,BTC,19045.36
2024-01-04T12:06:19,BTC,19064.1528
2024-01-04T12:06:20,BTC,19074.6907
2024-01-04T12:06:21,BTC,19075.5371
2024-01-04T12:06:22,BTC,19076.0135
2024-01-04T12:06:23,BTC,19078.7208
2024-01-04T12:06:24,BTC,19080.0923
2024-01-04T12:06:25,BTC,19091.9687
2024-01-04T12:06:26,BTC,19097.6457
2024-01-04T12:06:27,BTC,19107.4485
2024-01-04T12:06:28,BTC,19101.2218
2024-01-04T12:06:29,BTC,19101.8632
2024-01-04T12:06:30,BTC,19112.4152
2024-01-04T12:06:31,BTC,19120.5994
2024-01-04T12:06:32,BTC,19112.3614
2024-01-04T12:06:33,BTC,19116.8844
2024-01-04T12:06:34,BTC,19129.612
2024-01-04T12:06:35,BTC,19140.8784
2024-01-04T12:06:36,BTC,19115.6208
2024-01-04T12:06:37,BTC,19115.052
2024-01-04T12:06:38,BTC,19114.2648
2024-01-04T12:06:39,BTC,19110.8364
2024-01-04T12:06:40,BTC,19101.5718
2024-01-04T12:06:41,BTC,19098.7475
2024-01-04T12:06:42,BTC,19106.3734
2024-01-04T12:06:43,BTC,19106.8352
2024-01-04T12:06:44,BTC,19092.9127
2024-01-04T12:06:45,BTC,19098.6457
2024-01-04T12:06:46,BTC,19104.7086
2024-01-04T12:06:47,BTC,19097.9809
2024-01-04T12:06:48,BTC,19104.408
2024-01-04T12:06:49,BTC,19117.1572
2024-01-04T12:06:50,BTC,19115.345
2024-01-04T12:06:51,BTC,19119.0262
2024-01-04T12:06:52,BTC,19126.7305
2024-01-04T12:06:53,BTC,19136.374
2024-01-04T12:06:54,BTC,19136.7855
2024-01-04T12:06:55,BTC,19115.2568
2024-01-04T12:06:56,BTC,19108.7234
2024-01-04T12:06:57,BTC,19112.4975
2024-01-04T12:06:58,BTC,19115.7629
2024-01-04T12:06:59,BTC,19115.2328
2024-01-04T12:07:00,BTC,19102.4243
2024-01-04T12:07:01,BTC,19124.9842
2024-01-04T12:07:02,BTC,19115.4481
2024-01-04T12:07:03,BTC,19130.8043
2024-01-04T12:07:04,BTC,19129.2235
2024-01-04T12:07:05,BTC,19131.3167
2024-01-04T12:07:06,BTC,19148.3674
2024-01-04T12:07:07,BTC,19155.0263
2024-01-04T12:07:08,BTC,19160.5051
2024-01-04T12:07:09,BTC,19145.6187
2024-01-04T12:07:10,BTC,19139.0816
2024-01-04T12:07:11,BTC,19141.4247
2024-01-04T12:07:12,BTC,19144.2409
2024-01-04T12:07:13,BTC,19152.408
2024-01-04T12:07:14,BTC,19147.3684
2024-01-04T12:07:15,BTC,19141.9879
2024-01-04T12:07:16,BTC,19140.4294
2024-01-04T12:07:17,BTC,19128.3184
2024-01-04T12:07:18,BTC,19116.5889
2024-01-04T12:07:19,BTC,19112.3204
2024-01-04T12:07:20,BTC,19118.0613
2024-01-04T12:07:21,BTC,19121.7552
2024-01-04T12:07:22,BTC,19131.2857
2024-01-04T12:07:23,BTC,19135.1769
2024-01-04T12:07:24,BTC,19134.0987
2024-01-04T12:07:25,BTC,19139.5598
2024-01-04T12:07:26,BTC,19142.1641
2024-01-04T12:07:27,BTC,19128.3828
2024-01-04T12:07:28,BTC,19141.3799
2024-01-04T12:07:29,BTC,19141.4826
2024-01-04T12:07:30,BTC,19155.3705
2024-01-04T12:07:31,BTC,19161.0043
2024-01-04T12:07:32,BTC,19180.4363
2024-01-04T12:07:33,BTC,19184.7344
2024-01-04T12:07:34,BTC,19185.0133
2024-01-04T12:07:35,BTC,19193.635
2024-01-04T12:07:36,BTC,19200.369
2024-01-04T12:07:37,BTC,19193.5041
2024-01-04T12:07:38,BTC,19208.0219
2024-01-04T12:07:39,BTC,19206.6114
2024-01-04T12:07:40,BTC,19195.0094
2024-01-04T12:07:41,BTC,19181.7987
2024-01-04T12:07:42,BTC,19181.369
2024-01-04T12:07:43,BTC,19161.0674
2024-01-04T12:07:44,BTC,19158.3611
2024-01-04T12:07:45,BTC,19161.793
2024-01-04T12:07:46,BTC,19168.6564
2024-01-04T12:07:47,BTC,19156.3609
2024-01-04T12:07:48,BTC,19158.3367
2024-01-04T12:07:49,BTC,19151.2475
2024-01-04T12:07:50,BTC,19149.6028
2024-01-04T12:07:51,BTC,19137.5294
2024-01-04T12:07:52,BTC,19154.6846
2024-01-04T12:07:53,BTC,19163.4893
2024-01-04T12:07:54,BTC,19167.1747
2024-01-04T12:07:55,BTC,19159.7134
2024-01-04T12:07:56,BTC,19154.2876
2024-01-04T12:07:57,BTC,19148.8859
2024-01-04T12:07:58,BTC,19137.5256
2024-01-04T12:07:59,BTC,19140.3813
2024-01-04T12:08:00,BTC,19144.9551
2024-01-04T12:08:01,BTC,19126.3674
2024-01-04T12:08:02,BTC,19123.6773
2024-01-04T12:08:03,BTC,19108.5537
2024-01-04T12:08:04,BTC,19111.4253
2024-01-04T12:08:05,BTC,19106.533
2024-01-04T12:08:06,BTC,19102.1237
2024-01-04T12:08:07,BTC,19107.7199
2024-01-04T12:08:08,BTC,19109.5492
2024-01-04T12:08:09,BTC,19112.7595
2024-01-04T12:08:10,BTC,19115.0694
2024-01-04T12:08:11,BTC,19117.5601
2024-01-04T12:08:12,BTC,19116.8878
2024-01-04T12:08:13,BTC,19103.2786
2024-01-04T12:08:14,BTC,19115.183
2024-01-04T12:08:15,BTC,19110.5821
2024-01-04T12:08:16,BTC,19103.3477
2024-01-04T12:08:17,BTC,19105.7626
2024-01-04T12:08:18,BTC,19105.5096
2024-01-04T12:08:19,BTC,19094.7242
2024-01-04T12:08:20,BTC,19096.5949
2024-01-04T12:08:21,BTC,19090.7702
2024-01-04T12:08:22,BTC,19104.1598
2024-01-04T12:08:23,BTC,19095.0088
2024-01-04T12:08:24,BTC,19103.6207
2024-01-04T12:08:25,BTC,19090.6982
2024-01-04T12:08:26,BTC,19098.4213
2024-01-04T12:08:27,BTC,19107.8521
2024-01-04T12:08:28,BTC,19107.3855
2024-01-04T12:08:29,BTC,19108.1729
2024-01-04T12:08:30,BTC,19092.0507
2024-01-04T12:08:31,BTC,19093.1036
2024-01-04T12:08:32,BTC,19076.3784
2024-01-04T12:08:33,BTC,19098.4534
2024-01-04T12:08:34,BTC,19109.0994
2024-01-04T12:08:35,BTC,19104.2617
2024-01-04T12:08:36,BTC,19106.6131
2024-01-04T12:08:37,BTC,19122.6034
2024-01-04T12:08:38,BTC,19127.3654
2024-01-04T12:08:39,BTC,19141.3073
2024-01-04T12:08:40,BTC,19160.0571
2024-01-04T12:08:41,BTC,19162.7666
2024-01-04T12:08:42,BTC,19171.5303
2024-01-04T12:08:43,BTC,19176.0132
2024-01-04T12:08:44,BTC,19173.3318
2024-01-04T12:08:45,BTC,19156.8121
2024-01-04T12:08:46,BTC,19154.2347
2024-01-04T12:08:47,BTC,19142.815
2024-01-04T12:08:48,BTC,19139.4053
2024-01-04T12:08:49,BTC,19136.3406
2024-01-04T12:08:50,BTC,19132.3473
2024-01-04T12:08:51,BTC,19130.2382
2024-01-04T12:08:52,BTC,19141.4038
2024-01-04T12:08:53,BTC,19148.0138
2024-01-04T12:08:54,BTC,19148.8727
2024-01-04T12:08:55,BTC,19157.1443
2024-01-04T12:08:56,BTC,19146.0282
2024-01-04T12:08:57,BTC,19138.4836
2024-01-04T12:08:58,BTC,19142.1974
2024-01-04T12:08:59,BTC,19143.1525
2024-01-04T12:09:00,BTC,19134.2452
2024-01-04T12:09:01,BTC,19142.6154
2024-01-04T12:09:02,BTC,19149.7611
2024-01-04T12:09:03,BTC,19148.1607
2024-01-04T12:09:04,BTC,19154.4172
2024-01-04T12:09:05,BTC,19163.978
2024-01-04T12:09:06,BTC,19164.4079
2024-01-04T12:09:07,BTC,19179.4517
2024-01-04T12:09:08,BTC,19188.3519
2024-01-04T12:09:09,BTC,19197.8579
2024-01-04T12:09:10,BTC,19200.1183
2024-01-04T12:09:11,BTC,19209.6213
2024-01-04T12:09:12,BTC,19228.138
2024-01-04T12:09:13,BTC,19231.8938
2024-01-04T12:09:14,BTC,19222.6682
2024-01-04T12:09:15,BTC,19219.7264
2024-01-04T12:09:16,BTC,19221.3757
2024-01-04T12:09:17,BTC,19214.0813
2024-01-04T12:09:18,BTC,19188.4058
2024-01-04T12:09:19,BTC,19190.7168
2024-01-04T12:09:20,BTC,19164.9307
2024-01-04T12:09:21,BTC,19184.8938
2024-01-04T12:09:22,BTC,19187.1336
2024-01-04T12:09:23,BTC,19193.0631
2024-01-04T12:09:24,BTC,19181.6019
2024-01-04T12:09:25,BTC,19182.3575
2024-01-04T12:09:26,BTC,19179.4952
2024-01-04T12:09:27,BTC,19165.5321
2024-01-04T12:09:28,BTC,19171.9005
2024-01-04T12:09:29,BTC,19175.4952
2024-01-04T12:09:30,BTC,19182.9334
2024-01-04T12:09:31,BTC,19187.8263
2024-01-04T12:09:32,BTC,19170.0271
2024-01-04T12:09:33,BTC,19178.0128
2024-01-04T12:09:34,BTC,19185.651
2024-01-04T12:09:35,BTC,19189.2957
2024-01-04T12:09:36,BTC,19187.8536
2024-01-04T12:09:37,BTC,19195.123
2024-01-04T12:09:38,BTC,19203.1539
2024-01-04T12:09:39,BTC,19213.7985
2024-01-04T12:09:40,BTC,19216.0012
2024-01-04T12:09:41,BTC,19228.6544
2024-01-04T12:09:42,BTC,19238.7088
2024-01-04T12:09:43,BTC,19246.5231
2024-01-04T12:09:44,BTC,19247.5219
2024-01-04T12:09:45,BTC,19247.9521
2024-01-04T12:09:46,BTC,19247.0311
2024-01-04T12:09:47,BTC,19245.0047
2024-01-04T12:09:48,BTC,19248.2007
2024-01-04T12:09:49,BTC,19245.0491
2024-01-04T12:09:50,BTC,19256.8132
2024-01-04T12:09:51,BTC,19261.3535
2024-01-04T12:09:52,BTC,19254.0069
2024-01-04T12:09:53,BTC,19252.7587
2024-01-04T12:09:54,BTC,19247.4784
2024-01-04T12:09:55,BTC,19245.506
2024-01-04T12:09:56,BTC,19244.1179
2024-01-04T12:09:57,BTC,19226.6624
2024-01-04T12:09:58,BTC,19229.0519
2024-01-04T12:09:59,BTC,19220.7053
2024-01-04T12:10:00,BTC,19215.3657
2024-01-04T12:10:01,BTC,19225.0432
2024-01-04T12:10:02,BTC,19220.9121
2024-01-04T12:10:03,BTC,19207.125
2024-01-04T12:10:04,BTC,19200.1041
2024-01-04T12:10:05,BTC,19209.7402
2024-01-04T12:10:06,BTC,19210.8205
2024-01-04T12:10:07,BTC,19230.6438
2024-01-04T12:10:08,BTC,19235.6763
2024-01-04T12:10:09,BTC,19243.5327
2024-01-04T12:10:10,BTC,19247.9794
2024-01-04T12:10:11,BTC,19235.4376
2024-01-04T12:10:12,BTC,19247.2602
2024-01-04T12:10:13,BTC,19252.4015
2024-01-04T12:10:14,BTC,19258.453
2024-01-04T12:10:15,BTC,19254.3133
2024-01-04T12:10:16,BTC,19252.8815
2024-01-04T12:10:17,BTC,19251.8938
2024-01-04T12:10:18,BTC,19253.5928
2024-01-04T12:10:19,BTC,19242.9952
2024-01-04T12:10:20,BTC,19243.814
2024-01-04T12:10:21,BTC,19248.3769
2024-01-04T12:10:22,BTC,19258.9986
2024-01-04T12:10:23,BTC,19247.7929
2024-01-04T12:10:24,BTC,19246.6605
2024-01-04T12:10:25,BTC,19268.1696
2024-01-04T12:10:26,BTC,19272.5379
2024-01-04T12:10:27,BTC,19283.1
2024-01-04T12:10:28,BTC,19278.4102
2024-01-04T12:10:29,BTC,19295.7358
2024-01-04T12:10:30,BTC,19309.686
2024-01-04T12:10:31,BTC,19301.4902
2024-01-04T12:10:32,BTC,19302.214
2024-01-04T12:10:33,BTC,19301.1063
2024-01-04T12:10:34,BTC,19273.2825
2024-01-04T12:10:35,BTC,19268.1982
2024-01-04T12:10:36,BTC,19256.5918
2024-01-04T12:10:37,BTC,19257.4906
2024-01-04T12:10:38,BTC,19255.0996
2024-01-04T12:10:39,BTC,19262.4577
2024-01-04T12:10:40,BTC,19264.288
2024-01-04T12:10:41,BTC,19249.7306
2024-01-04T12:10:42,BTC,19250.4556
2024-01-04T12:10:43,BTC,19237.6236
2024-01-04T12:10:44,BTC,19246.5054
2024-01-04T12:10:45,BTC,19238.4639
2024-01-04T12:10:46,BTC,19240.433
2024-01-04T12:10:47,BTC,19257.219
2024-01-04T12:10:48,BTC,19253.7644
2024-01-04T12:10:49,BTC,19262.2228
2024-01-04T12:10:50,BTC,19259.6585
2024-01-04T12:10:51,BTC,19269.5284
2024-01-04T12:10:52,BTC,19285.2476
2024-01-04T12:10:53,BTC,19281.528
2024-01-04T12:10:54,BTC,19300.4996
2024-01-04T12:10:55,BTC,19314.7279
2024-01-04T12:10:56,BTC,19306.7794
2024-01-04T12:10:57,BTC,19302.5145
2024-01-04T12:10:58,BTC,19300.5563
2024-01-04T12:10:59,BTC,19297.511
2024-01-04T12:11:00,BTC,19308.1615
2023-12-31T23:59:00,ETH,2500.3053
2023-12-31T23:59:01,ETH,2501.1531
2023-12-31T23:59:02,ETH,2500.4209
2023-12-31T23:59:03,ETH,2499.2848
2023-12-31T23:59:04,ETH,2496.7957
2023-12-31T23:59:05,ETH,2498.0087
2023-12-31T23:59:06,ETH,2498.0295
2023-12-31T23:59:07,ETH,2498.2865
2023-12-31T23:59:08,ETH,2497.3077
2023-12-31T23:59:09,ETH,2498.8391
2023-12-31T23:59:10,ETH,2500.0176
2023-12-31T23:59:11,ETH,2499.8653
2023-12-31T23:59:12,ETH,2499.1705
2023-12-31T23:59:13,ETH,2498.7248
2023-12-31T23:59:14,ETH,2497.727
2023-12-31T23:59:15,ETH,2497.7602
2023-12-31T23:59:16,ETH,2496.9907
2023-12-31T23:59:17,ETH,2497.7217
2023-12-31T23:59:18,ETH,2497.2728
2023-12-31T23:59:19,ETH,2496.8308
2023-12-31T23:59:20,ETH,2498.75
2023-12-31T23:59:21,ETH,2497.8433
2023-12-31T23:59:22,ETH,2495.8851
2023-12-31T23:59:23,ETH,2496.3421
2023-12-31T23:59:24,ETH,2493.7485
2023-12-31T23:59:25,ETH,2494.0782
2023-12-31T23:59:26,ETH,2495.3024
2023-12-31T23:59:27,ETH,2495.3899
2023-12-31T23:59:28,ETH,2495.4015
2023-12-31T23:59:29,ETH,2492.8429
2023-12-31T23:59:30,ETH,2493.5351
2023-12-31T23:59:31,ETH,2494.0292
2023-12-31T23:59:32,ETH,2492.5677
2023-12-31T23:59:33,ETH,2494.952
2023-12-31T23:59:34,ETH,2493.4251
2023-12-31T23:59:35,ETH,2491.3315
2023-12-31T23:59:36,ETH,2489.0755
2023-12-31T23:59:37,ETH,2489.1079
2023-12-31T23:59:38,ETH,2489.5284
2023-12-31T23:59:39,ETH,2490.0773
2023-12-31T23:59:40,ETH,2489.6572
2023-12-31T23:59:41,ETH,2488.6456
2023-12-31T23:59:42,ETH,2489.6943
2023-12-31T23:59:43,ETH,2488.5769
2023-12-31T23:59:44,ETH,2487.0715
2023-12-31T23:59:45,ETH,2488.8141
2023-12-31T23:59:46,ETH,2489.0351
2023-12-31T23:59:47,ETH,2489.6216
2023-12-31T23:59:48,ETH,2490.4007
2023-12-31T23:59:49,ETH,2489.6887
2023-12-31T23:59:50,ETH,2489.0253
2023-12-31T23:59:51,ETH,2489.8225
2023-12-31T23:59:52,ETH,2489.0542
2023-12-31T23:59:53,ETH,2489.4724
2023-12-31T23:59:54,ETH,2489.3611
2023-12-31T23:59:55,ETH,2487.8746
2023-12-31T23:59:56,ETH,2489.0767
2023-12-31T23:59:57,ETH,2487.4721
2023-12-31T23:59:58,ETH,2487.7618
2023-12-31T23:59:59,ETH,2487.8451
2024-01-01T00:00:00,ETH,2489.4207
2024-01-01T00:00:01,ETH,2488.0271
2024-01-01T00:00:02,ETH,2487.3513
2024-01-01T00:00:03,ETH,2487.2266
2024-01-01T00:00:04,ETH,2487.4515
2024-01-01T00:00:05,ETH,2488.5316
2024-01-01T00:00:06,ETH,2488.9187
2024-01-01T00:00:07,ETH,2488.9496
2024-01-01T00:00:08,ETH,2490.2294
2024-01-01T00:00:09,ETH,2492.8392
2024-01-01T00:00:10,ETH,2491.1497
2024-01-01T00:00:11,ETH,2491.1425
2024-01-01T00:00:12,ETH,2492.0887
2024-01-01T00:00:13,ETH,2492.1955
2024-01-01T00:00:14,ETH,2493.9832
2024-01-01T00:00:15,ETH,2493.5665
2024-01-01T00:00:16,ETH,2492.3023
2024-01-01T00:00:17,ETH,2493.3871
2024-01-01T00:00:18,ETH,2489.9301
2024-01-01T00:00:19,ETH,2489.3378
2024-01-01T00:00:20,ETH,2492.2828
2024-01-01T00:00:21,ETH,2492.3155
2024-01-01T00:00:22,ETH,2492.7613
2024-01-01T00:00:23,ETH,2491.5753
2024-01-01T00:00:24,ETH,2491.5464
2024-01-01T00:00:25,ETH,2491.3692
2024-01-01T00:00:26,ETH,2493.6841
2024-01-01T00:00:27,ETH,2492.4247
2024-01-01T00:00:28,ETH,2488.983
2024-01-01T00:00:29,ETH,2489.489
2024-01-01T00:00:30,ETH,2491.4184
2024-01-01T00:00:31,ETH,2490.5605
2024-01-01T00:00:32,ETH,2488.2897
2024-01-01T00:00:33,ETH,2486.955
2024-01-01T00:00:34,ETH,2487.4941
2024-01-01T00:00:35,ETH,2486.7948
2024-01-01T00:00:36,ETH,2486.8475
2024-01-01T00:00:37,ETH,2483.9161
2024-01-01T00:00:38,ETH,2483.2698
2024-01-01T00:00:39,ETH,2484.2486
2024-01-01T00:00:40,ETH,2483.9198
2024-01-01T00:00:41,ETH,2482.648
2024-01-01T00:00:42,ETH,2483.9538
2024-01-01T00:00:43,ETH,2485.1796
2024-01-01T00:00:44,ETH,2484.6013
2024-01-01T00:00:45,ETH,2483.6797
2024-01-01T00:00:46,ETH,2485.2669
2024-01-01T00:00:47,ETH,2484.5835
2024-01-01T00:00:48,ETH,2484.3806
2024-01-01T00:00:49,ETH,2486.6177
2024-01-01T00:00:50,ETH,2486.85
2024-01-01T00:00:51,ETH,2486.234
2024-01-01T00:00:52,ETH,2483.7771
2024-01-01T00:00:53,ETH,2483.8211
2024-01-01T00:00:54,ETH,2483.7135
2024-01-01T00:00:55,ETH,2482.9388
2024-01-01T00:00:56,ETH,2484.0879
2024-01-01T00:00:57,ETH,2482.4839
2024-01-01T00:00:58,ETH,2480.5191
2024-01-01T00:00:59,ETH,2479.5416
2024-01-01T00:01:00,ETH,2479.4742
2024-01-01T00:01:01,ETH,2477.5774
2024-01-01T00:01:02,ETH,2476.0801
2024-01-01T00:01:03,ETH,2474.993
2024-01-01T00:01:04,ETH,2474.8802
2024-01-01T00:01:05,ETH,2473.9271
2024-01-01T00:01:06,ETH,2475.0484
2024-01-01T00:01:07,ETH,2472.2166
2024-01-01T00:01:08,ETH,2472.6129
2024-01-01T00:01:09,ETH,2471.7688
2024-01-01T00:01:10,ETH,2472.23
2024-01-01T00:01:11,ETH,2474.5581
2024-01-01T00:01:12,ETH,2474.3562
2024-01-01T00:01:13,ETH,2474.4838
2024-01-01T00:01:14,ETH,2475.4018
2024-01-01T00:01:15,ETH,2473.6432
2024-01-01T00:01:16,ETH,2474.3462
2024-01-01T00:01:17,ETH,2475.2399
2024-01-01T00:01:18,ETH,2474.957
2024-01-01T00:01:19,ETH,2475.6516
2024-01-01T00:01:20,ETH,2475.6972
2024-01-01T00:01:21,ETH,2474.6394
2024-01-01T00:01:22,ETH,2472.8999
2024-01-01T00:01:23,ETH,2474.0003
2024-01-01T00:01:24,ETH,2476.0904
2024-01-01T00:01:25,ETH,2475.0048
2024-01-01T00:01:26,ETH,2475.3493
2024-01-01T00:01:27,ETH,2473.7363
2024-01-01T00:01:28,ETH,2473.045
2024-01-01T00:01:29,ETH,2472.3235
2024-01-01T00:01:30,ETH,2470.8073
2024-01-01T00:01:31,ETH,2470.6085
2024-01-01T00:01:32,ETH,2471.7278
2024-01-01T00:01:33,ETH,2472.3155
2024-01-01T00:01:34,ETH,2471.5732
2024-01-01T00:01:35,ETH,2473.2288
2024-01-01T00:01:36,ETH,2473.3984
2024-01-01T00:01:37,ETH,2475.5274
2024-01-01T00:01:38,ETH,2473.8124
2024-01-01T00:01:39,ETH,2477.4484
2024-01-01T00:01:40,ETH,2477.1342
2024-01-01T00:01:41,ETH,2475.575
2024-01-01T00:01:42,ETH,2474.1609
2024-01-01T00:01:43,ETH,2475.222
2024-01-01T00:01:44,ETH,2476.25
2024-01-01T00:01:45,ETH,2477.1643
2024-01-01T00:01:46,ETH,2477.8272
2024-01-01T00:01:47,ETH,2476.34
2024-01-01T00:01:48,ETH,2476.0721
2024-01-01T00:01:49,ETH,2473.1198
2024-01-01T00:01:50,ETH,2471.9505
2024-01-01T00:01:51,ETH,2472.6922
2024-01-01T00:01:52,ETH,2470.2845
2024-01-01T00:01:53,ETH,2473.1355
2024-01-01T00:01:54,ETH,2474.6212
2024-01-01T00:01:55,ETH,2473.125
2024-01-01T00:01:56,ETH,2473.9448
2024-01-01T00:01:57,ETH,2474.5577
2024-01-01T00:01:58,ETH,2474.3127
2024-01-01T00:01:59,ETH,2474.9701
2024-01-01T00:02:00,ETH,2474.5688
2024-01-01T00:02:01,ETH,2474.4755
2024-01-01T00:02:02,ETH,2475.0881
2024-01-01T00:02:03,ETH,2475.6198
2024-01-01T00:02:04,ETH,2475.9806
2024-01-01T00:02:05,ETH,2476.3676
2024-01-01T00:02:06,ETH,2477.529
2024-01-01T00:02:07,ETH,2478.4744
2024-01-01T00:02:08,ETH,2476.9795
2024-01-01T00:02:09,ETH,2476.0205
2024-01-01T00:02:10,ETH,2477.8132
2024-01-01T00:02:11,ETH,2479.735
2024-01-01T00:02:12,ETH,2480.4138
2024-01-01T00:02:13,ETH,2480.0639
2024-01-01T00:02:14,ETH,2481.0747
2024-01-01T00:02:15,ETH,2481.9152
2024-01-01T00:02:16,ETH,2479.9916
2024-01-01T00:02:17,ETH,2480.0735
2024-01-01T00:02:18,ETH,2478.3353
2024-01-01T00:02:19,ETH,2477.7647
2024-01-01T00:02:20,ETH,2477.8038
2024-01-01T00:02:21,ETH,2479.9352
2024-01-01T00:02:22,ETH,2477.3108
2024-01-01T00:02:23,ETH,2476.8693
2024-01-01T00:02:24,ETH,2477.7145
2024-01-01T00:02:25,ETH,2478.5413
2024-01-01T00:02:26,ETH,2479.5959
2024-01-01T00:02:27,ETH,2478.364
2024-01-01T00:02:28,ETH,2478.2039
2024-01-01T00:02:29,ETH,2477.6307
2024-01-01T00:02:30,ETH,2479.2539
2024-01-01T00:02:31,ETH,2479.0831
2024-01-01T00:02:32,ETH,2479.1055
2024-01-01T00:02:33,ETH,2479.3423
2024-01-01T00:02:34,ETH,2477.719
2024-01-01T00:02:35,ETH,2478.3602
2024-01-01T00:02:36,ETH,2476.9904
2024-01-01T00:02:37,ETH,2477.2173
2024-01-01T00:02:38,ETH,2476.3187
2024-01-01T00:02:39,ETH,2477.8024
2024-01-01T00:02:40,ETH,2477.8493
2024-01-01T00:02:41,ETH,2480.2416
2024-01-01T00:02:42,ETH,2477.4712
2024-01-01T00:02:43,ETH,2479.1711
2024-01-01T00:02:44,ETH,2480.2372
2024-01-01T00:02:45,ETH,2480.6
2024-01-01T00:02:46,ETH,2483.3376
2024-01-01T00:02:47,ETH,2481.5644
2024-01-01T00:02:48,ETH,2481.8282
2024-01-01T00:02:49,ETH,2483.3758
2024-01-01T00:02:50,ETH,2484.1298
2024-01-01T00:02:51,ETH,2483.6596
2024-01-01T00:02:52,ETH,2484.4643
2024-01-01T00:02:53,ETH,2483.9485
2024-01-01T00:02:54,ETH,2483.5253
2024-01-01T00:02:55,ETH,2482.7032
2024-01-01T00:02:56,ETH,2484.0119
2024-01-01T00:02:57,ETH,2484.3996
2024-01-01T00:02:58,ETH,2487.5255
2024-01-01T00:02:59,ETH,2488.5789
2024-01-01T00:03:00,ETH,2486.7331
2024-01-01T00:03:01,ETH,2487.731
2024-01-01T00:03:02,ETH,2486.3767
2024-01-01T00:03:03,ETH,2486.0333
2024-01-01T00:03:04,ETH,2486.2088
2024-01-01T00:03:05,ETH,2484.8533
2024-01-01T00:03:06,ETH,2484.2254
2024-01-01T00:03:07,ETH,2483.3884
2024-01-01T00:03:08,ETH,2483.5634
2024-01-01T00:03:09,ETH,2483.4721
2024-01-01T00:03:10,ETH,2483.3427
2024-01-01T00:03:11,ETH,2485.4614
2024-01-01T00:03:12,ETH,2486.1355
2024-01-01T00:03:13,ETH,2486.6738
2024-01-01T00:03:14,ETH,2488.0381
2024-01-01T00:03:15,ETH,2490.3548
2024-01-01T00:03:16,ETH,2492.0958
2024-01-01T00:03:17,ETH,2490.7812
2024-01-01T00:03:18,ETH,2491.4389
2024-01-01T00:03:19,ETH,2492.4029
2024-01-01T00:03:20,ETH,2493.6039
2024-01-01T00:03:21,ETH,2493.4279
2024-01-01T00:03:22,ETH,2493.5177
2024-01-01T00:03:23,ETH,2492.4129
2024-01-01T00:03:24,ETH,2491.9536
2024-01-01T00:03:25,ETH,2490.5003
2024-01-01T00:03:26,ETH,2492.0867
2024-01-01T00:03:27,ETH,2491.4395
2024-01-01T00:03:28,ETH,2490.2776
2024-01-01T00:03:29,ETH,2490.6453
2024-01-01T00:03:30,ETH,2490.7783
2024-01-01T00:03:31,ETH,2489.9236
2024-01-01T00:03:32,ETH,2490.3926
2024-01-01T00:03:33,ETH,2489.6128
2024-01-01T00:03:34,ETH,2490.2476
2024-01-01T00:03:35,ETH,2490.214
2024-01-01T00:03:36,ETH,2490.4847
2024-01-01T00:03:37,ETH,2490.0102
2024-01-01T00:03:38,ETH,2489.1767
2024-01-01T00:03:39,ETH,2489.4942
2024-01-01T00:03:40,ETH,2487.5385
2024-01-01T00:03:41,ETH,2489.2608
2024-01-01T00:03:42,ETH,2488.6936
2024-01-01T00:03:43,ETH,2491.2777
2024-01-01T00:03:44,ETH,2492.1145
2024-01-01T00:03:45,ETH,2491.9987
2024-01-01T00:03:46,ETH,2491.2475
2024-01-01T00:03:47,ETH,2491.8942
2024-01-01T00:03:48,ETH,2492.4708
2024-01-01T00:03:49,ETH,2493.0081
2024-01-01T00:03:50,ETH,2494.0547
2024-01-01T00:03:51,ETH,2494.2053
2024-01-01T00:03:52,ETH,2495.6332
2024-01-01T00:03:53,ETH,2494.676
2024-01-01T00:03:54,ETH,2494.4222
2024-01-01T00:03:55,ETH,2495.1949
2024-01-01T00:03:56,ETH,2494.2217
2024-01-01T00:03:57,ETH,2494.2758
2024-01-01T00:03:58,ETH,2496.1902
2024-01-01T00:03:59,ETH,2496.3221
2024-01-01T00:04:00,ETH,2495.7361
2024-01-01T00:04:01,ETH,2497.1454
2024-01-01T00:04:02,ETH,2495.727
2024-01-01T00:04:03,ETH,2495.3133
2024-01-01T00:04:04,ETH,2496.6431
2024-01-01T00:04:05,ETH,2495.6818
2024-01-01T00:04:06,ETH,2496.0035
2024-01-01T00:04:07,ETH,2495.9163
2024-01-01T00:04:08,ETH,2497.8723
2024-01-01T00:04:09,ETH,2496.0965
2024-01-01T00:04:10,ETH,2495.4207
2024-01-01T00:04:11,ETH,2495.0153
2024-01-01T00:04:12,ETH,2495.4815
2024-01-01T00:04:13,ETH,2496.1702
2024-01-01T00:04:14,ETH,2496.6987
2024-01-01T00:04:15,ETH,2498.4703
2024-01-01T00:04:16,ETH,2499.3097
2024-01-01T00:04:17,ETH,2497.7091
2024-01-01T00:04:18,ETH,2495.9044
2024-01-01T00:04:19,ETH,2495.2336
2024-01-01T00:04:20,ETH,2494.5778
2024-01-01T00:04:21,ETH,2494.0331
2024-01-01T00:04:22,ETH,2495.3408
2024-01-01T00:04:23,ETH,2494.5533
2024-01-01T00:04:24,ETH,2495.9366
2024-01-01T00:04:25,ETH,2497.3702
2024-01-01T00:04:26,ETH,2497.4091
2024-01-01T00:04:27,ETH,2496.7582
2024-01-01T00:04:28,ETH,2498.3662
2024-01-01T00:04:29,ETH,2497.3098
2024-01-01T00:04:30,ETH,2497.9078
2024-01-01T00:04:31,ETH,2498.2482
2024-01-01T00:04:32,ETH,2499.869
2024-01-01T00:04:33,ETH,2500.3175
2024-01-01T00:04:34,ETH,2500.3439
2024-01-01T00:04:35,ETH,2501.6631
2024-01-01T00:04:36,ETH,2501.1877
2024-01-01T00:04:37,ETH,2501.891
2024-01-01T00:04:38,ETH,2502.057
2024-01-01T00:04:39,ETH,2502.1007
2024-01-01T00:04:40,ETH,2500.2461
2024-01-01T00:04:41,ETH,2500.2408
2024-01-01T00:04:42,ETH,2498.9772
2024-01-01T00:04:43,ETH,2499.6394
2024-01-01T00:04:44,ETH,2502.6012
2024-01-01T00:04:45,ETH,2502.3183
2024-01-01T00:04:46,ETH,2503.4649
2024-01-01T00:04:47,ETH,2504.7275
2024-01-01T00:04:48,ETH,2503.2848
2024-01-01T00:04:49,ETH,2504.1711
2024-01-01T00:04:50,ETH,2503.7765
2024-01-01T00:04:51,ETH,2503.2258
2024-01-01T00:04:52,ETH,2504.2527
2024-01-01T00:04:53,ETH,2503.5566
2024-01-01T00:04:54,ETH,2502.92
2024-01-01T00:04:55,ETH,2503.8686
2024-01-01T00:04:56,ETH,2505.4834
2024-01-01T00:04:57,ETH,2505.5668
2024-01-01T00:04:58,ETH,2506.4027
2024-01-01T00:04:59,ETH,2504.6251
2024-01-01T00:05:00,ETH,2504.4979
2024-01-01T01:33:00,ETH,2504.5567
2024-01-01T01:33:01,ETH,2503.0001
2024-01-01T01:33:02,ETH,2503.3061
2024-01-01T01:33:03,ETH,2503.1586
2024-01-01T01:33:04,ETH,2503.0158
2024-01-01T01:33:05,ETH,2503.9982
2024-01-01T01:33:06,ETH,2505.0818
2024-01-01T01:33:07,ETH,2503.0585
2024-01-01T01:33:08,ETH,2501.7379
2024-01-01T01:33:09,ETH,2501.9109
2024-01-01T01:33:10,ETH,2501.0339
2024-01-01T01:33:11,ETH,2503.0224
2024-01-01T01:33:12,ETH,2503.9058
2024-01-01T01:33:13,ETH,2502.3776
2024-01-01T01:33:14,ETH,2500.9312
2024-01-01T01:33:15,ETH,2498.8486
2024-01-01T01:33:16,ETH,2498.8129
2024-01-01T01:33:17,ETH,2497.5569
2024-01-01T01:33:18,ETH,2496.2134
2024-01-01T01:33:19,ETH,2494.1348
2024-01-01T01:33:20,ETH,2494.7455
2024-01-01T01:33:21,ETH,2493.3149
2024-01-01T01:33:22,ETH,2491.6869
2024-01-01T01:33:23,ETH,2488.8384
2024-01-01T01:33:24,ETH,2488.8443
2024-01-01T01:33:25,ETH,2488.6333
2024-01-01T01:33:26,ETH,2489.0454
2024-01-01T01:33:27,ETH,2490.3341
2024-01-01T01:33:28,ETH,2490.094
2024-01-01T01:33:29,ETH,2489.1672
2024-01-01T01:33:30,ETH,2486.6734
2024-01-01T01:33:31,ETH,2486.3099
2024-01-01T01:33:32,ETH,2486.2509
2024-01-01T01:33:33,ETH,2486.0731
2024-01-01T01:33:34,ETH,2483.1553
2024-01-01T01:33:35,ETH,2484.1926
2024-01-01T01:33:36,ETH,2484.4673
2024-01-01T01:33:37,ETH,2483.4861
2024-01-01T01:33:38,ETH,2482.6365
2024-01-01T01:33:39,ETH,2479.7564
2024-01-01T01:33:40,ETH,2479.6611
2024-01-01T01:33:41,ETH,2478.7392
2024-01-01T01:33:42,ETH,2476.8425
2024-01-01T01:33:43,ETH,2478.7921
2024-01-01T01:33:44,ETH,2480.211
2024-01-01T01:33:45,ETH,2480.6127
2024-01-01T01:33:46,ETH,2480.0904
2024-01-01T01:33:47,ETH,2478.0551
2024-01-01T01:33:48,ETH,2477.5357
2024-01-01T01:33:49,ETH,2477.6222
2024-01-01T01:33:50,ETH,2476.9925
2024-01-01T01:33:51,ETH,2476.4535
2024-01-01T01:33:52,ETH,2476.1893
2024-01-01T01:33:53,ETH,2474.2782
2024-01-01T01:33:54,ETH,2474.7986
2024-01-01T01:33:55,ETH,2475.5498
2024-01-01T01:33:56,ETH,2474.5222
2024-01-01T01:33:57,ETH,2473.1682
2024-01-01T01:33:58,ETH,2475.2962
2024-01-01T01:33:59,ETH,2476.2136
2024-01-01T01:34:00,ETH,2472.846
2024-01-01T01:34:01,ETH,2472.2251
2024-01-01T01:34:02,ETH,2470.4699
2024-01-01T01:34:03,ETH,2468.8495
2024-01-01T01:34:04,ETH,2467.5042
2024-01-01T01:34:05,ETH,2467.0636
2024-01-01T01:34:06,ETH,2466.4075
2024-01-01T01:34:07,ETH,2464.3175
2024-01-01T01:34:08,ETH,2462.4862
2024-01-01T01:34:09,ETH,2459.4571
2024-01-01T01:34:10,ETH,2458.8541
2024-01-01T01:34:11,ETH,2458.6923
2024-01-01T01:34:12,ETH,2459.2592
2024-01-01T01:34:13,ETH,2459.9738
2024-01-01T01:34:14,ETH,2459.6029
2024-01-01T01:34:15,ETH,2458.6143
2024-01-01T01:34:16,ETH,2460.7536
2024-01-01T01:34:17,ETH,2459.1214
2024-01-01T01:34:18,ETH,2456.9613
2024-01-01T01:34:19,ETH,2455.9027
2024-01-01T01:34:20,ETH,2455.6505
2024-01-01T01:34:21,ETH,2456.817
2024-01-01T01:34:22,ETH,2455.7446
2024-01-01T01:34:23,ETH,2453.2635
2024-01-01T01:34:24,ETH,2453.6722
2024-01-01T01:34:25,ETH,2452.6273
2024-01-01T01:34:26,ETH,2450.8258
2024-01-01T01:34:27,ETH,2449.2172
2024-01-01T01:34:28,ETH,2448.8877
2024-01-01T01:34:29,ETH,2446.2335
2024-01-01T01:34:30,ETH,2447.5477
2024-01-01T01:34:31,ETH,2446.8507
2024-01-01T01:34:32,ETH,2446.4152
2024-01-01T01:34:33,ETH,2447.2059
2024-01-01T01:34:34,ETH,2445.798
2024-01-01T01:34:35,ETH,2445.3804
2024-01-01T01:34:36,ETH,2444.7829
2024-01-01T01:34:37,ETH,2444.877
2024-01-01T01:34:38,ETH,2447.3736
2024-01-01T01:34:39,ETH,2445.536
2024-01-01T01:34:40,ETH,2444.9584
2024-01-01T01:34:41,ETH,2447.0521
2024-01-01T01:34:42,ETH,2445.4574
2024-01-01T01:34:43,ETH,2446.9392
2024-01-01T01:34:44,ETH,2446.5443
2024-01-01T01:34:45,ETH,2447.3128
2024-01-01T01:34:46,ETH,2447.5082
2024-01-01T01:34:47,ETH,2447.4067
2024-01-01T01:34:48,ETH,2445.8251
2024-01-01T01:34:49,ETH,2445.1535
2024-01-01T01:34:50,ETH,2445.5004
2024-01-01T01:34:51,ETH,2444.5389
2024-01-01T01:34:52,ETH,2442.7218
2024-01-01T01:34:53,ETH,2441.0335
2024-01-01T01:34:54,ETH,2442.2703
2024-01-01T01:34:55,ETH,2443.7303
2024-01-01T01:34:56,ETH,2442.3625
2024-01-01T01:34:57,ETH,2441.8469
2024-01-01T01:34:58,ETH,2442.874
2024-01-01T01:34:59,ETH,2442.7424
2024-01-01T01:35:00,ETH,2442.3345
2024-01-01T01:35:01,ETH,2442.5996
2024-01-01T01:35:02,ETH,2440.7569
2024-01-01T01:35:03,ETH,2439.4329
2024-01-01T01:35:04,ETH,2439.8782
2024-01-01T01:35:05,ETH,2439.6357
2024-01-01T01:35:06,ETH,2439.7117
2024-01-01T01:35:07,ETH,2439.3354
2024-01-01T01:35:08,ETH,2437.2732
2024-01-01T01:35:09,ETH,2437.3022
2024-01-01T01:35:10,ETH,2438.3975
2024-01-01T01:35:11,ETH,2438.5397
2024-01-01T01:35:12,ETH,2438.946
2024-01-01T01:35:13,ETH,2437.3144
2024-01-01T01:35:14,ETH,2436.5231
2024-01-01T01:35:15,ETH,2435.4829
2024-01-01T01:35:16,ETH,2434.3808
2024-01-01T01:35:17,ETH,2433.1406
2024-01-01T01:35:18,ETH,2433.3756
2024-01-01T01:35:19,ETH,2433.5624
2024-01-01T01:35:20,ETH,2434.1052
2024-01-01T01:35:21,ETH,2435.8132
2024-01-01T01:35:22,ETH,2435.5402
2024-01-01T01:35:23,ETH,2435.6245
2024-01-01T01:35:24,ETH,2435.3587
2024-01-01T01:35:25,ETH,2432.9084
2024-01-01T01:35:26,ETH,2431.1348
2024-01-01T01:35:27,ETH,2431.2208
2024-01-01T01:35:28,ETH,2430.2031
2024-01-01T01:35:29,ETH,2429.6574
2024-01-01T01:35:30,ETH,2427.4433
2024-01-01T01:35:31,ETH,2427.3091
2024-01-01T01:35:32,ETH,2426.4658
2024-01-01T01:35:33,ETH,2426.2091
2024-01-01T01:35:34,ETH,2425.959
2024-01-01T01:35:35,ETH,2423.5046
2024-01-01T01:35:36,ETH,2424.3573
2024-01-01T01:35:37,ETH,2422.3396
2024-01-01T01:35:38,ETH,2421.4947
2024-01-01T01:35:39,ETH,2420.4525
2024-01-01T01:35:40,ETH,2421.22
2024-01-01T01:35:41,ETH,2420.8689
2024-01-01T01:35:42,ETH,2421.5518
2024-01-01T01:35:43,ETH,2421.3171
2024-01-01T01:35:44,ETH,2420.8066
2024-01-01T01:35:45,ETH,2419.3494
2024-01-01T01:35:46,ETH,2418.2986
2024-01-01T01:35:47,ETH,2417.8631
2024-01-01T01:35:48,ETH,2417.6937
2024-01-01T01:35:49,ETH,2416.4363
2024-01-01T01:35:50,ETH,2417.6575
2024-01-01T01:35:51,ETH,2417.542
2024-01-01T01:35:52,ETH,2415.7213
2024-01-01T01:35:53,ETH,2417.0381
2024-01-01T01:35:54,ETH,2414.522
2024-01-01T01:35:55,ETH,2414.5194
2024-01-01T01:35:56,ETH,2413.3832
2024-01-01T01:35:57,ETH,2414.8031
2024-01-01T01:35:58,ETH,2415.3325
2024-01-01T01:35:59,ETH,2413.4456
2024-01-01T01:36:00,ETH,2414.1803
2024-01-01T01:36:01,ETH,2411.2654
2024-01-01T01:36:02,ETH,2411.7939
2024-01-01T01:36:03,ETH,2411.2607
2024-01-01T01:36:04,ETH,2409.685
2024-01-01T01:36:05,ETH,2410.3899
2024-01-01T01:36:06,ETH,2410.847
2024-01-01T01:36:07,ETH,2410.6026
2024-01-01T01:36:08,ETH,2410.4704
2024-01-01T01:36:09,ETH,2410.4797
2024-01-01T01:36:10,ETH,2409.5759
2024-01-01T01:36:11,ETH,2409.7743
2024-01-01T01:36:12,ETH,2407.0538
2024-01-01T01:36:13,ETH,2402.5065
2024-01-01T01:36:14,ETH,2402.5878
2024-01-01T01:36:15,ETH,2402.5784
2024-01-01T01:36:16,ETH,2401.2995
2024-01-01T01:36:17,ETH,2399.5259
2024-01-01T01:36:18,ETH,2400.6329
2024-01-01T01:36:19,ETH,2399.5387
2024-01-01T01:36:20,ETH,2398.3359
2024-01-01T01:36:21,ETH,2396.6966
2024-01-01T01:36:22,ETH,2397.1753
2024-01-01T01:36:23,ETH,2394.0466
2024-01-01T01:36:24,ETH,2393.3423
2024-01-01T01:36:25,ETH,2392.0083
2024-01-01T01:36:26,ETH,2391.358
2024-01-01T01:36:27,ETH,2391.6792
2024-01-01T01:36:28,ETH,2390.619
2024-01-01T01:36:29,ETH,2389.811
2024-01-01T01:36:30,ETH,2387.0993
2024-01-01T01:36:31,ETH,2385.9677
2024-01-01T01:36:32,ETH,2384.2303
2024-01-01T01:36:33,ETH,2384.0288
2024-01-01T01:36:34,ETH,2383.2707
2024-01-01T01:36:35,ETH,2382.2685
2024-01-01T01:36:36,ETH,2381.978
2024-01-01T01:36:37,ETH,2380.4293
2024-01-01T01:36:38,ETH,2378.6015
2024-01-01T01:36:39,ETH,2375.0433
2024-01-01T01:36:40,ETH,2374.4769
2024-01-01T01:36:41,ETH,2373.9919
2024-01-01T01:36:42,ETH,2373.4417
2024-01-01T01:36:43,ETH,2372.2663
2024-01-01T01:36:44,ETH,2373.0201
2024-01-01T01:36:45,ETH,2371.6473
2024-01-01T01:36:46,ETH,2373.2775
2024-01-01T01:36:47,ETH,2372.4488
2024-01-01T01:36:48,ETH,2370.9844
2024-01-01T01:36:49,ETH,2370.0266
2024-01-01T01:36:50,ETH,2369.4474
2024-01-01T01:36:51,ETH,2369.405
2024-01-01T01:36:52,ETH,2371.1337
2024-01-01T01:36:53,ETH,2370.8041
2024-01-01T01:36:54,ETH,2371.1547
2024-01-01T01:36:55,ETH,2371.7501
2024-01-01T01:36:56,ETH,2371.7767
2024-01-01T01:36:57,ETH,2373.5587
2024-01-01T01:36:58,ETH,2372.6682
2024-01-01T01:36:59,ETH,2371.4337
2024-01-01T01:37:00,ETH,2369.4964
2024-01-01T01:37:01,ETH,2368.6801
2024-01-01T01:37:02,ETH,2365.6971
2024-01-01T01:37:03,ETH,2365.9398
2024-01-01T01:37:04,ETH,2364.6214
2024-01-01T01:37:05,ETH,2364.8929
2024-01-01T01:37:06,ETH,2364.8226
2024-01-01T01:37:07,ETH,2362.9109
2024-01-01T01:37:08,ETH,2364.8992
2024-01-01T01:37:09,ETH,2363.4983
2024-01-01T01:37:10,ETH,2362.0041
2024-01-01T01:37:11,ETH,2361.026
2024-01-01T01:37:12,ETH,2361.0957
2024-01-01T01:37:13,ETH,2359.3347
2024-01-01T01:37:14,ETH,2359.7933
2024-01-01T01:37:15,ETH,2359.4657
2024-01-01T01:37:16,ETH,2358.7594
2024-01-01T01:37:17,ETH,2357.0346
2024-01-01T01:37:18,ETH,2356.6652
2024-01-01T01:37:19,ETH,2355.8576
2024-01-01T01:37:20,ETH,2352.978
2024-01-01T01:37:21,ETH,2352.8525
2024-01-01T01:37:22,ETH,2351.2584
2024-01-01T01:37:23,ETH,2350.3924
2024-01-01T01:37:24,ETH,2348.8645
2024-01-01T01:37:25,ETH,2347.9558
2024-01-01T01:37:26,ETH,2346.9197
2024-01-01T01:37:27,ETH,2345.9761
2024-01-01T01:37:28,ETH,2344.9444
2024-01-01T01:37:29,ETH,2343.6502
2024-01-01T01:37:30,ETH,2344.3314
2024-01-01T01:37:31,ETH,2344.3494
2024-01-01T01:37:32,ETH,2344.4697
2024-01-01T01:37:33,ETH,2345.5001
2024-01-01T01:37:34,ETH,2344.3578
2024-01-01T01:37:35,ETH,2344.3564
2024-01-01T01:37:36,ETH,2343.2104
2024-01-01T01:37:37,ETH,2341.7034
2024-01-01T01:37:38,ETH,2342.724
2024-01-01T01:37:39,ETH,2341.2035
2024-01-01T01:37:40,ETH,2343.5877
2024-01-01T01:37:41,ETH,2345.8603
2024-01-01T01:37:42,ETH,2342.8118
2024-01-01T01:37:43,ETH,2343.375
2024-01-01T01:37:44,ETH,2341.8758
2024-01-01T01:37:45,ETH,2342.0326
2024-01-01T01:37:46,ETH,2341.7468
2024-01-01T01:37:47,ETH,2338.2678
2024-01-01T01:37:48,ETH,2337.8916
2024-01-01T01:37:49,ETH,2338.9319
2024-01-01T01:37:50,ETH,2338.7236
2024-01-01T01:37:51,ETH,2340.4356
2024-01-01T01:37:52,ETH,2339.0957
2024-01-01T01:37:53,ETH,2340.8294
2024-01-01T01:37:54,ETH,2340.3222
2024-01-01T01:37:55,ETH,2338.2972
2024-01-01T01:37:56,ETH,2338.456
2024-01-01T01:37:57,ETH,2339.9768
2024-01-01T01:37:58,ETH,2339.7164
2024-01-01T01:37:59,ETH,2339.5054
2024-01-01T01:38:00,ETH,2339.1588
2024-01-01T01:38:01,ETH,2336.1293
2024-01-01T01:38:02,ETH,2338.0345
2024-01-01T01:38:03,ETH,2339.792
2024-01-01T01:38:04,ETH,2341.0771
2024-01-01T01:38:05,ETH,2341.1136
2024-01-01T01:38:06,ETH,2340.7647
2024-01-01T01:38:07,ETH,2339.9275
2024-01-01T01:38:08,ETH,2341.3136
2024-01-01T01:38:09,ETH,2341.8132
2024-01-01T01:38:10,ETH,2339.9896
2024-01-01T01:38:11,ETH,2338.9803
2024-01-01T01:38:12,ETH,2338.9286
2024-01-01T01:38:13,ETH,2337.8197
2024-01-01T01:38:14,ETH,2338.1768
2024-01-01T01:38:15,ETH,2340.0715
2024-01-01T01:38:16,ETH,2341.9518
2024-01-01T01:38:17,ETH,2342.3074
2024-01-01T01:38:18,ETH,2340.8005
2024-01-01T01:38:19,ETH,2341.4883
2024-01-01T01:38:20,ETH,2339.5943
2024-01-01T01:38:21,ETH,2338.5619
2024-01-01T01:38:22,ETH,2337.3017
2024-01-01T01:38:23,ETH,2336.5754
2024-01-01T01:38:24,ETH,2336.498
2024-01-01T01:38:25,ETH,2337.3037
2024-01-01T01:38:26,ETH,2337.2149
2024-01-01T01:38:27,ETH,2334.8366
2024-01-01T01:38:28,ETH,2335.1112
2024-01-01T01:38:29,ETH,2335.597
2024-01-01T01:38:30,ETH,2336.1255
2024-01-01T01:38:31,ETH,2334.8835
2024-01-01T01:38:32,ETH,2334.2311
2024-01-01T01:38:33,ETH,2333.2591
2024-01-01T01:38:34,ETH,2333.8243
2024-01-01T01:38:35,ETH,2331.1862
2024-01-01T01:38:36,ETH,2330.1786
2024-01-01T01:38:37,ETH,2331.2981
2024-01-01T01:38:38,ETH,2330.2866
2024-01-01T01:38:39,ETH,2331.414
2024-01-01T01:38:40,ETH,2331.9106
2024-01-01T01:38:41,ETH,2329.2374
2024-01-01T01:38:42,ETH,2327.7595
2024-01-01T01:38:43,ETH,2329.5483
2024-01-01T01:38:44,ETH,2327.0826
2024-01-01T01:38:45,ETH,2325.9078
2024-01-01T01:38:46,ETH,2325.5647
2024-01-01T01:38:47,ETH,2325.4051
2024-01-01T01:38:48,ETH,2326.8568
2024-01-01T01:38:49,ETH,2325.2455
2024-01-01T01:38:50,ETH,2324.9283
2024-01-01T01:38:51,ETH,2325.352
2024-01-01T01:38:52,ETH,2324.519
2024-01-01T01:38:53,ETH,2322.997
2024-01-01T01:38:54,ETH,2321.9889
2024-01-01T01:38:55,ETH,2320.1047
2024-01-01T01:38:56,ETH,2319.6186
2024-01-01T01:38:57,ETH,2320.4114
2024-01-01T01:38:58,ETH,2319.339
2024-01-01T01:38:59,ETH,2319.6474
2024-01-01T01:39:00,ETH,2316.8249
2024-01-01T06:25:00,ETH,2316.6177
2024-01-01T06:25:01,ETH,2314.2745
2024-01-01T06:25:02,ETH,2313.4171
2024-01-01T06:25:03,ETH,2314.1269
2024-01-01T06:25:04,ETH,2312.5834
2024-01-01T06:25:05,ETH,2311.9234
2024-01-01T06:25:06,ETH,2310.1404
2024-01-01T06:25:07,ETH,2309.9672
2024-01-01T06:25:08,ETH,2311.8835
2024-01-01T06:25:09,ETH,2309.9432
2024-01-01T06:25:10,ETH,2309.0503
2024-01-01T06:25:11,ETH,2309.3307
2024-01-01T06:25:12,ETH,2310.1355
2024-01-01T06:25:13,ETH,2310.174
2024-01-01T06:25:14,ETH,2310.7065
2024-01-01T06:25:15,ETH,2309.2697
2024-01-01T06:25:16,ETH,2309.026
2024-01-01T06:25:17,ETH,2308.2788
2024-01-01T06:25:18,ETH,2306.7427
2024-01-01T06:25:19,ETH,2306.1409
2024-01-01T06:25:20,ETH,2304.7852
2024-01-01T06:25:21,ETH,2303.124
2024-01-01T06:25:22,ETH,2302.8702
2024-01-01T06:25:23,ETH,2304.6087
2024-01-01T06:25:24,ETH,2302.6533
2024-01-01T06:25:25,ETH,2300.8249
2024-01-01T06:25:26,ETH,2300.6593
2024-01-01T06:25:27,ETH,2298.3884
2024-01-01T06:25:28,ETH,2297.0359
2024-01-01T06:25:29,ETH,2297.1577
2024-01-01T06:25:30,ETH,2295.9715
2024-01-01T06:25:31,ETH,2295.4758
2024-01-01T06:25:32,ETH,2296.8853
2024-01-01T06:25:33,ETH,2297.1146
2024-01-01T06:25:34,ETH,2295.0393
2024-01-01T06:25:35,ETH,2293.8866
2024-01-01T06:25:36,ETH,2295.4194
2024-01-01T06:25:37,ETH,2294.8469
2024-01-01T06:25:38,ETH,2292.8568
2024-01-01T06:25:39,ETH,2292.97
2024-01-01T06:25:40,ETH,2293.1075
2024-01-01T06:25:41,ETH,2294.7611
2024-01-01T06:25:42,ETH,2294.813
2024-01-01T06:25:43,ETH,2295.3135
2024-01-01T06:25:44,ETH,2296.3645
2024-01-01T06:25:45,ETH,2294.0869
2024-01-01T06:25:46,ETH,2293.4895
2024-01-01T06:25:47,ETH,2292.7545
2024-01-01T06:25:48,ETH,2292.1838
2024-01-01T06:25:49,ETH,2291.5127
2024-01-01T06:25:50,ETH,2290.5453
2024-01-01T06:25:51,ETH,2291.1347
2024-01-01T06:25:52,ETH,2290.1192
2024-01-01T06:25:53,ETH,2291.188
2024-01-01T06:25:54,ETH,2289.6121
2024-01-01T06:25:55,ETH,2288.4436
2024-01-01T06:25:56,ETH,2285.4364
2024-01-01T06:25:57,ETH,2283.2438
2024-01-01T06:25:58,ETH,2284.972
2024-01-01T06:25:59,ETH,2283.1173
2024-01-01T06:26:00,ETH,2282.7683
2024-01-01T06:26:01,ETH,2283.0864
2024-01-01T06:26:02,ETH,2283.1046
2024-01-01T06:26:03,ETH,2284.251
2024-01-01T06:26:04,ETH,2286.5066
2024-01-01T06:26:05,ETH,2285.7913
2024-01-01T06:26:06,ETH,2284.9807
2024-01-01T06:26:07,ETH,2285.7247
2024-01-01T06:26:08,ETH,2284.5021
2024-01-01T06:26:09,ETH,2282.1348
2024-01-01T06:26:10,ETH,2282.0344
2024-01-01T06:26:11,ETH,2280.8017
2024-01-01T06:26:12,ETH,2279.7973
2024-01-01T06:26:13,ETH,2278.5969
2024-01-01T06:26:14,ETH,2277.8419
2024-01-01T06:26:15,ETH,2277.6857
2024-01-01T06:26:16,ETH,2276.1511
2024-01-01T06:26:17,ETH,2279.1248
2024-01-01T06:26:18,ETH,2276.041
2024-01-01T06:26:19,ETH,2277.0953
2024-01-01T06:26:20,ETH,2276.2834
2024-01-01T06:26:21,ETH,2274.9951
2024-01-01T06:26:22,ETH,2274.2669
2024-01-01T06:26:23,ETH,2274.9304
2024-01-01T06:26:24,ETH,2274.0252
2024-01-01T06:26:25,ETH,2273.4168
2024-01-01T06:26:26,ETH,2272.676
2024-01-01T06:26:27,ETH,2271.2221
2024-01-01T06:26:28,ETH,2272.0168
2024-01-01T06:26:29,ETH,2272.3024
2024-01-01T06:26:30,ETH,2272.072
2024-01-01T06:26:31,ETH,2272.7708
2024-01-01T06:26:32,ETH,2273.3742
2024-01-01T06:26:33,ETH,2273.261
2024-01-01T06:26:34,ETH,2272.5377
2024-01-01T06:26:35,ETH,2272.0668
2024-01-01T06:26:36,ETH,2272.233
2024-01-01T06:26:37,ETH,2273.1405
2024-01-01T06:26:38,ETH,2272.7019
2024-01-01T06:26:39,ETH,2273.0665
2024-01-01T06:26:40,ETH,2273.3156
2024-01-01T06:26:41,ETH,2271.1611
2024-01-01T06:26:42,ETH,2269.2158
2024-01-01T06:26:43,ETH,2270.3242
2024-01-01T06:26:44,ETH,2269.4688
2024-01-01T06:26:45,ETH,2267.9906
2024-01-01T06:26:46,ETH,2269.2082
2024-01-01T06:26:47,ETH,2267.1946
2024-01-01T06:26:48,ETH,2268.1445
2024-01-01T06:26:49,ETH,2268.4641
2024-01-01T06:26:50,ETH,2268.3239
2024-01-01T06:26:51,ETH,2266.8223
2024-01-01T06:26:52,ETH,2267.2308
2024-01-01T06:26:53,ETH,2265.9115
2024-01-01T06:26:54,ETH,2266.0717
2024-01-01T06:26:55,ETH,2265.8379
2024-01-01T06:26:56,ETH,2265.6291
2024-01-01T06:26:57,ETH,2264.1035
2024-01-01T06:26:58,ETH,2262.1566
2024-01-01T06:26:59,ETH,2261.423
2024-01-01T06:27:00,ETH,2261.6333
2024-01-01T06:27:01,ETH,2260.7486
2024-01-01T06:27:02,ETH,2258.6227
2024-01-01T06:27:03,ETH,2258.6277
2024-01-01T06:27:04,ETH,2258.2947
2024-01-01T06:27:05,ETH,2257.9145
2024-01-01T06:27:06,ETH,2257.3602
2024-01-01T06:27:07,ETH,2255.4476
2024-01-01T06:27:08,ETH,2254.1898
2024-01-01T06:27:09,ETH,2253.5779
2024-01-01T06:27:10,ETH,2253.9918
2024-01-01T06:27:11,ETH,2253.8085
2024-01-01T06:27:12,ETH,2253.554
2024-01-01T06:27:13,ETH,2255.4791
2024-01-01T06:27:14,ETH,2255.3602
2024-01-01T06:27:15,ETH,2254.028
2024-01-01T06:27:16,ETH,2253.8068
2024-01-01T06:27:17,ETH,2250.393
2024-01-01T06:27:18,ETH,2249.8684
2024-01-01T06:27:19,ETH,2249.1881
2024-01-01T06:27:20,ETH,2246.971
2024-01-01T06:27:21,ETH,2244.7814
2024-01-01T06:27:22,ETH,2245.1524
2024-01-01T06:27:23,ETH,2244.3741
2024-01-01T06:27:24,ETH,2243.3029
2024-01-01T06:27:25,ETH,2243.4959
2024-01-01T06:27:26,ETH,2243.3548
2024-01-01T06:27:27,ETH,2243.751
2024-01-01T06:27:28,ETH,2242.6428
2024-01-01T06:27:29,ETH,2242.3308
2024-01-01T06:27:30,ETH,2244.1961
2024-01-01T06:27:31,ETH,2244.208
2024-01-01T06:27:32,ETH,2243.3999
2024-01-01T06:27:33,ETH,2243.8396
2024-01-01T06:27:34,ETH,2244.1286
2024-01-01T06:27:35,ETH,2245.8483
2024-01-01T06:27:36,ETH,2245.1878
2024-01-01T06:27:37,ETH,2245.0435
2024-01-01T06:27:38,ETH,2245.6115
2024-01-01T06:27:39,ETH,2245.6649
2024-01-01T06:27:40,ETH,2244.8553
2024-01-01T06:27:41,ETH,2245.8525
2024-01-01T06:27:42,ETH,2243.0882
2024-01-01T06:27:43,ETH,2242.7506
2024-01-01T06:27:44,ETH,2242.6605
2024-01-01T06:27:45,ETH,2240.809
2024-01-01T06:27:46,ETH,2240.8424
2024-01-01T06:27:47,ETH,2240.0369
2024-01-01T06:27:48,ETH,2238.7584
2024-01-01T06:27:49,ETH,2237.8575
2024-01-01T06:27:50,ETH,2239.3846
2024-01-01T06:27:51,ETH,2239.5358
2024-01-01T06:27:52,ETH,2236.7211
2024-01-01T06:27:53,ETH,2236.7476
2024-01-01T06:27:54,ETH,2236.3953
2024-01-01T06:27:55,ETH,2235.3587
2024-01-01T06:27:56,ETH,2234.7299
2024-01-01T06:27:57,ETH,2233.2311
2024-01-01T06:27:58,ETH,2233.2251
2024-01-01T06:27:59,ETH,2232.1438
2024-01-01T06:28:00,ETH,2231.3722
2024-01-01T06:28:01,ETH,2229.772
2024-01-01T06:28:02,ETH,2230.9766
2024-01-01T06:28:03,ETH,2227.8259
2024-01-01T06:28:04,ETH,2227.0128
2024-01-01T06:28:05,ETH,2223.1481
2024-01-01T06:28:06,ETH,2222.9567
2024-01-01T06:28:07,ETH,2221.2826
2024-01-01T06:28:08,ETH,2221.2639
2024-01-01T06:28:09,ETH,2219.9839
2024-01-01T06:28:10,ETH,2221.6322
2024-01-01T06:28:11,ETH,2222.9397
2024-01-01T06:28:12,ETH,2221.6259
2024-01-01T06:28:13,ETH,2222.5707
2024-01-01T06:28:14,ETH,2222.7879
2024-01-01T06:28:15,ETH,2222.632
2024-01-01T06:28:16,ETH,2221.1761
2024-01-01T06:28:17,ETH,2220.4203
2024-01-01T06:28:18,ETH,2220.3758
2024-01-01T06:28:19,ETH,2221.2791
2024-01-01T06:28:20,ETH,2219.8307
2024-01-01T06:28:21,ETH,2219.622
2024-01-01T06:28:22,ETH,2217.6139
2024-01-01T06:28:23,ETH,2218.0759
2024-01-01T06:28:24,ETH,2218.1815
2024-01-01T06:28:25,ETH,2218.1193
2024-01-01T06:28:26,ETH,2218.0561
2024-01-01T06:28:27,ETH,2217.003
2024-01-01T06:28:28,ETH,2217.1532
2024-01-01T06:28:29,ETH,2217.081
2024-01-01T06:28:30,ETH,2216.1243
2024-01-01T06:28:31,ETH,2215.0
2024-01-01T06:28:32,ETH,2215.7389
2024-01-01T06:28:33,ETH,2214.7068
2024-01-01T06:28:34,ETH,2214.9324
2024-01-01T06:28:35,ETH,2213.7398
2024-01-01T06:28:36,ETH,2212.6082
2024-01-01T06:28:37,ETH,2212.9024
2024-01-01T06:28:38,ETH,2214.5997
2024-01-01T06:28:39,ETH,2214.4065
2024-01-01T06:28:40,ETH,2213.9632
2024-01-01T06:28:41,ETH,2214.2922
2024-01-01T06:28:42,ETH,2212.9367
2024-01-01T06:28:43,ETH,2212.7069
2024-01-01T06:28:44,ETH,2211.7259
2024-01-01T06:28:45,ETH,2209.6709
2024-01-01T06:28:46,ETH,2211.0961
2024-01-01T06:28:47,ETH,2210.2871
2024-01-01T06:28:48,ETH,2209.0961
2024-01-01T06:28:49,ETH,2208.2299
2024-01-01T06:28:50,ETH,2206.7142
2024-01-01T06:28:51,ETH,2205.9367
2024-01-01T06:28:52,ETH,2202.4571
2024-01-01T06:28:53,ETH,2202.3224
2024-01-01T06:28:54,ETH,2200.0439
2024-01-01T06:28:55,ETH,2197.4508
2024-01-01T06:28:56,ETH,2198.3991
2024-01-01T06:28:57,ETH,2198.6629
2024-01-01T06:28:58,ETH,2196.7767
2024-01-01T06:28:59,ETH,2197.588
2024-01-01T06:29:00,ETH,2197.6467
2024-01-01T06:29:01,ETH,2197.0774
2024-01-01T06:29:02,ETH,2196.4863
2024-01-01T06:29:03,ETH,2194.9656
2024-01-01T06:29:04,ETH,2194.0413
2024-01-01T06:29:05,ETH,2196.0617
2024-01-01T06:29:06,ETH,2195.4936
2024-01-01T06:29:07,ETH,2194.2575
2024-01-01T06:29:08,ETH,2194.3809
2024-01-01T06:29:09,ETH,2194.2082
2024-01-01T06:29:10,ETH,2192.6405
2024-01-01T06:29:11,ETH,2191.7814
2024-01-01T06:29:12,ETH,2190.0743
2024-01-01T06:29:13,ETH,2191.6201
2024-01-01T06:29:14,ETH,2191.7589
2024-01-01T06:29:15,ETH,2190.2136
2024-01-01T06:29:16,ETH,2189.7746
2024-01-01T06:29:17,ETH,2190.9732
2024-01-01T06:29:18,ETH,2190.8563
2024-01-01T06:29:19,ETH,2190.4391
2024-01-01T06:29:20,ETH,2190.3425
2024-01-01T06:29:21,ETH,2188.7624
2024-01-01T06:29:22,ETH,2188.8913
2024-01-01T06:29:23,ETH,2187.0893
2024-01-01T06:29:24,ETH,2187.063
2024-01-01T06:29:25,ETH,2188.1891
2024-01-01T06:29:26,ETH,2187.5968
2024-01-01T06:29:27,ETH,2187.8061
2024-01-01T06:29:28,ETH,2186.6592
2024-01-01T06:29:29,ETH,2186.6465
2024-01-01T06:29:30,ETH,2185.1155
2024-01-01T06:29:31,ETH,2181.9278
2024-01-01T06:29:32,ETH,2181.6477
2024-01-01T06:29:33,ETH,2181.8954
2024-01-01T06:29:34,ETH,2181.0862
2024-01-01T06:29:35,ETH,2179.8767
2024-01-01T06:29:36,ETH,2179.3102
2024-01-01T06:29:37,ETH,2179.3788
2024-01-01T06:29:38,ETH,2180.5693
2024-01-01T06:29:39,ETH,2181.1298
2024-01-01T06:29:40,ETH,2181.3865
2024-01-01T06:29:41,ETH,2180.0605
2024-01-01T06:29:42,ETH,2178.9491
2024-01-01T06:29:43,ETH,2175.778
2024-01-01T06:29:44,ETH,2175.1588
2024-01-01T06:29:45,ETH,2174.9458
2024-01-01T06:29:46,ETH,2176.3982
2024-01-01T06:29:47,ETH,2172.7461
2024-01-01T06:29:48,ETH,2171.9246
2024-01-01T06:29:49,ETH,2169.9363
2024-01-01T06:29:50,ETH,2169.3488
2024-01-01T06:29:51,ETH,2168.1057
2024-01-01T06:29:52,ETH,2170.1358
2024-01-01T06:29:53,ETH,2171.1595
2024-01-01T06:29:54,ETH,2170.9322
2024-01-01T06:29:55,ETH,2170.6158
2024-01-01T06:29:56,ETH,2167.6472
2024-01-01T06:29:57,ETH,2167.229
2024-01-01T06:29:58,ETH,2166.3305
2024-01-01T06:29:59,ETH,2166.6541
2024-01-01T06:30:00,ETH,2165.4192
2024-01-01T06:30:01,ETH,2163.7836
2024-01-01T06:30:02,ETH,2164.5686
2024-01-01T06:30:03,ETH,2163.3946
2024-01-01T06:30:04,ETH,2163.1941
2024-01-01T06:30:05,ETH,2163.4005
2024-01-01T06:30:06,ETH,2165.0742
2024-01-01T06:30:07,ETH,2164.6848
2024-01-01T06:30:08,ETH,2164.5541
2024-01-01T06:30:09,ETH,2165.131
2024-01-01T06:30:10,ETH,2166.0112
2024-01-01T06:30:11,ETH,2164.5847
2024-01-01T06:30:12,ETH,2164.3179
2024-01-01T06:30:13,ETH,2165.4206
2024-01-01T06:30:14,ETH,2163.3858
2024-01-01T06:30:15,ETH,2163.6077
2024-01-01T06:30:16,ETH,2159.5269
2024-01-01T06:30:17,ETH,2159.0296
2024-01-01T06:30:18,ETH,2158.0237
2024-01-01T06:30:19,ETH,2158.158
2024-01-01T06:30:20,ETH,2158.0025
2024-01-01T06:30:21,ETH,2157.4824
2024-01-01T06:30:22,ETH,2158.0554
2024-01-01T06:30:23,ETH,2156.9754
2024-01-01T06:30:24,ETH,2155.3953
2024-01-01T06:30:25,ETH,2153.1546
2024-01-01T06:30:26,ETH,2152.8326
2024-01-01T06:30:27,ETH,2154.7429
2024-01-01T06:30:28,ETH,2155.0289
2024-01-01T06:30:29,ETH,2154.7747
2024-01-01T06:30:30,ETH,2152.1324
2024-01-01T06:30:31,ETH,2152.849
2024-01-01T06:30:32,ETH,2153.9681
2024-01-01T06:30:33,ETH,2152.924
2024-01-01T06:30:34,ETH,2151.2668
2024-01-01T06:30:35,ETH,2149.178
2024-01-01T06:30:36,ETH,2147.0391
2024-01-01T06:30:37,ETH,2146.9082
2024-01-01T06:30:38,ETH,2147.4813
2024-01-01T06:30:39,ETH,2147.4138
2024-01-01T06:30:40,ETH,2148.6712
2024-01-01T06:30:41,ETH,2148.2064
2024-01-01T06:30:42,ETH,2147.4062
2024-01-01T06:30:43,ETH,2146.6017
2024-01-01T06:30:44,ETH,2146.0607
2024-01-01T06:30:45,ETH,2147.9954
2024-01-01T06:30:46,ETH,2148.2103
2024-01-01T06:30:47,ETH,2148.6329
2024-01-01T06:30:48,ETH,2149.879
2024-01-01T06:30:49,ETH,2148.6142
2024-01-01T06:30:50,ETH,2150.6725
2024-01-01T06:30:51,ETH,2149.2138
2024-01-01T06:30:52,ETH,2149.6203
2024-01-01T06:30:53,ETH,2150.7905
2024-01-01T06:30:54,ETH,2150.5854
2024-01-01T06:30:55,ETH,2150.7759
2024-01-01T06:30:56,ETH,2149.9268
2024-01-01T06:30:57,ETH,2148.9935
2024-01-01T06:30:58,ETH,2148.8039
2024-01-01T06:30:59,ETH,2148.0556
2024-01-01T06:31:00,ETH,2147.5283
2024-01-01T13:18:00,ETH,2146.9612
2024-01-01T13:18:01,ETH,2146.0162
2024-01-01T13:18:02,ETH,2146.5415
2024-01-01T13:18:03,ETH,2147.4053
2024-01-01T13:18:04,ETH,2147.1325
2024-01-01T13:18:05,ETH,2149.9978
2024-01-01T13:18:06,ETH,2149.0683
2024-01-01T13:18:07,ETH,2147.127
2024-01-01T13:18:08,ETH,2146.7526
2024-01-01T13:18:09,ETH,2146.4231
2024-01-01T13:18:10,ETH,2145.1696
2024-01-01T13:18:11,ETH,2147.067
2024-01-01T13:18:12,ETH,2147.4978
2024-01-01T13:18:13,ETH,2148.4768
2024-01-01T13:18:14,ETH,2146.6631
2024-01-01T13:18:15,ETH,2148.4689
2024-01-01T13:18:16,ETH,2146.7926
2024-01-01T13:18:17,ETH,2147.3804
2024-01-01T13:18:18,ETH,2146.3779
2024-01-01T13:18:19,ETH,2146.8858
2024-01-01T13:18:20,ETH,2147.0447
2024-01-01T13:18:21,ETH,2148.442
2024-01-01T13:18:22,ETH,2148.2321
2024-01-01T13:18:23,ETH,2147.4781
2024-01-01T13:18:24,ETH,2147.226
2024-01-01T13:18:25,ETH,2146.0726
2024-01-01T13:18:26,ETH,2147.1233
2024-01-01T13:18:27,ETH,2147.066
2024-01-01T13:18:28,ETH,2147.7758
2024-01-01T13:18:29,ETH,2149.1051
2024-01-01T13:18:30,ETH,2147.7203
2024-01-01T13:18:31,ETH,2148.4889
2024-01-01T13:18:32,ETH,2147.7676
2024-01-01T13:18:33,ETH,2147.3596
2024-01-01T13:18:34,ETH,2147.4182
2024-01-01T13:18:35,ETH,2146.2714
2024-01-01T13:18:36,ETH,2144.6175
2024-01-01T13:18:37,ETH,2144.4491
2024-01-01T13:18:38,ETH,2144.3746
2024-01-01T13:18:39,ETH,2145.4464
2024-01-01T13:18:40,ETH,2144.9667
2024-01-01T13:18:41,ETH,2143.8645
2024-01-01T13:18:42,ETH,2143.8391
2024-01-01T13:18:43,ETH,2142.7687
2024-01-01T13:18:44,ETH,2144.1139
2024-01-01T13:18:45,ETH,2143.9542
2024-01-01T13:18:46,ETH,2144.5173
2024-01-01T13:18:47,ETH,2143.9202
2024-01-01T13:18:48,ETH,2144.1636
2024-01-01T13:18:49,ETH,2144.4925
2024-01-01T13:18:50,ETH,2144.4899
2024-01-01T13:18:51,ETH,2145.2513
2024-01-01T13:18:52,ETH,2145.377
2024-01-01T13:18:53,ETH,2145.4256
2024-01-01T13:18:54,ETH,2145.8398
2024-01-01T13:18:55,ETH,2144.577
2024-01-01T13:18:56,ETH,2145.6443
2024-01-01T13:18:57,ETH,2145.0512
2024-01-01T13:18:58,ETH,2145.41
2024-01-01T13:18:59,ETH,2146.2383
2024-01-01T13:19:00,ETH,2147.7199
2024-01-01T13:19:01,ETH,2148.0332
2024-01-01T13:19:02,ETH,2149.049
2024-01-01T13:19:03,ETH,2148.7204
2024-01-01T13:19:04,ETH,2148.9784
2024-01-01T13:19:05,ETH,2149.2987
2024-01-01T13:19:06,ETH,2150.7103
2024-01-01T13:19:07,ETH,2151.8056
2024-01-01T13:19:08,ETH,2153.3327
2024-01-01T13:19:09,ETH,2153.5594
2024-01-01T13:19:10,ETH,2150.8855
2024-01-01T13:19:11,ETH,2148.6111
2024-01-01T13:19:12,ETH,2147.4885
2024-01-01T13:19:13,ETH,2147.6389
2024-01-01T13:19:14,ETH,2145.6857
2024-01-01T13:19:15,ETH,2146.0809
2024-01-01T13:19:16,ETH,2147.6907
2024-01-01T13:19:17,ETH,2146.7253
2024-01-01T13:19:18,ETH,2145.916
2024-01-01T13:19:19,ETH,2145.9246
2024-01-01T13:19:20,ETH,2145.545
2024-01-01T13:19:21,ETH,2145.8427
2024-01-01T13:19:22,ETH,2147.1942
2024-01-01T13:19:23,ETH,2146.1343
2024-01-01T13:19:24,ETH,2147.4534
2024-01-01T13:19:25,ETH,2148.8801
2024-01-01T13:19:26,ETH,2148.8482
2024-01-01T13:19:27,ETH,2150.358
2024-01-01T13:19:28,ETH,2148.7621
2024-01-01T13:19:29,ETH,2149.159
2024-01-01T13:19:30,ETH,2147.6946
2024-01-01T13:19:31,ETH,2147.4638
2024-01-01T13:19:32,ETH,2147.2286
2024-01-01T13:19:33,ETH,2147.7258
2024-01-01T13:19:34,ETH,2148.6952
2024-01-01T13:19:35,ETH,2148.3474
2024-01-01T13:19:36,ETH,2148.8084
2024-01-01T13:19:37,ETH,2148.7801
2024-01-01T13:19:38,ETH,2149.3896
2024-01-01T13:19:39,ETH,2149.5001
2024-01-01T13:19:40,ETH,2149.5178
2024-01-01T13:19:41,ETH,2152.0853
2024-01-01T13:19:42,ETH,2151.5336
2024-01-01T13:19:43,ETH,2151.686
2024-01-01T13:19:44,ETH,2150.1821
2024-01-01T13:19:45,ETH,2150.013
2024-01-01T13:19:46,ETH,2148.0525
2024-01-01T13:19:47,ETH,2150.5726
2024-01-01T13:19:48,ETH,2151.8822
2024-01-01T13:19:49,ETH,2150.0211
2024-01-01T13:19:50,ETH,2150.8626
2024-01-01T13:19:51,ETH,2151.8255
2024-01-01T13:19:52,ETH,2150.8773
2024-01-01T13:19:53,ETH,2151.7695
2024-01-01T13:19:54,ETH,2151.1989
2024-01-01T13:19:55,ETH,2150.2782
2024-01-01T13:19:56,ETH,2149.6012
2024-01-01T13:19:57,ETH,2151.5256
2024-01-01T13:19:58,ETH,2151.94
2024-01-01T13:19:59,ETH,2153.3443
2024-01-01T13:20:00,ETH,2154.2029
2024-01-01T13:20:01,ETH,2153.7725
2024-01-01T13:20:02,ETH,2152.2411
2024-01-01T13:20:03,ETH,2151.5662
2024-01-01T13:20:04,ETH,2151.381
2024-01-01T13:20:05,ETH,2150.9087
2024-01-01T13:20:06,ETH,2149.9782
2024-01-01T13:20:07,ETH,2149.1669
2024-01-01T13:20:08,ETH,2148.2774
2024-01-01T13:20:09,ETH,2148.1979
2024-01-01T13:20:10,ETH,2149.5807
2024-01-01T13:20:11,ETH,2149.7298
2024-01-01T13:20:12,ETH,2149.8324
2024-01-01T13:20:13,ETH,2149.4405
2024-01-01T13:20:14,ETH,2149.9412
2024-01-01T13:20:15,ETH,2150.6235
2024-01-01T13:20:16,ETH,2150.3711
2024-01-01T13:20:17,ETH,2150.4447
2024-01-01T13:20:18,ETH,2151.6732
2024-01-01T13:20:19,ETH,2151.9679
2024-01-01T13:20:20,ETH,2152.0164
2024-01-01T13:20:21,ETH,2152.4533
2024-01-01T13:20:22,ETH,2153.1679
2024-01-01T13:20:23,ETH,2153.1902
2024-01-01T13:20:24,ETH,2152.6031
2024-01-01T13:20:25,ETH,2152.4766
2024-01-01T13:20:26,ETH,2153.6218
2024-01-01T13:20:27,ETH,2153.9135
2024-01-01T13:20:28,ETH,2151.9781
2024-01-01T13:20:29,ETH,2152.8807
2024-01-01T13:20:30,ETH,2152.5722
2024-01-01T13:20:31,ETH,2151.9525
2024-01-01T13:20:32,ETH,2153.0487
2024-01-01T13:20:33,ETH,2154.0206
2024-01-01T13:20:34,ETH,2153.6707
2024-01-01T13:20:35,ETH,2152.1259
2024-01-01T13:20:36,ETH,2150.1438
2024-01-01T13:20:37,ETH,2149.5618
2024-01-01T13:20:38,ETH,2148.9235
2024-01-01T13:20:39,ETH,2147.2832
2024-01-01T13:20:40,ETH,2148.7482
2024-01-01T13:20:41,ETH,2148.1137
2024-01-01T13:20:42,ETH,2149.1148
2024-01-01T13:20:43,ETH,2147.2642
2024-01-01T13:20:44,ETH,2146.9042
2024-01-01T13:20:45,ETH,2147.1656
2024-01-01T13:20:46,ETH,2146.867
2024-01-01T13:20:47,ETH,2146.4485
2024-01-01T13:20:48,ETH,2149.6999
2024-01-01T13:20:49,ETH,2151.2584
2024-01-01T13:20:50,ETH,2153.3545
2024-01-01T13:20:51,ETH,2152.6427
2024-01-01T13:20:52,ETH,2153.5733
2024-01-01T13:20:53,ETH,2152.9764
2024-01-01T13:20:54,ETH,2153.984
2024-01-01T13:20:55,ETH,2151.5915
2024-01-01T13:20:56,ETH,2151.1072
2024-01-01T13:20:57,ETH,2150.37
2024-01-01T13:20:58,ETH,2148.4917
2024-01-01T13:20:59,ETH,2147.5446
2024-01-01T13:21:00,ETH,2148.2747
2024-01-01T13:21:01,ETH,2149.0598
2024-01-01T13:21:02,ETH,2150.1737
2024-01-01T13:21:03,ETH,2149.6612
2024-01-01T13:21:04,ETH,2149.4721
2024-01-01T13:21:05,ETH,2151.0321
2024-01-01T13:21:06,ETH,2149.3006
2024-01-01T13:21:07,ETH,2149.788
2024-01-01T13:21:08,ETH,2149.8833
2024-01-01T13:21:09,ETH,2151.9779
2024-01-01T13:21:10,ETH,2151.919
2024-01-01T13:21:11,ETH,2151.0729
2024-01-01T13:21:12,ETH,2151.2546
2024-01-01T13:21:13,ETH,2150.3389
2024-01-01T13:21:14,ETH,2151.0776
2024-01-01T13:21:15,ETH,2151.8132
2024-01-01T13:21:16,ETH,2150.7952
2024-01-01T13:21:17,ETH,2149.6593
2024-01-01T13:21:18,ETH,2150.0856
2024-01-01T13:21:19,ETH,2149.9181
2024-01-01T13:21:20,ETH,2150.8502
2024-01-01T13:21:21,ETH,2151.5788
2024-01-01T13:21:22,ETH,2152.756
2024-01-01T13:21:23,ETH,2153.2927
2024-01-01T13:21:24,ETH,2153.5605
2024-01-01T13:21:25,ETH,2153.0666
2024-01-01T13:21:26,ETH,2153.516
2024-01-01T13:21:27,ETH,2154.0879
2024-01-01T13:21:28,ETH,2151.9267
2024-01-01T13:21:29,ETH,2151.5461
2024-01-01T13:21:30,ETH,2152.6846
2024-01-01T13:21:31,ETH,2153.7477
2024-01-01T13:21:32,ETH,2155.7806
2024-01-01T13:21:33,ETH,2153.9492
2024-01-01T13:21:34,ETH,2154.3902
2024-01-01T13:21:35,ETH,2154.4086
2024-01-01T13:21:36,ETH,2155.1824
2024-01-01T13:21:37,ETH,2155.2149
2024-01-01T13:21:38,ETH,2155.7162
2024-01-01T13:21:39,ETH,2155.2865
2024-01-01T13:21:40,ETH,2155.4284
2024-01-01T13:21:41,ETH,2156.7329
2024-01-01T13:21:42,ETH,2154.5928
2024-01-01T13:21:43,ETH,2154.5257
2024-01-01T13:21:44,ETH,2152.6235
2024-01-01T13:21:45,ETH,2153.5454
2024-01-01T13:21:46,ETH,2151.8948
2024-01-01T13:21:47,ETH,2152.8809
2024-01-01T13:21:48,ETH,2154.1461
2024-01-01T13:21:49,ETH,2153.3802
2024-01-01T13:21:50,ETH,2152.1013
2024-01-01T13:21:51,ETH,2152.4916
2024-01-01T13:21:52,ETH,2152.3196
2024-01-01T13:21:53,ETH,2153.3587
2024-01-01T13:21:54,ETH,2153.3617
2024-01-01T13:21:55,ETH,2153.2524
2024-01-01T13:21:56,ETH,2153.0092
2024-01-01T13:21:57,ETH,2152.2836
2024-01-01T13:21:58,ETH,2152.128
2024-01-01T13:21:59,ETH,2150.3006
2024-01-01T13:22:00,ETH,2150.1483
2024-01-01T13:22:01,ETH,2152.7759
2024-01-01T13:22:02,ETH,2151.4537
2024-01-01T13:22:03,ETH,2150.5377
2024-01-01T13:22:04,ETH,2149.6781
2024-01-01T13:22:05,ETH,2150.6325
2024-01-01T13:22:06,ETH,2152.1912
2024-01-01T13:22:07,ETH,2153.3435
2024-01-01T13:22:08,ETH,2151.1266
2024-01-01T13:22:09,ETH,2151.8007
2024-01-01T13:22:10,ETH,2152.8582
2024-01-01T13:22:11,ETH,2152.7827
2024-01-01T13:22:12,ETH,2152.3525
2024-01-01T13:22:13,ETH,2152.034
2024-01-01T13:22:14,ETH,2152.9067
2024-01-01T13:22:15,ETH,2153.4226
2024-01-01T13:22:16,ETH,2153.5303
2024-01-01T13:22:17,ETH,2151.6296
2024-01-01T13:22:18,ETH,2152.2241
2024-01-01T13:22:19,ETH,2152.4611
2024-01-01T13:22:20,ETH,2151.4084
2024-01-01T13:22:21,ETH,2151.3854
2024-01-01T13:22:22,ETH,2151.8732
2024-01-01T13:22:23,ETH,2149.3645
2024-01-01T13:22:24,ETH,2149.7774
2024-01-01T13:22:25,ETH,2150.1323
2024-01-01T13:22:26,ETH,2151.4514
2024-01-01T13:22:27,ETH,2151.9058
2024-01-01T13:22:28,ETH,2152.5236
2024-01-01T13:22:29,ETH,2152.3929
2024-01-01T13:22:30,ETH,2152.344
2024-01-01T13:22:31,ETH,2151.3499
2024-01-01T13:22:32,ETH,2150.2908
2024-01-01T13:22:33,ETH,2150.1364
2024-01-01T13:22:34,ETH,2149.4393
2024-01-01T13:22:35,ETH,2149.0272
2024-01-01T13:22:36,ETH,2149.2784
2024-01-01T13:22:37,ETH,2148.8152
2024-01-01T13:22:38,ETH,2149.6783
2024-01-01T13:22:39,ETH,2149.8248
2024-01-01T13:22:40,ETH,2150.9538
2024-01-01T13:22:41,ETH,2148.4401
2024-01-01T13:22:42,ETH,2149.1363
2024-01-01T13:22:43,ETH,2151.0342
2024-01-01T13:22:44,ETH,2150.0906
2024-01-01T13:22:45,ETH,2148.5559
2024-01-01T13:22:46,ETH,2148.9458
2024-01-01T13:22:47,ETH,2148.2883
2024-01-01T13:22:48,ETH,2148.9157
2024-01-01T13:22:49,ETH,2146.4765
2024-01-01T13:22:50,ETH,2146.7139
2024-01-01T13:22:51,ETH,2146.5635
2024-01-01T13:22:52,ETH,2147.532
2024-01-01T13:22:53,ETH,2146.8391
2024-01-01T13:22:54,ETH,2145.5688
2024-01-01T13:22:55,ETH,2145.9466
2024-01-01T13:22:56,ETH,2145.6678
2024-01-01T13:22:57,ETH,2145.0934
2024-01-01T13:22:58,ETH,2145.1881
2024-01-01T13:22:59,ETH,2146.3795
2024-01-01T13:23:00,ETH,2148.0031
2024-01-01T13:23:01,ETH,2149.0087
2024-01-01T13:23:02,ETH,2148.6409
2024-01-01T13:23:03,ETH,2149.8249
2024-01-01T13:23:04,ETH,2150.9697
2024-01-01T13:23:05,ETH,2149.9401
2024-01-01T13:23:06,ETH,2148.847
2024-01-01T13:23:07,ETH,2149.3959
2024-01-01T13:23:08,ETH,2148.4991
2024-01-01T13:23:09,ETH,2149.2967
2024-01-01T13:23:10,ETH,2146.6992
2024-01-01T13:23:11,ETH,2145.2686
2024-01-01T13:23:12,ETH,2144.5017
2024-01-01T13:23:13,ETH,2145.3938
2024-01-01T13:23:14,ETH,2145.2179
2024-01-01T13:23:15,ETH,2146.051
2024-01-01T13:23:16,ETH,2146.85
2024-01-01T13:23:17,ETH,2147.4656
2024-01-01T13:23:18,ETH,2146.1922
2024-01-01T13:23:19,ETH,2146.8595
2024-01-01T13:23:20,ETH,2147.1992
2024-01-01T13:23:21,ETH,2148.3097
2024-01-01T13:23:22,ETH,2147.5707
2024-01-01T13:23:23,ETH,2146.9816
2024-01-01T13:23:24,ETH,2144.2425
2024-01-01T13:23:25,ETH,2146.0835
2024-01-01T13:23:26,ETH,2145.0593
2024-01-01T13:23:27,ETH,2145.8188
2024-01-01T13:23:28,ETH,2146.9781
2024-01-01T13:23:29,ETH,2146.391
2024-01-01T13:23:30,ETH,2146.4527
2024-01-01T13:23:31,ETH,2146.3172
2024-01-01T13:23:32,ETH,2146.1749
2024-01-01T13:23:33,ETH,2146.5742
2024-01-01T13:23:34,ETH,2146.3052
2024-01-01T13:23:35,ETH,2145.777
2024-01-01T13:23:36,ETH,2146.9468
2024-01-01T13:23:37,ETH,2145.6066
2024-01-01T13:23:38,ETH,2145.6824
2024-01-01T13:23:39,ETH,2144.9044
2024-01-01T13:23:40,ETH,2144.3925
2024-01-01T13:23:41,ETH,2145.2241
2024-01-01T13:23:42,ETH,2145.7978
2024-01-01T13:23:43,ETH,2145.6733
2024-01-01T13:23:44,ETH,2143.5653
2024-01-01T13:23:45,ETH,2143.5075
2024-01-01T13:23:46,ETH,2142.1821
2024-01-01T13:23:47,ETH,2142.2677
2024-01-01T13:23:48,ETH,2141.6531
2024-01-01T13:23:49,ETH,2139.6978
2024-01-01T13:23:50,ETH,2139.4128
2024-01-01T13:23:51,ETH,2139.7872
2024-01-01T13:23:52,ETH,2142.5114
2024-01-01T13:23:53,ETH,2140.4464
2024-01-01T13:23:54,ETH,2142.0718
2024-01-01T13:23:55,ETH,2141.4289
2024-01-01T13:23:56,ETH,2142.0842
2024-01-01T13:23:57,ETH,2142.5057
2024-01-01T13:23:58,ETH,2141.6947
2024-01-01T13:23:59,ETH,2143.0882
2024-01-01T13:24:00,ETH,2142.8948
2024-01-01T14:50:00,ETH,2141.5881
2024-01-01T14:50:01,ETH,2140.7716
2024-01-01T14:50:02,ETH,2138.8774
2024-01-01T14:50:03,ETH,2139.0626
2024-01-01T14:50:04,ETH,2138.4431
2024-01-01T14:50:05,ETH,2137.0829
2024-01-01T14:50:06,ETH,2137.4559
2024-01-01T14:50:07,ETH,2136.3784
2024-01-01T14:50:08,ETH,2137.4694
2024-01-01T14:50:09,ETH,2137.3815
2024-01-01T14:50:10,ETH,2135.703
2024-01-01T14:50:11,ETH,2134.56
2024-01-01T14:50:12,ETH,2133.7524
2024-01-01T14:50:13,ETH,2133.6304
2024-01-01T14:50:14,ETH,2131.1176
2024-01-01T14:50:15,ETH,2131.4159
2024-01-01T14:50:16,ETH,2131.2543
2024-01-01T14:50:17,ETH,2130.5949
2024-01-01T14:50:18,ETH,2127.5997
2024-01-01T14:50:19,ETH,2126.1096
2024-01-01T14:50:20,ETH,2127.0628
2024-01-01T14:50:21,ETH,2125.7279
2024-01-01T14:50:22,ETH,2125.3986
2024-01-01T14:50:23,ETH,2124.3294
2024-01-01T14:50:24,ETH,2125.1828
2024-01-01T14:50:25,ETH,2125.2657
2024-01-01T14:50:26,ETH,2123.8562
2024-01-01T14:50:27,ETH,2122.3747
2024-01-01T14:50:28,ETH,2121.9925
2024-01-01T14:50:29,ETH,2121.6763
2024-01-01T14:50:30,ETH,2120.0102
2024-01-01T14:50:31,ETH,2119.1714
2024-01-01T14:50:32,ETH,2118.7263
2024-01-01T14:50:33,ETH,2118.2917
2024-01-01T14:50:34,ETH,2119.3174
2024-01-01T14:50:35,ETH,2118.6404
2024-01-01T14:50:36,ETH,2117.6387
2024-01-01T14:50:37,ETH,2119.6532
2024-01-01T14:50:38,ETH,2117.6426
2024-01-01T14:50:39,ETH,2117.4482
2024-01-01T14:50:40,ETH,2117.6794
2024-01-01T14:50:41,ETH,2115.2469
2024-01-01T14:50:42,ETH,2114.3229
2024-01-01T14:50:43,ETH,2113.218
2024-01-01T14:50:44,ETH,2113.8914
2024-01-01T14:50:45,ETH,2113.0171
2024-01-01T14:50:46,ETH,2112.3733
2024-01-01T14:50:47,ETH,2111.0868
2024-01-01T14:50:48,ETH,2109.4104
2024-01-01T14:50:49,ETH,2109.5692
2024-01-01T14:50:50,ETH,2108.212
2024-01-01T14:50:51,ETH,2107.244
2024-01-01T14:50:52,ETH,2106.2596
2024-01-01T14:50:53,ETH,2105.2059
2024-01-01T14:50:54,ETH,2104.021
2024-01-01T14:50:55,ETH,2103.1549
2024-01-01T14:50:56,ETH,2104.0923
2024-01-01T14:50:57,ETH,2105.0118
2024-01-01T14:50:58,ETH,2104.465
2024-01-01T14:50:59,ETH,2105.2666
2024-01-01T14:51:00,ETH,2105.0117
2024-01-01T14:51:01,ETH,2104.9306
2024-01-01T14:51:02,ETH,2103.5758
2024-01-01T14:51:03,ETH,2103.3048
2024-01-01T14:51:04,ETH,2102.1935
2024-01-01T14:51:05,ETH,2101.6627
2024-01-01T14:51:06,ETH,2101.7758
2024-01-01T14:51:07,ETH,2101.5004
2024-01-01T14:51:08,ETH,2101.2243
2024-01-01T14:51:09,ETH,2100.4137
2024-01-01T14:51:10,ETH,2098.6427
2024-01-01T14:51:11,ETH,2098.6703
2024-01-01T14:51:12,ETH,2099.2638
2024-01-01T14:51:13,ETH,2099.895
2024-01-01T14:51:14,ETH,2099.1609
2024-01-01T14:51:15,ETH,2098.8597
2024-01-01T14:51:16,ETH,2097.4032
2024-01-01T14:51:17,ETH,2095.8846
2024-01-01T14:51:18,ETH,2096.3832
2024-01-01T14:51:19,ETH,2097.1326
2024-01-01T14:51:20,ETH,2096.3938
2024-01-01T14:51:21,ETH,2094.2809
2024-01-01T14:51:22,ETH,2094.8992
2024-01-01T14:51:23,ETH,2094.8108
2024-01-01T14:51:24,ETH,2095.374
2024-01-01T14:51:25,ETH,2094.825
2024-01-01T14:51:26,ETH,2094.0952
2024-01-01T14:51:27,ETH,2093.5004
2024-01-01T14:51:28,ETH,2092.8105
2024-01-01T14:51:29,ETH,2092.9592
2024-01-01T14:51:30,ETH,2092.8687
2024-01-01T14:51:31,ETH,2093.1508
2024-01-01T14:51:32,ETH,2092.2031
2024-01-01T14:51:33,ETH,2090.6993
2024-01-01T14:51:34,ETH,2091.221
2024-01-01T14:51:35,ETH,2088.7703
2024-01-01T14:51:36,ETH,2087.9846
2024-01-01T14:51:37,ETH,2088.236
2024-01-01T14:51:38,ETH,2087.6533
2024-01-01T14:51:39,ETH,2086.5363
2024-01-01T14:51:40,ETH,2085.9524
2024-01-01T14:51:41,ETH,2085.9696
2024-01-01T14:51:42,ETH,2083.8192
2024-01-01T14:51:43,ETH,2083.4414
2024-01-01T14:51:44,ETH,2083.4688
2024-01-01T14:51:45,ETH,2083.5168
2024-01-01T14:51:46,ETH,2082.7718
2024-01-01T14:51:47,ETH,2080.9829
2024-01-01T14:51:48,ETH,2079.3766
2024-01-01T14:51:49,ETH,2079.0931
2024-01-01T14:51:50,ETH,2080.2068
2024-01-01T14:51:51,ETH,2079.7163
2024-01-01T14:51:52,ETH,2080.3693
2024-01-01T14:51:53,ETH,2079.2453
2024-01-01T14:51:54,ETH,2078.4405
2024-01-01T14:51:55,ETH,2076.9564
2024-01-01T14:51:56,ETH,2077.3423
2024-01-01T14:51:57,ETH,2076.6755
2024-01-01T14:51:58,ETH,2077.188
2024-01-01T14:51:59,ETH,2075.6179
2024-01-01T14:52:00,ETH,2077.3176
2024-01-01T14:52:01,ETH,2076.4254
2024-01-01T14:52:02,ETH,2076.5685
2024-01-01T14:52:03,ETH,2075.7685
2024-01-01T14:52:04,ETH,2076.1907
2024-01-01T14:52:05,ETH,2076.0316
2024-01-01T14:52:06,ETH,2074.9967
2024-01-01T14:52:07,ETH,2072.8384
2024-01-01T14:52:08,ETH,2074.0881
2024-01-01T14:52:09,ETH,2072.636
2024-01-01T14:52:10,ETH,2074.1853
2024-01-01T14:52:11,ETH,2074.584
2024-01-01T14:52:12,ETH,2075.6344
2024-01-01T14:52:13,ETH,2075.668
2024-01-01T14:52:14,ETH,2074.2009
2024-01-01T14:52:15,ETH,2073.3035
2024-01-01T14:52:16,ETH,2072.5853
2024-01-01T14:52:17,ETH,2071.6905
2024-01-01T14:52:18,ETH,2070.7862
2024-01-01T14:52:19,ETH,2069.839
2024-01-01T14:52:20,ETH,2072.1063
2024-01-01T14:52:21,ETH,2072.893
2024-01-01T14:52:22,ETH,2072.4338
2024-01-01T14:52:23,ETH,2070.9602
2024-01-01T14:52:24,ETH,2070.2683
2024-01-01T14:52:25,ETH,2069.7505
2024-01-01T14:52:26,ETH,2070.6082
2024-01-01T14:52:27,ETH,2069.6919
2024-01-01T14:52:28,ETH,2068.8247
2024-01-01T14:52:29,ETH,2069.6461
2024-01-01T14:52:30,ETH,2069.2814
2024-01-01T14:52:31,ETH,2070.1029
2024-01-01T14:52:32,ETH,2069.8533
2024-01-01T14:52:33,ETH,2069.6107
2024-01-01T14:52:34,ETH,2069.6179
2024-01-01T14:52:35,ETH,2070.3588
2024-01-01T14:52:36,ETH,2069.853
2024-01-01T14:52:37,ETH,2070.6629
2024-01-01T14:52:38,ETH,2069.6716
2024-01-01T14:52:39,ETH,2069.3723
2024-01-01T14:52:40,ETH,2068.0326
2024-01-01T14:52:41,ETH,2068.8841
2024-01-01T14:52:42,ETH,2067.5463
2024-01-01T14:52:43,ETH,2067.0697
2024-01-01T14:52:44,ETH,2067.151
2024-01-01T14:52:45,ETH,2067.348
2024-01-01T14:52:46,ETH,2067.2484
2024-01-01T14:52:47,ETH,2067.7361
2024-01-01T14:52:48,ETH,2068.7905
2024-01-01T14:52:49,ETH,2067.2051
2024-01-01T14:52:50,ETH,2067.4012
2024-01-01T14:52:51,ETH,2067.3171
2024-01-01T14:52:52,ETH,2066.4828
2024-01-01T14:52:53,ETH,2066.2028
2024-01-01T14:52:54,ETH,2064.2516
2024-01-01T14:52:55,ETH,2062.2272
2024-01-01T14:52:56,ETH,2062.3995
2024-01-01T14:52:57,ETH,2061.8216
2024-01-01T14:52:58,ETH,2061.4885
2024-01-01T14:52:59,ETH,2059.6546
2024-01-01T14:53:00,ETH,2060.4727
2024-01-01T14:53:01,ETH,2060.5245
2024-01-01T14:53:02,ETH,2059.31
2024-01-01T14:53:03,ETH,2057.9416
2024-01-01T14:53:04,ETH,2055.996
2024-01-01T14:53:05,ETH,2055.5059
2024-01-01T14:53:06,ETH,2054.8672
2024-01-01T14:53:07,ETH,2053.0311
2024-01-01T14:53:08,ETH,2052.0111
2024-01-01T14:53:09,ETH,2052.9482
2024-01-01T14:53:10,ETH,2050.6932
2024-01-01T14:53:11,ETH,2050.3332
2024-01-01T14:53:12,ETH,2049.5388
2024-01-01T14:53:13,ETH,2049.6921
2024-01-01T14:53:14,ETH,2047.2652
2024-01-01T14:53:15,ETH,2046.333
2024-01-01T14:53:16,ETH,2046.5906
2024-01-01T14:53:17,ETH,2047.8039
2024-01-01T14:53:18,ETH,2047.027
2024-01-01T14:53:19,ETH,2045.4317
2024-01-01T14:53:20,ETH,2045.098
2024-01-01T14:53:21,ETH,2043.5395
2024-01-01T14:53:22,ETH,2044.3038
2024-01-01T14:53:23,ETH,2044.3951
2024-01-01T14:53:24,ETH,2043.2942
2024-01-01T14:53:25,ETH,2043.5199
2024-01-01T14:53:26,ETH,2040.8783
2024-01-01T14:53:27,ETH,2039.6045
2024-01-01T14:53:28,ETH,2039.765
2024-01-01T14:53:29,ETH,2038.9162
2024-01-01T14:53:30,ETH,2038.3624
2024-01-01T14:53:31,ETH,2039.8031
2024-01-01T14:53:32,ETH,2039.3322
2024-01-01T14:53:33,ETH,2039.4593
2024-01-01T14:53:34,ETH,2037.7263
2024-01-01T14:53:35,ETH,2037.4018
2024-01-01T14:53:36,ETH,2038.5113
2024-01-01T14:53:37,ETH,2037.8852
2024-01-01T14:53:38,ETH,2037.5654
2024-01-01T14:53:39,ETH,2036.9253
2024-01-01T14:53:40,ETH,2035.8193
2024-01-01T14:53:41,ETH,2035.4742
2024-01-01T14:53:42,ETH,2036.567
2024-01-01T14:53:43,ETH,2035.7164
2024-01-01T14:53:44,ETH,2035.9483
2024-01-01T14:53:45,ETH,2036.031
2024-01-01T14:53:46,ETH,2037.171
2024-01-01T14:53:47,ETH,2036.0802
2024-01-01T14:53:48,ETH,2033.7113
2024-01-01T14:53:49,ETH,2034.9507
2024-01-01T14:53:50,ETH,2035.257
2024-01-01T14:53:51,ETH,2034.8991
2024-01-01T14:53:52,ETH,2034.5441
2024-01-01T14:53:53,ETH,2034.7459
2024-01-01T14:53:54,ETH,2034.5068
2024-01-01T14:53:55,ETH,2035.4983
2024-01-01T14:53:56,ETH,2035.0993
2024-01-01T14:53:57,ETH,2034.071
2024-01-01T14:53:58,ETH,2033.9822
2024-01-01T14:53:59,ETH,2034.2526
2024-01-01T14:54:00,ETH,2031.8883
2024-01-01T14:54:01,ETH,2030.7988
2024-01-01T14:54:02,ETH,2029.6397
2024-01-01T14:54:03,ETH,2029.3256
2024-01-01T14:54:04,ETH,2028.6871
2024-01-01T14:54:05,ETH,2030.1624
2024-01-01T14:54:06,ETH,2029.6373
2024-01-01T14:54:07,ETH,2028.2591
2024-01-01T14:54:08,ETH,2026.8236
2024-01-01T14:54:09,ETH,2026.6112
2024-01-01T14:54:10,ETH,2026.7372
2024-01-01T14:54:11,ETH,2027.0708
2024-01-01T14:54:12,ETH,2027.438
2024-01-01T14:54:13,ETH,2027.1005
2024-01-01T14:54:14,ETH,2026.3312
2024-01-01T14:54:15,ETH,2026.6869
2024-01-01T14:54:16,ETH,2026.0283
2024-01-01T14:54:17,ETH,2026.7828
2024-01-01T14:54:18,ETH,2027.2417
2024-01-01T14:54:19,ETH,2025.4856
2024-01-01T14:54:20,ETH,2024.051
2024-01-01T14:54:21,ETH,2023.8708
2024-01-01T14:54:22,ETH,2024.2662
2024-01-01T14:54:23,ETH,2023.9506
2024-01-01T14:54:24,ETH,2023.1933
2024-01-01T14:54:25,ETH,2023.3637
2024-01-01T14:54:26,ETH,2022.7393
2024-01-01T14:54:27,ETH,2021.6326
2024-01-01T14:54:28,ETH,2021.6962
2024-01-01T14:54:29,ETH,2021.7
2024-01-01T14:54:30,ETH,2020.9247
2024-01-01T14:54:31,ETH,2021.8481
2024-01-01T14:54:32,ETH,2020.0554
2024-01-01T14:54:33,ETH,2019.5809
2024-01-01T14:54:34,ETH,2019.3402
2024-01-01T14:54:35,ETH,2018.0887
2024-01-01T14:54:36,ETH,2017.1778
2024-01-01T14:54:37,ETH,2017.3094
2024-01-01T14:54:38,ETH,2017.016
2024-01-01T14:54:39,ETH,2016.7311
2024-01-01T14:54:40,ETH,2016.1408
2024-01-01T14:54:41,ETH,2014.6756
2024-01-01T14:54:42,ETH,2014.7501
2024-01-01T14:54:43,ETH,2014.7321
2024-01-01T14:54:44,ETH,2013.1708
2024-01-01T14:54:45,ETH,2011.7608
2024-01-01T14:54:46,ETH,2011.9652
2024-01-01T14:54:47,ETH,2010.1461
2024-01-01T14:54:48,ETH,2011.2416
2024-01-01T14:54:49,ETH,2011.7381
2024-01-01T14:54:50,ETH,2009.7093
2024-01-01T14:54:51,ETH,2009.6859
2024-01-01T14:54:52,ETH,2009.8015
2024-01-01T14:54:53,ETH,2007.9878
2024-01-01T14:54:54,ETH,2008.4911
2024-01-01T14:54:55,ETH,2007.0086
2024-01-01T14:54:56,ETH,2005.6931
2024-01-01T14:54:57,ETH,2006.9305
2024-01-01T14:54:58,ETH,2006.3984
2024-01-01T14:54:59,ETH,2006.5894
2024-01-01T14:55:00,ETH,2005.5975
2024-01-01T14:55:01,ETH,2005.261
2024-01-01T14:55:02,ETH,2005.4984
2024-01-01T14:55:03,ETH,2004.0463
2024-01-01T14:55:04,ETH,2005.0384
2024-01-01T14:55:05,ETH,2006.7622
2024-01-01T14:55:06,ETH,2006.1091
2024-01-01T14:55:07,ETH,2005.999
2024-01-01T14:55:08,ETH,2006.9109
2024-01-01T14:55:09,ETH,2007.5356
2024-01-01T14:55:10,ETH,2006.6687
2024-01-01T14:55:11,ETH,2007.009
2024-01-01T14:55:12,ETH,2004.8759
2024-01-01T14:55:13,ETH,2005.6858
2024-01-01T14:55:14,ETH,2004.485
2024-01-01T14:55:15,ETH,2004.2553
2024-01-01T14:55:16,ETH,2005.7557
2024-01-01T14:55:17,ETH,2006.1175
2024-01-01T14:55:18,ETH,2007.3823
2024-01-01T14:55:19,ETH,2006.2214
2024-01-01T14:55:20,ETH,2004.9134
2024-01-01T14:55:21,ETH,2004.1664
2024-01-01T14:55:22,ETH,2003.8485
2024-01-01T14:55:23,ETH,2005.8059
2024-01-01T14:55:24,ETH,2005.1351
2024-01-01T14:55:25,ETH,2004.9796
2024-01-01T14:55:26,ETH,2005.8248
2024-01-01T14:55:27,ETH,2004.0218
2024-01-01T14:55:28,ETH,2003.1476
2024-01-01T14:55:29,ETH,2000.7255
2024-01-01T14:55:30,ETH,1999.6644
2024-01-01T14:55:31,ETH,1998.9873
2024-01-01T14:55:32,ETH,2000.3077
2024-01-01T14:55:33,ETH,1999.6676
2024-01-01T14:55:34,ETH,1998.7526
2024-01-01T14:55:35,ETH,1996.1894
2024-01-01T14:55:36,ETH,1995.6126
2024-01-01T14:55:37,ETH,1995.931
2024-01-01T14:55:38,ETH,1996.0588
2024-01-01T14:55:39,ETH,1994.9496
2024-01-01T14:55:40,ETH,1996.8851
2024-01-01T14:55:41,ETH,1994.4664
2024-01-01T14:55:42,ETH,1994.2125
2024-01-01T14:55:43,ETH,1994.6063
2024-01-01T14:55:44,ETH,1993.4673
2024-01-01T14:55:45,ETH,1992.5994
2024-01-01T14:55:46,ETH,1991.5441
2024-01-01T14:55:47,ETH,1990.7018
2024-01-01T14:55:48,ETH,1990.7432
2024-01-01T14:55:49,ETH,1991.7468
2024-01-01T14:55:50,ETH,1992.905
2024-01-01T14:55:51,ETH,1993.3354
2024-01-01T14:55:52,ETH,1992.94
2024-01-01T14:55:53,ETH,1992.7671
2024-01-01T14:55:54,ETH,1994.8407
2024-01-01T14:55:55,ETH,1994.3737
2024-01-01T14:55:56,ETH,1993.7566
2024-01-01T14:55:57,ETH,1993.3437
2024-01-01T14:55:58,ETH,1993.3709
2024-01-01T14:55:59,ETH,1992.9145
2024-01-01T14:56:00,ETH,1993.2402
2024-01-01T16:17:00,ETH,1993.37
2024-01-01T16:17:01,ETH,1992.4992
2024-01-01T16:17:02,ETH,1991.1617
2024-01-01T16:17:03,ETH,1991.5172
2024-01-01T16:17:04,ETH,1990.9705
2024-01-01T16:17:05,ETH,1992.6056
2024-01-01T16:17:06,ETH,1992.4543
2024-01-01T16:17:07,ETH,1992.2918
2024-01-01T16:17:08,ETH,1992.9601
2024-01-01T16:17:09,ETH,1993.3808
2024-01-01T16:17:10,ETH,1992.2931
2024-01-01T16:17:11,ETH,1991.1002
2024-01-01T16:17:12,ETH,1990.4245
2024-01-01T16:17:13,ETH,1989.903
2024-01-01T16:17:14,ETH,1989.4579
2024-01-01T16:17:15,ETH,1989.0957
2024-01-01T16:17:16,ETH,1987.6117
2024-01-01T16:17:17,ETH,1986.5072
2024-01-01T16:17:18,ETH,1986.3527
2024-01-01T16:17:19,ETH,1985.4192
2024-01-01T16:17:20,ETH,1985.2614
2024-01-01T16:17:21,ETH,1986.2341
2024-01-01T16:17:22,ETH,1986.3787
2024-01-01T16:17:23,ETH,1985.4608
2024-01-01T16:17:24,ETH,1987.9316
2024-01-01T16:17:25,ETH,1987.314
2024-01-01T16:17:26,ETH,1986.8841
2024-01-01T16:17:27,ETH,1986.8044
2024-01-01T16:17:28,ETH,1985.8925
2024-01-01T16:17:29,ETH,1986.2634
2024-01-01T16:17:30,ETH,1987.6669
2024-01-01T16:17:31,ETH,1987.1072
2024-01-01T16:17:32,ETH,1986.9236
2024-01-01T16:17:33,ETH,1987.0035
2024-01-01T16:17:34,ETH,1984.4297
2024-01-01T16:17:35,ETH,1983.6606
2024-01-01T16:17:36,ETH,1983.9539
2024-01-01T16:17:37,ETH,1983.5975
2024-01-01T16:17:38,ETH,1982.2459
2024-01-01T16:17:39,ETH,1981.8749
2024-01-01T16:17:40,ETH,1980.632
2024-01-01T16:17:41,ETH,1981.8342
2024-01-01T16:17:42,ETH,1981.1414
2024-01-01T16:17:43,ETH,1981.6036
2024-01-01T16:17:44,ETH,1981.1344
2024-01-01T16:17:45,ETH,1981.2088
2024-01-01T16:17:46,ETH,1982.0152
2024-01-01T16:17:47,ETH,1981.7239
2024-01-01T16:17:48,ETH,1982.2975
2024-01-01T16:17:49,ETH,1981.5217
2024-01-01T16:17:50,ETH,1981.6728
2024-01-01T16:17:51,ETH,1982.6723
2024-01-01T16:17:52,ETH,1982.9134
2024-01-01T16:17:53,ETH,1983.002
2024-01-01T16:17:54,ETH,1981.3144
2024-01-01T16:17:55,ETH,1981.9862
2024-01-01T16:17:56,ETH,1985.0117
2024-01-01T16:17:57,ETH,1985.7272
2024-01-01T16:17:58,ETH,1986.0234
2024-01-01T16:17:59,ETH,1987.0679
2024-01-01T16:18:00,ETH,1988.0375
2024-01-01T16:18:01,ETH,1988.8458
2024-01-01T16:18:02,ETH,1989.1547
2024-01-01T16:18:03,ETH,1987.8475
2024-01-01T16:18:04,ETH,1988.2855
2024-01-01T16:18:05,ETH,1988.5431
2024-01-01T16:18:06,ETH,1989.4839
2024-01-01T16:18:07,ETH,1989.6044
2024-01-01T16:18:08,ETH,1988.8173
2024-01-01T16:18:09,ETH,1988.9371
2024-01-01T16:18:10,ETH,1987.9043
2024-01-01T16:18:11,ETH,1987.2891
2024-01-01T16:18:12,ETH,1988.2579
2024-01-01T16:18:13,ETH,1985.4926
2024-01-01T16:18:14,ETH,1985.4467
2024-01-01T16:18:15,ETH,1985.0705
2024-01-01T16:18:16,ETH,1985.5341
2024-01-01T16:18:17,ETH,1987.5668
2024-01-01T16:18:18,ETH,1988.1335
2024-01-01T16:18:19,ETH,1988.8044
2024-01-01T16:18:20,ETH,1989.5511
2024-01-01T16:18:21,ETH,1987.9691
2024-01-01T16:18:22,ETH,1988.8798
2024-01-01T16:18:23,ETH,1989.0793
2024-01-01T16:18:24,ETH,1988.0632
2024-01-01T16:18:25,ETH,1990.303
2024-01-01T16:18:26,ETH,1990.3836
2024-01-01T16:18:27,ETH,1988.9806
2024-01-01T16:18:28,ETH,1988.5807
2024-01-01T16:18:29,ETH,1988.5609
2024-01-01T16:18:30,ETH,1989.5341
2024-01-01T16:18:31,ETH,1989.2504
2024-01-01T16:18:32,ETH,1989.9341
2024-01-01T16:18:33,ETH,1989.1471
2024-01-01T16:18:34,ETH,1989.245
2024-01-01T16:18:35,ETH,1988.8766
2024-01-01T16:18:36,ETH,1986.8984
2024-01-01T16:18:37,ETH,1987.75
2024-01-01T16:18:38,ETH,1986.8115
2024-01-01T16:18:39,ETH,1985.5537
2024-01-01T16:18:40,ETH,1985.9532
2024-01-01T16:18:41,ETH,1986.3389
2024-01-01T16:18:42,ETH,1986.6766
2024-01-01T16:18:43,ETH,1986.8516
2024-01-01T16:18:44,ETH,1987.8444
2024-01-01T16:18:45,ETH,1986.1371
2024-01-01T16:18:46,ETH,1986.3757
2024-01-01T16:18:47,ETH,1987.0379
2024-01-01T16:18:48,ETH,1984.507
2024-01-01T16:18:49,ETH,1984.3521
2024-01-01T16:18:50,ETH,1983.1027
2024-01-01T16:18:51,ETH,1982.1601
2024-01-01T16:18:52,ETH,1981.8285
2024-01-01T16:18:53,ETH,1982.3232
2024-01-01T16:18:54,ETH,1983.6567
2024-01-01T16:18:55,ETH,1981.7295
2024-01-01T16:18:56,ETH,1979.4063
2024-01-01T16:18:57,ETH,1981.1483
2024-01-01T16:18:58,ETH,1980.5304
2024-01-01T16:18:59,ETH,1980.3545
2024-01-01T16:19:00,ETH,1981.3474
2024-01-01T16:19:01,ETH,1982.0021
2024-01-01T16:19:02,ETH,1980.8949
2024-01-01T16:19:03,ETH,1980.8585
2024-01-01T16:19:04,ETH,1980.8673
2024-01-01T16:19:05,ETH,1981.0501
2024-01-01T16:19:06,ETH,1981.8276
2024-01-01T16:19:07,ETH,1980.8833
2024-01-01T16:19:08,ETH,1981.3493
2024-01-01T16:19:09,ETH,1979.5035
2024-01-01T16:19:10,ETH,1978.2665
2024-01-01T16:19:11,ETH,1978.6282
2024-01-01T16:19:12,ETH,1980.0308
2024-01-01T16:19:13,ETH,1980.7861
2024-01-01T16:19:14,ETH,1979.696
2024-01-01T16:19:15,ETH,1980.4453
2024-01-01T16:19:16,ETH,1980.4209
2024-01-01T16:19:17,ETH,1981.7415
2024-01-01T16:19:18,ETH,1981.4867
2024-01-01T16:19:19,ETH,1982.3831
2024-01-01T16:19:20,ETH,1979.3562
2024-01-01T16:19:21,ETH,1979.0499
2024-01-01T16:19:22,ETH,1978.8364
2024-01-01T16:19:23,ETH,1977.926
2024-01-01T16:19:24,ETH,1976.1568
2024-01-01T16:19:25,ETH,1976.4127
2024-01-01T16:19:26,ETH,1976.0797
2024-01-01T16:19:27,ETH,1977.2046
2024-01-01T16:19:28,ETH,1975.7281
2024-01-01T16:19:29,ETH,1976.3152
2024-01-01T16:19:30,ETH,1974.4905
2024-01-01T16:19:31,ETH,1973.0275
2024-01-01T16:19:32,ETH,1974.3508
2024-01-01T16:19:33,ETH,1973.4794
2024-01-01T16:19:34,ETH,1972.7142
2024-01-01T16:19:35,ETH,1971.9674
2024-01-01T16:19:36,ETH,1974.4099
2024-01-01T16:19:37,ETH,1974.032
2024-01-01T16:19:38,ETH,1974.016
2024-01-01T16:19:39,ETH,1975.5941
2024-01-01T16:19:40,ETH,1973.294
2024-01-01T16:19:41,ETH,1972.3346
2024-01-01T16:19:42,ETH,1972.1501
2024-01-01T16:19:43,ETH,1973.6147
2024-01-01T16:19:44,ETH,1974.879
2024-01-01T16:19:45,ETH,1975.7179
2024-01-01T16:19:46,ETH,1975.7789
2024-01-01T16:19:47,ETH,1973.8988
2024-01-01T16:19:48,ETH,1974.002
2024-01-01T16:19:49,ETH,1973.4227
2024-01-01T16:19:50,ETH,1972.9431
2024-01-01T16:19:51,ETH,1973.7017
2024-01-01T16:19:52,ETH,1976.4082
2024-01-01T16:19:53,ETH,1976.2047
2024-01-01T16:19:54,ETH,1974.7423
2024-01-01T16:19:55,ETH,1975.275
2024-01-01T16:19:56,ETH,1975.6808
2024-01-01T16:19:57,ETH,1975.4128
2024-01-01T16:19:58,ETH,1974.3221
2024-01-01T16:19:59,ETH,1973.6987
2024-01-01T16:20:00,ETH,1973.3736
2024-01-01T16:20:01,ETH,1974.9024
2024-01-01T16:20:02,ETH,1974.9609
2024-01-01T16:20:03,ETH,1974.704
2024-01-01T16:20:04,ETH,1973.73
2024-01-01T16:20:05,ETH,1974.6173
2024-01-01T16:20:06,ETH,1974.5148
2024-01-01T16:20:07,ETH,1973.458
2024-01-01T16:20:08,ETH,1974.5712
2024-01-01T16:20:09,ETH,1974.523
2024-01-01T16:20:10,ETH,1974.8499
2024-01-01T16:20:11,ETH,1975.426
2024-01-01T16:20:12,ETH,1976.1697
2024-01-01T16:20:13,ETH,1976.0706
2024-01-01T16:20:14,ETH,1976.6148
2024-01-01T16:20:15,ETH,1977.9064
2024-01-01T16:20:16,ETH,1979.3416
2024-01-01T16:20:17,ETH,1978.0414
2024-01-01T16:20:18,ETH,1978.0397
2024-01-01T16:20:19,ETH,1979.2075
2024-01-01T16:20:20,ETH,1981.6982
2024-01-01T16:20:21,ETH,1981.9322
2024-01-01T16:20:22,ETH,1981.8267
2024-01-01T16:20:23,ETH,1980.1642
2024-01-01T16:20:24,ETH,1980.5522
2024-01-01T16:20:25,ETH,1981.3635
2024-01-01T16:20:26,ETH,1982.6991
2024-01-01T16:20:27,ETH,1983.2369
2024-01-01T16:20:28,ETH,1984.9761
2024-01-01T16:20:29,ETH,1985.6736
2024-01-01T16:20:30,ETH,1987.0912
2024-01-01T16:20:31,ETH,1988.6513
2024-01-01T16:20:32,ETH,1988.6235
2024-01-01T16:20:33,ETH,1989.2056
2024-01-01T16:20:34,ETH,1986.2687
2024-01-01T16:20:35,ETH,1986.2333
2024-01-01T16:20:36,ETH,1985.419
2024-01-01T16:20:37,ETH,1984.5431
2024-01-01T16:20:38,ETH,1984.0126
2024-01-01T16:20:39,ETH,1984.9465
2024-01-01T16:20:40,ETH,1985.1507
2024-01-01T16:20:41,ETH,1983.2076
2024-01-01T16:20:42,ETH,1982.8943
2024-01-01T16:20:43,ETH,1982.3079
2024-01-01T16:20:44,ETH,1982.8895
2024-01-01T16:20:45,ETH,1983.0049
2024-01-01T16:20:46,ETH,1983.3178
2024-01-01T16:20:47,ETH,1982.6042
2024-01-01T16:20:48,ETH,1980.8075
2024-01-01T16:20:49,ETH,1979.8128
2024-01-01T16:20:50,ETH,1979.5238
2024-01-01T16:20:51,ETH,1979.7701
2024-01-01T16:20:52,ETH,1981.5141
2024-01-01T16:20:53,ETH,1980.084
2024-01-01T16:20:54,ETH,1978.831
2024-01-01T16:20:55,ETH,1981.0871
2024-01-01T16:20:56,ETH,1980.3402
2024-01-01T16:20:57,ETH,1981.2185
2024-01-01T16:20:58,ETH,1980.3528
2024-01-01T16:20:59,ETH,1979.8662
2024-01-01T16:21:00,ETH,1979.2456
2024-01-01T16:21:01,ETH,1979.1711
2024-01-01T16:21:02,ETH,1979.2322
2024-01-01T16:21:03,ETH,1979.0235
2024-01-01T16:21:04,ETH,1978.7813
2024-01-01T16:21:05,ETH,1977.7148
2024-01-01T16:21:06,ETH,1978.1051
2024-01-01T16:21:07,ETH,1980.2598
2024-01-01T16:21:08,ETH,1979.9595
2024-01-01T16:21:09,ETH,1978.9331
2024-01-01T16:21:10,ETH,1980.0643
2024-01-01T16:21:11,ETH,1980.532
2024-01-01T16:21:12,ETH,1978.9625
2024-01-01T16:21:13,ETH,1978.6183
2024-01-01T16:21:14,ETH,1979.354
2024-01-01T16:21:15,ETH,1978.4988
2024-01-01T16:21:16,ETH,1978.0247
2024-01-01T16:21:17,ETH,1978.3098
2024-01-01T16:21:18,ETH,1977.9024
2024-01-01T16:21:19,ETH,1977.6004
2024-01-01T16:21:20,ETH,1978.8906
2024-01-01T16:21:21,ETH,1977.9847
2024-01-01T16:21:22,ETH,1977.2685
2024-01-01T16:21:23,ETH,1976.4062
2024-01-01T16:21:24,ETH,1977.0634
2024-01-01T16:21:25,ETH,1976.5663
2024-01-01T16:21:26,ETH,1977.4951
2024-01-01T16:21:27,ETH,1977.9812
2024-01-01T16:21:28,ETH,1978.0082
2024-01-01T16:21:29,ETH,1978.6754
2024-01-01T16:21:30,ETH,1976.7922
2024-01-01T16:21:31,ETH,1975.9042
2024-01-01T16:21:32,ETH,1977.5011
2024-01-01T16:21:33,ETH,1979.0342
2024-01-01T16:21:34,ETH,1977.129
2024-01-01T16:21:35,ETH,1978.0733
2024-01-01T16:21:36,ETH,1976.8778
2024-01-01T16:21:37,ETH,1976.828
2024-01-01T16:21:38,ETH,1975.7865
2024-01-01T16:21:39,ETH,1975.9375
2024-01-01T16:21:40,ETH,1975.7272
2024-01-01T16:21:41,ETH,1976.7982
2024-01-01T16:21:42,ETH,1977.2705
2024-01-01T16:21:43,ETH,1976.5666
2024-01-01T16:21:44,ETH,1976.8862
2024-01-01T16:21:45,ETH,1976.2637
2024-01-01T16:21:46,ETH,1976.3049
2024-01-01T16:21:47,ETH,1977.2856
2024-01-01T16:21:48,ETH,1977.7018
2024-01-01T16:21:49,ETH,1979.7089
2024-01-01T16:21:50,ETH,1980.138
2024-01-01T16:21:51,ETH,1980.3792
2024-01-01T16:21:52,ETH,1981.9263
2024-01-01T16:21:53,ETH,1982.5126
2024-01-01T16:21:54,ETH,1982.5891
2024-01-01T16:21:55,ETH,1982.5824
2024-01-01T16:21:56,ETH,1980.5519
2024-01-01T16:21:57,ETH,1979.905
2024-01-01T16:21:58,ETH,1981.3395
2024-01-01T16:21:59,ETH,1982.5765
2024-01-01T16:22:00,ETH,1983.4058
2024-01-01T16:22:01,ETH,1982.0595
2024-01-01T16:22:02,ETH,1984.7177
2024-01-01T16:22:03,ETH,1981.8154
2024-01-01T16:22:04,ETH,1983.9702
2024-01-01T16:22:05,ETH,1983.4731
2024-01-01T16:22:06,ETH,1985.3853
2024-01-01T16:22:07,ETH,1984.607
2024-01-01T16:22:08,ETH,1984.6439
2024-01-01T16:22:09,ETH,1985.7163
2024-01-01T16:22:10,ETH,1986.4175
2024-01-01T16:22:11,ETH,1986.8639
2024-01-01T16:22:12,ETH,1986.2087
2024-01-01T16:22:13,ETH,1985.6312
2024-01-01T16:22:14,ETH,1985.3375
2024-01-01T16:22:15,ETH,1985.7683
2024-01-01T16:22:16,ETH,1986.3763
2024-01-01T16:22:17,ETH,1986.7252
2024-01-01T16:22:18,ETH,1987.7501
2024-01-01T16:22:19,ETH,1986.4649
2024-01-01T16:22:20,ETH,1985.4295
2024-01-01T16:22:21,ETH,1985.084
2024-01-01T16:22:22,ETH,1984.909
2024-01-01T16:22:23,ETH,1983.6225
2024-01-01T16:22:24,ETH,1983.0246
2024-01-01T16:22:25,ETH,1981.8256
2024-01-01T16:22:26,ETH,1980.5848
2024-01-01T16:22:27,ETH,1981.3006
2024-01-01T16:22:28,ETH,1981.331
2024-01-01T16:22:29,ETH,1981.3206
2024-01-01T16:22:30,ETH,1982.1328
2024-01-01T16:22:31,ETH,1982.7252
2024-01-01T16:22:32,ETH,1982.9396
2024-01-01T16:22:33,ETH,1979.6652
2024-01-01T16:22:34,ETH,1979.2631
2024-01-01T16:22:35,ETH,1980.3436
2024-01-01T16:22:36,ETH,1979.9723
2024-01-01T16:22:37,ETH,1979.7283
2024-01-01T16:22:38,ETH,1980.8042
2024-01-01T16:22:39,ETH,1981.3051
2024-01-01T16:22:40,ETH,1982.5587
2024-01-01T16:22:41,ETH,1981.6452
2024-01-01T16:22:42,ETH,1982.6893
2024-01-01T16:22:43,ETH,1983.2335
2024-01-01T16:22:44,ETH,1981.6695
2024-01-01T16:22:45,ETH,1982.3784
2024-01-01T16:22:46,ETH,1982.762
2024-01-01T16:22:47,ETH,1981.4184
2024-01-01T16:22:48,ETH,1980.3848
2024-01-01T16:22:49,ETH,1979.0625
2024-01-01T16:22:50,ETH,1981.8731
2024-01-01T16:22:51,ETH,1980.8787
2024-01-01T16:22:52,ETH,1981.8804
2024-01-01T16:22:53,ETH,1981.7629
2024-01-01T16:22:54,ETH,1980.8472
2024-01-01T16:22:55,ETH,1980.4408
2024-01-01T16:22:56,ETH,1979.953
2024-01-01T16:22:57,ETH,1979.3287
2024-01-01T16:22:58,ETH,1979.2955
2024-01-01T16:22:59,ETH,1977.9689
2024-01-01T16:23:00,ETH,1977.1573
2024-01-01T18:56:00,ETH,1977.6645
2024-01-01T18:56:01,ETH,1976.422
2024-01-01T18:56:02,ETH,1977.4652
2024-01-01T18:56:03,ETH,1978.0396
2024-01-01T18:56:04,ETH,1979.0543
2024-01-01T18:56:05,ETH,1977.8842
2024-01-01T18:56:06,ETH,1979.6459
2024-01-01T18:56:07,ETH,1978.0014
2024-01-01T18:56:08,ETH,1977.6433
2024-01-01T18:56:09,ETH,1976.4943
2024-01-01T18:56:10,ETH,1977.4843
2024-01-01T18:56:11,ETH,1978.5489
2024-01-01T18:56:12,ETH,1977.3033
2024-01-01T18:56:13,ETH,1978.6078
2024-01-01T18:56:14,ETH,1979.2119
2024-01-01T18:56:15,ETH,1979.7463
2024-01-01T18:56:16,ETH,1978.6017
2024-01-01T18:56:17,ETH,1979.6318
2024-01-01T18:56:18,ETH,1980.2459
2024-01-01T18:56:19,ETH,1978.7385
2024-01-01T18:56:20,ETH,1980.9969
2024-01-01T18:56:21,ETH,1980.6888
2024-01-01T18:56:22,ETH,1980.9727
2024-01-01T18:56:23,ETH,1980.1351
2024-01-01T18:56:24,ETH,1981.3071
2024-01-01T18:56:25,ETH,1982.253
2024-01-01T18:56:26,ETH,1980.8612
2024-01-01T18:56:27,ETH,1980.4467
2024-01-01T18:56:28,ETH,1980.1523
2024-01-01T18:56:29,ETH,1980.6459
2024-01-01T18:56:30,ETH,1981.5449
2024-01-01T18:56:31,ETH,1979.8892
2024-01-01T18:56:32,ETH,1980.3094
2024-01-01T18:56:33,ETH,1980.9171
2024-01-01T18:56:34,ETH,1980.4562
2024-01-01T18:56:35,ETH,1980.1171
2024-01-01T18:56:36,ETH,1982.3504
2024-01-01T18:56:37,ETH,1980.7631
2024-01-01T18:56:38,ETH,1981.5004
2024-01-01T18:56:39,ETH,1982.3543
2024-01-01T18:56:40,ETH,1983.238
2024-01-01T18:56:41,ETH,1982.7305
2024-01-01T18:56:42,ETH,1982.485
2024-01-01T18:56:43,ETH,1982.8072
2024-01-01T18:56:44,ETH,1981.4876
2024-01-01T18:56:45,ETH,1980.5113
2024-01-01T18:56:46,ETH,1980.6261
2024-01-01T18:56:47,ETH,1980.4605
2024-01-01T18:56:48,ETH,1979.6123
2024-01-01T18:56:49,ETH,1979.5853
2024-01-01T18:56:50,ETH,1979.9298
2024-01-01T18:56:51,ETH,1977.8781
2024-01-01T18:56:52,ETH,1978.3945
2024-01-01T18:56:53,ETH,1977.952
2024-01-01T18:56:54,ETH,1980.1033
2024-01-01T18:56:55,ETH,1980.3926
2024-01-01T18:56:56,ETH,1980.3225
2024-01-01T18:56:57,ETH,1980.9371
2024-01-01T18:56:58,ETH,1981.5729
2024-01-01T18:56:59,ETH,1981.4378
2024-01-01T18:57:00,ETH,1980.834
2024-01-01T18:57:01,ETH,1981.4831
2024-01-01T18:57:02,ETH,1981.5144
2024-01-01T18:57:03,ETH,1982.2703
2024-01-01T18:57:04,ETH,1982.2187
2024-01-01T18:57:05,ETH,1982.5086
2024-01-01T18:57:06,ETH,1982.3994
2024-01-01T18:57:07,ETH,1982.1927
2024-01-01T18:57:08,ETH,1980.9986
2024-01-01T18:57:09,ETH,1980.0794
2024-01-01T18:57:10,ETH,1980.3955
2024-01-01T18:57:11,ETH,1981.0316
2024-01-01T18:57:12,ETH,1980.1529
2024-01-01T18:57:13,ETH,1980.317
2024-01-01T18:57:14,ETH,1981.6851
2024-01-01T18:57:15,ETH,1980.7267
2024-01-01T18:57:16,ETH,1980.3342
2024-01-01T18:57:17,ETH,1980.9144
2024-01-01T18:57:18,ETH,1981.5987
2024-01-01T18:57:19,ETH,1981.6261
2024-01-01T18:57:20,ETH,1980.762
2024-01-01T18:57:21,ETH,1980.3009
2024-01-01T18:57:22,ETH,1980.2861
2024-01-01T18:57:23,ETH,1982.0864
2024-01-01T18:57:24,ETH,1982.7206
2024-01-01T18:57:25,ETH,1982.6152
2024-01-01T18:57:26,ETH,1983.4558
2024-01-01T18:57:27,ETH,1981.7532
2024-01-01T18:57:28,ETH,1983.2362
2024-01-01T18:57:29,ETH,1984.2575
2024-01-01T18:57:30,ETH,1983.8871
2024-01-01T18:57:31,ETH,1983.2829
2024-01-01T18:57:32,ETH,1982.1485
2024-01-01T18:57:33,ETH,1981.2078
2024-01-01T18:57:34,ETH,1981.2927
2024-01-01T18:57:35,ETH,1978.8205
2024-01-01T18:57:36,ETH,1980.9702
2024-01-01T18:57:37,ETH,1981.7178
2024-01-01T18:57:38,ETH,1984.2025
2024-01-01T18:57:39,ETH,1984.1513
2024-01-01T18:57:40,ETH,1985.3898
2024-01-01T18:57:41,ETH,1985.5428
2024-01-01T18:57:42,ETH,1985.536
2024-01-01T18:57:43,ETH,1985.3475
2024-01-01T18:57:44,ETH,1984.3701
2024-01-01T18:57:45,ETH,1985.2466
2024-01-01T18:57:46,ETH,1985.8567
2024-01-01T18:57:47,ETH,1986.6446
2024-01-01T18:57:48,ETH,1986.7914
2024-01-01T18:57:49,ETH,1986.9326
2024-01-01T18:57:50,ETH,1986.5216
2024-01-01T18:57:51,ETH,1988.0655
2024-01-01T18:57:52,ETH,1987.5979
2024-01-01T18:57:53,ETH,1986.8096
2024-01-01T18:57:54,ETH,1987.5819
2024-01-01T18:57:55,ETH,1987.6291
2024-01-01T18:57:56,ETH,1987.267
2024-01-01T18:57:57,ETH,1987.2543
2024-01-01T18:57:58,ETH,1986.9091
2024-01-01T18:57:59,ETH,1987.6274
2024-01-01T18:58:00,ETH,1986.507
2024-01-01T18:58:01,ETH,1986.2788
2024-01-01T18:58:02,ETH,1986.4237
2024-01-01T18:58:03,ETH,1987.4126
2024-01-01T18:58:04,ETH,1985.3614
2024-01-01T18:58:05,ETH,1985.4242
2024-01-01T18:58:06,ETH,1985.9683
2024-01-01T18:58:07,ETH,1984.5975
2024-01-01T18:58:08,ETH,1984.524
2024-01-01T18:58:09,ETH,1984.3228
2024-01-01T18:58:10,ETH,1982.748
2024-01-01T18:58:11,ETH,1982.342
2024-01-01T18:58:12,ETH,1982.3342
2024-01-01T18:58:13,ETH,1982.1784
2024-01-01T18:58:14,ETH,1982.5204
2024-01-01T18:58:15,ETH,1982.2305
2024-01-01T18:58:16,ETH,1980.4525
2024-01-01T18:58:17,ETH,1979.6432
2024-01-01T18:58:18,ETH,1979.747
2024-01-01T18:58:19,ETH,1979.4305
2024-01-01T18:58:20,ETH,1979.3667
2024-01-01T18:58:21,ETH,1978.7708
2024-01-01T18:58:22,ETH,1977.8693
2024-01-01T18:58:23,ETH,1978.021
2024-01-01T18:58:24,ETH,1979.0606
2024-01-01T18:58:25,ETH,1978.1727
2024-01-01T18:58:26,ETH,1978.0516
2024-01-01T18:58:27,ETH,1978.2273
2024-01-01T18:58:28,ETH,1978.7792
2024-01-01T18:58:29,ETH,1977.8622
2024-01-01T18:58:30,ETH,1978.9778
2024-01-01T18:58:31,ETH,1978.5229
2024-01-01T18:58:32,ETH,1977.6511
2024-01-01T18:58:33,ETH,1977.1177
2024-01-01T18:58:34,ETH,1977.6521
2024-01-01T18:58:35,ETH,1978.4262
2024-01-01T18:58:36,ETH,1980.4524
2024-01-01T18:58:37,ETH,1981.4953
2024-01-01T18:58:38,ETH,1981.7837
2024-01-01T18:58:39,ETH,1981.0381
2024-01-01T18:58:40,ETH,1980.2523
2024-01-01T18:58:41,ETH,1981.0291
2024-01-01T18:58:42,ETH,1980.5196
2024-01-01T18:58:43,ETH,1980.3095
2024-01-01T18:58:44,ETH,1979.6198
2024-01-01T18:58:45,ETH,1977.9003
2024-01-01T18:58:46,ETH,1977.6946
2024-01-01T18:58:47,ETH,1977.4298
2024-01-01T18:58:48,ETH,1977.2089
2024-01-01T18:58:49,ETH,1976.5669
2024-01-01T18:58:50,ETH,1977.5794
2024-01-01T18:58:51,ETH,1978.0633
2024-01-01T18:58:52,ETH,1976.0605
2024-01-01T18:58:53,ETH,1974.8594
2024-01-01T18:58:54,ETH,1972.2477
2024-01-01T18:58:55,ETH,1973.3228
2024-01-01T18:58:56,ETH,1974.0278
2024-01-01T18:58:57,ETH,1973.7783
2024-01-01T18:58:58,ETH,1973.9124
2024-01-01T18:58:59,ETH,1973.816
2024-01-01T18:59:00,ETH,1972.2996
2024-01-01T18:59:01,ETH,1972.9135
2024-01-01T18:59:02,ETH,1973.7921
2024-01-01T18:59:03,ETH,1973.954
2024-01-01T18:59:04,ETH,1974.5212
2024-01-01T18:59:05,ETH,1974.9857
2024-01-01T18:59:06,ETH,1976.5393
2024-01-01T18:59:07,ETH,1975.0564
2024-01-01T18:59:08,ETH,1973.1924
2024-01-01T18:59:09,ETH,1973.6332
2024-01-01T18:59:10,ETH,1974.8538
2024-01-01T18:59:11,ETH,1973.703
2024-01-01T18:59:12,ETH,1974.3229
2024-01-01T18:59:13,ETH,1975.1205
2024-01-01T18:59:14,ETH,1973.3646
2024-01-01T18:59:15,ETH,1972.7945
2024-01-01T18:59:16,ETH,1972.0164
2024-01-01T18:59:17,ETH,1972.2059
2024-01-01T18:59:18,ETH,1972.2794
2024-01-01T18:59:19,ETH,1973.7111
2024-01-01T18:59:20,ETH,1973.052
2024-01-01T18:59:21,ETH,1973.9373
2024-01-01T18:59:22,ETH,1974.7533
2024-01-01T18:59:23,ETH,1974.3088
2024-01-01T18:59:24,ETH,1975.6213
2024-01-01T18:59:25,ETH,1975.7321
2024-01-01T18:59:26,ETH,1974.9502
2024-01-01T18:59:27,ETH,1975.6696
2024-01-01T18:59:28,ETH,1974.297
2024-01-01T18:59:29,ETH,1974.5591
2024-01-01T18:59:30,ETH,1973.2749
2024-01-01T18:59:31,ETH,1973.9034
2024-01-01T18:59:32,ETH,1973.6945
2024-01-01T18:59:33,ETH,1972.7509
2024-01-01T18:59:34,ETH,1972.0205
2024-01-01T18:59:35,ETH,1973.0129
2024-01-01T18:59:36,ETH,1971.027
2024-01-01T18:59:37,ETH,1972.6593
2024-01-01T18:59:38,ETH,1971.921
2024-01-01T18:59:39,ETH,1971.5318
2024-01-01T18:59:40,ETH,1972.636
2024-01-01T18:59:41,ETH,1973.6531
2024-01-01T18:59:42,ETH,1973.0118
2024-01-01T18:59:43,ETH,1973.0342
2024-01-01T18:59:44,ETH,1973.5519
2024-01-01T18:59:45,ETH,1973.7876
2024-01-01T18:59:46,ETH,1972.6744
2024-01-01T18:59:47,ETH,1972.6663
2024-01-01T18:59:48,ETH,1971.1644
2024-01-01T18:59:49,ETH,1970.246
2024-01-01T18:59:50,ETH,1970.6538
2024-01-01T18:59:51,ETH,1969.369
2024-01-01T18:59:52,ETH,1968.7022
2024-01-01T18:59:53,ETH,1970.0463
2024-01-01T18:59:54,ETH,1970.5931
2024-01-01T18:59:55,ETH,1970.0975
2024-01-01T18:59:56,ETH,1969.9893
2024-01-01T18:59:57,ETH,1970.5085
2024-01-01T18:59:58,ETH,1971.7828
2024-01-01T18:59:59,ETH,1970.8524
2024-01-01T19:00:00,ETH,1970.603
2024-01-01T19:00:01,ETH,1970.7599
2024-01-01T19:00:02,ETH,1971.5335
2024-01-01T19:00:03,ETH,1971.21
2024-01-01T19:00:04,ETH,1972.534
2024-01-01T19:00:05,ETH,1972.5311
2024-01-01T19:00:06,ETH,1971.9916
2024-01-01T19:00:07,ETH,1973.4732
2024-01-01T19:00:08,ETH,1976.0819
2024-01-01T19:00:09,ETH,1974.2211
2024-01-01T19:00:10,ETH,1975.6099
2024-01-01T19:00:11,ETH,1975.6717
2024-01-01T19:00:12,ETH,1976.4302
2024-01-01T19:00:13,ETH,1977.2809
2024-01-01T19:00:14,ETH,1977.3593
2024-01-01T19:00:15,ETH,1979.9553
2024-01-01T19:00:16,ETH,1979.9551
2024-01-01T19:00:17,ETH,1980.2212
2024-01-01T19:00:18,ETH,1980.7232
2024-01-01T19:00:19,ETH,1983.1185
2024-01-01T19:00:20,ETH,1983.7191
2024-01-01T19:00:21,ETH,1983.9561
2024-01-01T19:00:22,ETH,1982.388
2024-01-01T19:00:23,ETH,1982.4305
2024-01-01T19:00:24,ETH,1983.4513
2024-01-01T19:00:25,ETH,1984.2198
2024-01-01T19:00:26,ETH,1984.9729
2024-01-01T19:00:27,ETH,1982.5792
2024-01-01T19:00:28,ETH,1983.0562
2024-01-01T19:00:29,ETH,1981.9118
2024-01-01T19:00:30,ETH,1981.1218
2024-01-01T19:00:31,ETH,1980.9524
2024-01-01T19:00:32,ETH,1981.1673
2024-01-01T19:00:33,ETH,1981.0054
2024-01-01T19:00:34,ETH,1981.4213
2024-01-01T19:00:35,ETH,1981.8374
2024-01-01T19:00:36,ETH,1982.074
2024-01-01T19:00:37,ETH,1980.8151
2024-01-01T19:00:38,ETH,1981.3693
2024-01-01T19:00:39,ETH,1982.9695
2024-01-01T19:00:40,ETH,1982.9657
2024-01-01T19:00:41,ETH,1982.0246
2024-01-01T19:00:42,ETH,1981.9117
2024-01-01T19:00:43,ETH,1982.3096
2024-01-01T19:00:44,ETH,1983.9996
2024-01-01T19:00:45,ETH,1982.4624
2024-01-01T19:00:46,ETH,1981.7837
2024-01-01T19:00:47,ETH,1981.1914
2024-01-01T19:00:48,ETH,1981.0973
2024-01-01T19:00:49,ETH,1980.1815
2024-01-01T19:00:50,ETH,1979.4993
2024-01-01T19:00:51,ETH,1980.1706
2024-01-01T19:00:52,ETH,1979.2166
2024-01-01T19:00:53,ETH,1979.2483
2024-01-01T19:00:54,ETH,1979.9596
2024-01-01T19:00:55,ETH,1980.0856
2024-01-01T19:00:56,ETH,1982.1163
2024-01-01T19:00:57,ETH,1981.938
2024-01-01T19:00:58,ETH,1983.0093
2024-01-01T19:00:59,ETH,1983.1272
2024-01-01T19:01:00,ETH,1983.938
2024-01-01T19:01:01,ETH,1984.1658
2024-01-01T19:01:02,ETH,1984.7265
2024-01-01T19:01:03,ETH,1983.3895
2024-01-01T19:01:04,ETH,1982.495
2024-01-01T19:01:05,ETH,1982.6409
2024-01-01T19:01:06,ETH,1983.4662
2024-01-01T19:01:07,ETH,1983.7326
2024-01-01T19:01:08,ETH,1985.1607
2024-01-01T19:01:09,ETH,1984.8527
2024-01-01T19:01:10,ETH,1984.187
2024-01-01T19:01:11,ETH,1984.681
2024-01-01T19:01:12,ETH,1985.642
2024-01-01T19:01:13,ETH,1985.269
2024-01-01T19:01:14,ETH,1984.9795
2024-01-01T19:01:15,ETH,1984.5455
2024-01-01T19:01:16,ETH,1984.6673
2024-01-01T19:01:17,ETH,1984.3629
2024-01-01T19:01:18,ETH,1984.4641
2024-01-01T19:01:19,ETH,1983.9006
2024-01-01T19:01:20,ETH,1984.5896
2024-01-01T19:01:21,ETH,1985.3881
2024-01-01T19:01:22,ETH,1985.7232
2024-01-01T19:01:23,ETH,1984.9767
2024-01-01T19:01:24,ETH,1983.7549
2024-01-01T19:01:25,ETH,1983.5879
2024-01-01T19:01:26,ETH,1984.1082
2024-01-01T19:01:27,ETH,1983.9504
2024-01-01T19:01:28,ETH,1982.43
2024-01-01T19:01:29,ETH,1982.0631
2024-01-01T19:01:30,ETH,1981.4181
2024-01-01T19:01:31,ETH,1982.6555
2024-01-01T19:01:32,ETH,1984.5256
2024-01-01T19:01:33,ETH,1984.1081
2024-01-01T19:01:34,ETH,1984.4355
2024-01-01T19:01:35,ETH,1985.2398
2024-01-01T19:01:36,ETH,1983.0098
2024-01-01T19:01:37,ETH,1984.1918
2024-01-01T19:01:38,ETH,1983.8558
2024-01-01T19:01:39,ETH,1984.2666
2024-01-01T19:01:40,ETH,1982.5337
2024-01-01T19:01:41,ETH,1981.706
2024-01-01T19:01:42,ETH,1981.8361
2024-01-01T19:01:43,ETH,1982.2044
2024-01-01T19:01:44,ETH,1981.2564
2024-01-01T19:01:45,ETH,1980.4451
2024-01-01T19:01:46,ETH,1980.4614
2024-01-01T19:01:47,ETH,1980.8601
2024-01-01T19:01:48,ETH,1981.7685
2024-01-01T19:01:49,ETH,1981.5658
2024-01-01T19:01:50,ETH,1981.8581
2024-01-01T19:01:51,ETH,1981.5117
2024-01-01T19:01:52,ETH,1980.8565
2024-01-01T19:01:53,ETH,1980.9417
2024-01-01T19:01:54,ETH,1978.6938
2024-01-01T19:01:55,ETH,1978.7275
2024-01-01T19:01:56,ETH,1979.1524
2024-01-01T19:01:57,ETH,1980.0129
2024-01-01T19:01:58,ETH,1980.1845
2024-01-01T19:01:59,ETH,1981.3531
2024-01-01T19:02:00,ETH,1980.4009
2024-01-01T20:56:00,ETH,1979.8364
2024-01-01T20:56:01,ETH,1978.9637
2024-01-01T20:56:02,ETH,1977.4297
2024-01-01T20:56:03,ETH,1976.91
2024-01-01T20:56:04,ETH,1976.6676
2024-01-01T20:56:05,ETH,1974.9974
2024-01-01T20:56:06,ETH,1974.6714
2024-01-01T20:56:07,ETH,1974.0465
2024-01-01T20:56:08,ETH,1973.6157
2024-01-01T20:56:09,ETH,1972.3319
2024-01-01T20:56:10,ETH,1971.2718
2024-01-01T20:56:11,ETH,1972.2093
2024-01-01T20:56:12,ETH,1970.9082
2024-01-01T20:56:13,ETH,1970.0385
2024-01-01T20:56:14,ETH,1970.7508
2024-01-01T20:56:15,ETH,1969.4365
2024-01-01T20:56:16,ETH,1968.401
2024-01-01T20:56:17,ETH,1968.647
2024-01-01T20:56:18,ETH,1969.0144
2024-01-01T20:56:19,ETH,1968.1091
2024-01-01T20:56:20,ETH,1967.8308
2024-01-01T20:56:21,ETH,1968.3418
2024-01-01T20:56:22,ETH,1967.9908
2024-01-01T20:56:23,ETH,1965.8025
2024-01-01T20:56:24,ETH,1965.7433
2024-01-01T20:56:25,ETH,1966.2766
2024-01-01T20:56:26,ETH,1966.2626
2024-01-01T20:56:27,ETH,1965.5163
2024-01-01T20:56:28,ETH,1965.1456
2024-01-01T20:56:29,ETH,1964.4092
2024-01-01T20:56:30,ETH,1963.6833
2024-01-01T20:56:31,ETH,1963.3953
2024-01-01T20:56:32,ETH,1963.2616
2024-01-01T20:56:33,ETH,1961.8903
2024-01-01T20:56:34,ETH,1961.5937
2024-01-01T20:56:35,ETH,1961.1989
2024-01-01T20:56:36,ETH,1959.8238
2024-01-01T20:56:37,ETH,1960.8963
2024-01-01T20:56:38,ETH,1960.5856
2024-01-01T20:56:39,ETH,1961.0428
2024-01-01T20:56:40,ETH,1960.653
2024-01-01T20:56:41,ETH,1961.6735
2024-01-01T20:56:42,ETH,1961.9196
2024-01-01T20:56:43,ETH,1962.6897
2024-01-01T20:56:44,ETH,1962.2731
2024-01-01T20:56:45,ETH,1962.7778
2024-01-01T20:56:46,ETH,1961.4332
2024-01-01T20:56:47,ETH,1961.3628
2024-01-01T20:56:48,ETH,1959.9079
2024-01-01T20:56:49,ETH,1960.1018
2024-01-01T20:56:50,ETH,1960.638
2024-01-01T20:56:51,ETH,1962.2372
2024-01-01T20:56:52,ETH,1962.0942
2024-01-01T20:56:53,ETH,1962.7275
2024-01-01T20:56:54,ETH,1960.9105
2024-01-01T20:56:55,ETH,1960.5471
2024-01-01T20:56:56,ETH,1960.3404
2024-01-01T20:56:57,ETH,1959.0049
2024-01-01T20:56:58,ETH,1957.9049
2024-01-01T20:56:59,ETH,1958.1513
2024-01-01T20:57:00,ETH,1958.2649
2024-01-01T20:57:01,ETH,1958.9224
2024-01-01T20:57:02,ETH,1959.0875
2024-01-01T20:57:03,ETH,1959.4133
2024-01-01T20:57:04,ETH,1959.7667
2024-01-01T20:57:05,ETH,1960.8903
2024-01-01T20:57:06,ETH,1961.8311
2024-01-01T20:57:07,ETH,1961.9876
2024-01-01T20:57:08,ETH,1960.7052
2024-01-01T20:57:09,ETH,1959.8083
2024-01-01T20:57:10,ETH,1960.4474
2024-01-01T20:57:11,ETH,1959.4063
2024-01-01T20:57:12,ETH,1959.025
2024-01-01T20:57:13,ETH,1958.5649
2024-01-01T20:57:14,ETH,1957.4676
2024-01-01T20:57:15,ETH,1958.0576
2024-01-01T20:57:16,ETH,1957.7201
2024-01-01T20:57:17,ETH,1957.5846
2024-01-01T20:57:18,ETH,1956.7168
2024-01-01T20:57:19,ETH,1956.5698
2024-01-01T20:57:20,ETH,1955.6086
2024-01-01T20:57:21,ETH,1953.9601
2024-01-01T20:57:22,ETH,1953.1594
2024-01-01T20:57:23,ETH,1953.3475
2024-01-01T20:57:24,ETH,1954.3303
2024-01-01T20:57:25,ETH,1952.4617
2024-01-01T20:57:26,ETH,1950.4531
2024-01-01T20:57:27,ETH,1949.3597
2024-01-01T20:57:28,ETH,1948.9639
2024-01-01T20:57:29,ETH,1948.7046
2024-01-01T20:57:30,ETH,1947.2512
2024-01-01T20:57:31,ETH,1946.9992
2024-01-01T20:57:32,ETH,1944.4725
2024-01-01T20:57:33,ETH,1944.3495
2024-01-01T20:57:34,ETH,1945.1006
2024-01-01T20:57:35,ETH,1943.0286
2024-01-01T20:57:36,ETH,1942.1043
2024-01-01T20:57:37,ETH,1941.1232
2024-01-01T20:57:38,ETH,1942.032
2024-01-01T20:57:39,ETH,1941.7999
2024-01-01T20:57:40,ETH,1940.544
2024-01-01T20:57:41,ETH,1940.3516
2024-01-01T20:57:42,ETH,1940.983
2024-01-01T20:57:43,ETH,1940.852
2024-01-01T20:57:44,ETH,1939.5433
2024-01-01T20:57:45,ETH,1939.7543
2024-01-01T20:57:46,ETH,1940.0218
2024-01-01T20:57:47,ETH,1939.4734
2024-01-01T20:57:48,ETH,1938.7622
2024-01-01T20:57:49,ETH,1939.402
2024-01-01T20:57:50,ETH,1938.3289
2024-01-01T20:57:51,ETH,1938.3478
2024-01-01T20:57:52,ETH,1937.9499
2024-01-01T20:57:53,ETH,1937.4586
2024-01-01T20:57:54,ETH,1938.502
2024-01-01T20:57:55,ETH,1938.5635
2024-01-01T20:57:56,ETH,1938.7916
2024-01-01T20:57:57,ETH,1938.8444
2024-01-01T20:57:58,ETH,1937.9147
2024-01-01T20:57:59,ETH,1937.6289
2024-01-01T20:58:00,ETH,1938.4179
2024-01-01T20:58:01,ETH,1937.9291
2024-01-01T20:58:02,ETH,1937.3923
2024-01-01T20:58:03,ETH,1936.2185
2024-01-01T20:58:04,ETH,1933.8532
2024-01-01T20:58:05,ETH,1932.2403
2024-01-01T20:58:06,ETH,1931.604
2024-01-01T20:58:07,ETH,1932.047
2024-01-01T20:58:08,ETH,1932.5888
2024-01-01T20:58:09,ETH,1932.7307
2024-01-01T20:58:10,ETH,1931.8701
2024-01-01T20:58:11,ETH,1929.691
2024-01-01T20:58:12,ETH,1929.2535
2024-01-01T20:58:13,ETH,1928.3657
2024-01-01T20:58:14,ETH,1926.5254
2024-01-01T20:58:15,ETH,1925.9175
2024-01-01T20:58:16,ETH,1926.9033
2024-01-01T20:58:17,ETH,1926.5159
2024-01-01T20:58:18,ETH,1925.9499
2024-01-01T20:58:19,ETH,1926.6556
2024-01-01T20:58:20,ETH,1926.7866
2024-01-01T20:58:21,ETH,1925.0977
2024-01-01T20:58:22,ETH,1923.6868
2024-01-01T20:58:23,ETH,1924.2689
2024-01-01T20:58:24,ETH,1922.4285
2024-01-01T20:58:25,ETH,1922.4679
2024-01-01T20:58:26,ETH,1921.8842
2024-01-01T20:58:27,ETH,1921.4967
2024-01-01T20:58:28,ETH,1922.1653
2024-01-01T20:58:29,ETH,1921.4965
2024-01-01T20:58:30,ETH,1921.6979
2024-01-01T20:58:31,ETH,1920.2197
2024-01-01T20:58:32,ETH,1919.1382
2024-01-01T20:58:33,ETH,1920.0026
2024-01-01T20:58:34,ETH,1919.1443
2024-01-01T20:58:35,ETH,1920.6881
2024-01-01T20:58:36,ETH,1919.6846
2024-01-01T20:58:37,ETH,1917.1011
2024-01-01T20:58:38,ETH,1915.3905
2024-01-01T20:58:39,ETH,1914.4534
2024-01-01T20:58:40,ETH,1914.0168
2024-01-01T20:58:41,ETH,1911.6035
2024-01-01T20:58:42,ETH,1911.6269
2024-01-01T20:58:43,ETH,1911.1511
2024-01-01T20:58:44,ETH,1910.2286
2024-01-01T20:58:45,ETH,1911.5991
2024-01-01T20:58:46,ETH,1911.3427
2024-01-01T20:58:47,ETH,1910.9197
2024-01-01T20:58:48,ETH,1908.5041
2024-01-01T20:58:49,ETH,1909.969
2024-01-01T20:58:50,ETH,1909.153
2024-01-01T20:58:51,ETH,1909.1716
2024-01-01T20:58:52,ETH,1908.6453
2024-01-01T20:58:53,ETH,1908.0578
2024-01-01T20:58:54,ETH,1908.1427
2024-01-01T20:58:55,ETH,1906.4543
2024-01-01T20:58:56,ETH,1907.4634
2024-01-01T20:58:57,ETH,1907.7377
2024-01-01T20:58:58,ETH,1907.5519
2024-01-01T20:58:59,ETH,1908.6836
2024-01-01T20:59:00,ETH,1907.207
2024-01-01T20:59:01,ETH,1906.746
2024-01-01T20:59:02,ETH,1907.346
2024-01-01T20:59:03,ETH,1907.5966
2024-01-01T20:59:04,ETH,1907.9112
2024-01-01T20:59:05,ETH,1906.2605
2024-01-01T20:59:06,ETH,1904.1049
2024-01-01T20:59:07,ETH,1904.0941
2024-01-01T20:59:08,ETH,1903.7239
2024-01-01T20:59:09,ETH,1902.6867
2024-01-01T20:59:10,ETH,1903.0914
2024-01-01T20:59:11,ETH,1902.207
2024-01-01T20:59:12,ETH,1901.8994
2024-01-01T20:59:13,ETH,1902.0045
2024-01-01T20:59:14,ETH,1903.0506
2024-01-01T20:59:15,ETH,1903.486
2024-01-01T20:59:16,ETH,1903.6936
2024-01-01T20:59:17,ETH,1902.988
2024-01-01T20:59:18,ETH,1903.6218
2024-01-01T20:59:19,ETH,1900.9462
2024-01-01T20:59:20,ETH,1899.508
2024-01-01T20:59:21,ETH,1899.0833
2024-01-01T20:59:22,ETH,1898.9608
2024-01-01T20:59:23,ETH,1898.0417
2024-01-01T20:59:24,ETH,1898.9387
2024-01-01T20:59:25,ETH,1898.8762
2024-01-01T20:59:26,ETH,1899.0069
2024-01-01T20:59:27,ETH,1898.5763
2024-01-01T20:59:28,ETH,1900.0159
2024-01-01T20:59:29,ETH,1900.4922
2024-01-01T20:59:30,ETH,1900.385
2024-01-01T20:59:31,ETH,1902.831
2024-01-01T20:59:32,ETH,1902.0496
2024-01-01T20:59:33,ETH,1902.0541
2024-01-01T20:59:34,ETH,1900.9133
2024-01-01T20:59:35,ETH,1899.1063
2024-01-01T20:59:36,ETH,1898.459
2024-01-01T20:59:37,ETH,1898.8337
2024-01-01T20:59:38,ETH,1896.8456
2024-01-01T20:59:39,ETH,1896.9246
2024-01-01T20:59:40,ETH,1895.5465
2024-01-01T20:59:41,ETH,1895.531
2024-01-01T20:59:42,ETH,1893.9403
2024-01-01T20:59:43,ETH,1894.0257
2024-01-01T20:59:44,ETH,1891.7503
2024-01-01T20:59:45,ETH,1892.0758
2024-01-01T20:59:46,ETH,1891.6281
2024-01-01T20:59:47,ETH,1890.19
2024-01-01T20:59:48,ETH,1889.2458
2024-01-01T20:59:49,ETH,1889.4321
2024-01-01T20:59:50,ETH,1889.072
2024-01-01T20:59:51,ETH,1887.2788
2024-01-01T20:59:52,ETH,1886.9789
2024-01-01T20:59:53,ETH,1885.9419
2024-01-01T20:59:54,ETH,1884.4486
2024-01-01T20:59:55,ETH,1884.5862
2024-01-01T20:59:56,ETH,1884.5208
2024-01-01T20:59:57,ETH,1881.9532
2024-01-01T20:59:58,ETH,1883.21
2024-01-01T20:59:59,ETH,1883.3792
2024-01-01T21:00:00,ETH,1883.1244
2024-01-01T21:00:01,ETH,1881.7117
2024-01-01T21:00:02,ETH,1881.2461
2024-01-01T21:00:03,ETH,1880.5828
2024-01-01T21:00:04,ETH,1881.1034
2024-01-01T21:00:05,ETH,1881.9232
2024-01-01T21:00:06,ETH,1882.9204
2024-01-01T21:00:07,ETH,1884.011
2024-01-01T21:00:08,ETH,1883.9768
2024-01-01T21:00:09,ETH,1883.6161
2024-01-01T21:00:10,ETH,1882.5069
2024-01-01T21:00:11,ETH,1881.3534
2024-01-01T21:00:12,ETH,1879.1328
2024-01-01T21:00:13,ETH,1878.3144
2024-01-01T21:00:14,ETH,1877.4056
2024-01-01T21:00:15,ETH,1876.2071
2024-01-01T21:00:16,ETH,1874.7371
2024-01-01T21:00:17,ETH,1874.4916
2024-01-01T21:00:18,ETH,1874.6504
2024-01-01T21:00:19,ETH,1874.762
2024-01-01T21:00:20,ETH,1875.6606
2024-01-01T21:00:21,ETH,1873.6239
2024-01-01T21:00:22,ETH,1874.3701
2024-01-01T21:00:23,ETH,1875.0282
2024-01-01T21:00:24,ETH,1874.7688
2024-01-01T21:00:25,ETH,1873.9662
2024-01-01T21:00:26,ETH,1871.6759
2024-01-01T21:00:27,ETH,1871.4376
2024-01-01T21:00:28,ETH,1871.4305
2024-01-01T21:00:29,ETH,1870.4068
2024-01-01T21:00:30,ETH,1870.0742
2024-01-01T21:00:31,ETH,1869.6507
2024-01-01T21:00:32,ETH,1868.58
2024-01-01T21:00:33,ETH,1870.1429
2024-01-01T21:00:34,ETH,1867.2259
2024-01-01T21:00:35,ETH,1865.5522
2024-01-01T21:00:36,ETH,1866.0517
2024-01-01T21:00:37,ETH,1866.1549
2024-01-01T21:00:38,ETH,1864.9891
2024-01-01T21:00:39,ETH,1866.8216
2024-01-01T21:00:40,ETH,1865.4127
2024-01-01T21:00:41,ETH,1865.2555
2024-01-01T21:00:42,ETH,1864.031
2024-01-01T21:00:43,ETH,1863.4003
2024-01-01T21:00:44,ETH,1863.2716
2024-01-01T21:00:45,ETH,1862.2181
2024-01-01T21:00:46,ETH,1861.675
2024-01-01T21:00:47,ETH,1861.5482
2024-01-01T21:00:48,ETH,1861.8226
2024-01-01T21:00:49,ETH,1860.8451
2024-01-01T21:00:50,ETH,1860.4268
2024-01-01T21:00:51,ETH,1861.657
2024-01-01T21:00:52,ETH,1863.4245
2024-01-01T21:00:53,ETH,1860.834
2024-01-01T21:00:54,ETH,1859.8273
2024-01-01T21:00:55,ETH,1859.6937
2024-01-01T21:00:56,ETH,1859.5534
2024-01-01T21:00:57,ETH,1857.3937
2024-01-01T21:00:58,ETH,1856.2571
2024-01-01T21:00:59,ETH,1856.551
2024-01-01T21:01:00,ETH,1859.2112
2024-01-01T21:01:01,ETH,1859.8381
2024-01-01T21:01:02,ETH,1860.3888
2024-01-01T21:01:03,ETH,1859.4773
2024-01-01T21:01:04,ETH,1858.2399
2024-01-01T21:01:05,ETH,1858.0214
2024-01-01T21:01:06,ETH,1859.0614
2024-01-01T21:01:07,ETH,1857.6925
2024-01-01T21:01:08,ETH,1856.9781
2024-01-01T21:01:09,ETH,1856.1568
2024-01-01T21:01:10,ETH,1855.5765
2024-01-01T21:01:11,ETH,1855.6342
2024-01-01T21:01:12,ETH,1855.3016
2024-01-01T21:01:13,ETH,1854.0007
2024-01-01T21:01:14,ETH,1852.9131
2024-01-01T21:01:15,ETH,1852.3913
2024-01-01T21:01:16,ETH,1851.5229
2024-01-01T21:01:17,ETH,1851.6171
2024-01-01T21:01:18,ETH,1852.1848
2024-01-01T21:01:19,ETH,1854.0466
2024-01-01T21:01:20,ETH,1854.1394
2024-01-01T21:01:21,ETH,1852.2948
2024-01-01T21:01:22,ETH,1852.9387
2024-01-01T21:01:23,ETH,1851.4691
2024-01-01T21:01:24,ETH,1850.5087
2024-01-01T21:01:25,ETH,1850.8873
2024-01-01T21:01:26,ETH,1850.3128
2024-01-01T21:01:27,ETH,1849.5622
2024-01-01T21:01:28,ETH,1847.144
2024-01-01T21:01:29,ETH,1846.3225
2024-01-01T21:01:30,ETH,1845.5398
2024-01-01T21:01:31,ETH,1844.4976
2024-01-01T21:01:32,ETH,1843.769
2024-01-01T21:01:33,ETH,1842.3057
2024-01-01T21:01:34,ETH,1840.6319
2024-01-01T21:01:35,ETH,1839.5661
2024-01-01T21:01:36,ETH,1839.6254
2024-01-01T21:01:37,ETH,1837.3249
2024-01-01T21:01:38,ETH,1837.5232
2024-01-01T21:01:39,ETH,1837.6908
2024-01-01T21:01:40,ETH,1838.408
2024-01-01T21:01:41,ETH,1837.504
2024-01-01T21:01:42,ETH,1837.0898
2024-01-01T21:01:43,ETH,1837.8303
2024-01-01T21:01:44,ETH,1836.6811
2024-01-01T21:01:45,ETH,1834.7558
2024-01-01T21:01:46,ETH,1834.3753
2024-01-01T21:01:47,ETH,1833.5516
2024-01-01T21:01:48,ETH,1833.3101
2024-01-01T21:01:49,ETH,1832.0492
2024-01-01T21:01:50,ETH,1831.2109
2024-01-01T21:01:51,ETH,1831.1772
2024-01-01T21:01:52,ETH,1830.8868
2024-01-01T21:01:53,ETH,1830.3866
2024-01-01T21:01:54,ETH,1827.9777
2024-01-01T21:01:55,ETH,1826.6852
2024-01-01T21:01:56,ETH,1825.2255
2024-01-01T21:01:57,ETH,1827.3174
2024-01-01T21:01:58,ETH,1826.7019
2024-01-01T21:01:59,ETH,1825.6739
2024-01-01T21:02:00,ETH,1825.7088
2024-01-01T21:52:00,ETH,1824.5371
2024-01-01T21:52:01,ETH,1825.1605
2024-01-01T21:52:02,ETH,1826.7536
2024-01-01T21:52:03,ETH,1828.0066
2024-01-01T21:52:04,ETH,1827.7297
2024-01-01T21:52:05,ETH,1829.7529
2024-01-01T21:52:06,ETH,1831.6864
2024-01-01T21:52:07,ETH,1830.2467
2024-01-01T21:52:08,ETH,1830.6143
2024-01-01T21:52:09,ETH,1830.4505
2024-01-01T21:52:10,ETH,1830.0294
2024-01-01T21:52:11,ETH,1829.808
2024-01-01T21:52:12,ETH,1829.3393
2024-01-01T21:52:13,ETH,1830.8343
2024-01-01T21:52:14,ETH,1831.2713
2024-01-01T21:52:15,ETH,1831.7605
2024-01-01T21:52:16,ETH,1833.4209
2024-01-01T21:52:17,ETH,1833.4718
2024-01-01T21:52:18,ETH,1834.049
2024-01-01T21:52:19,ETH,1833.5201
2024-01-01T21:52:20,ETH,1834.1152
2024-01-01T21:52:21,ETH,1836.4971
2024-01-01T21:52:22,ETH,1837.39
2024-01-01T21:52:23,ETH,1837.2615
2024-01-01T21:52:24,ETH,1837.2006
2024-01-01T21:52:25,ETH,1837.3518
2024-01-01T21:52:26,ETH,1838.3731
2024-01-01T21:52:27,ETH,1838.0773
2024-01-01T21:52:28,ETH,1838.6119
2024-01-01T21:52:29,ETH,1838.9893
2024-01-01T21:52:30,ETH,1840.258
2024-01-01T21:52:31,ETH,1840.2088
2024-01-01T21:52:32,ETH,1842.0863
2024-01-01T21:52:33,ETH,1842.9254
2024-01-01T21:52:34,ETH,1842.3412
2024-01-01T21:52:35,ETH,1841.679
2024-01-01T21:52:36,ETH,1841.3652
2024-01-01T21:52:37,ETH,1841.1373
2024-01-01T21:52:38,ETH,1840.6718
2024-01-01T21:52:39,ETH,1841.8845
2024-01-01T21:52:40,ETH,1842.9975
2024-01-01T21:52:41,ETH,1843.2336
2024-01-01T21:52:42,ETH,1843.9536
2024-01-01T21:52:43,ETH,1844.3222
2024-01-01T21:52:44,ETH,1845.5487
2024-01-01T21:52:45,ETH,1845.8996
2024-01-01T21:52:46,ETH,1845.4042
2024-01-01T21:52:47,ETH,1846.793
2024-01-01T21:52:48,ETH,1847.3864
2024-01-01T21:52:49,ETH,1848.7041
2024-01-01T21:52:50,ETH,1847.7321
2024-01-01T21:52:51,ETH,1848.6981
2024-01-01T21:52:52,ETH,1850.3845
2024-01-01T21:52:53,ETH,1849.839
2024-01-01T21:52:54,ETH,1850.3523
2024-01-01T21:52:55,ETH,1850.2174
2024-01-01T21:52:56,ETH,1851.9494
2024-01-01T21:52:57,ETH,1851.2147
2024-01-01T21:52:58,ETH,1850.6662
2024-01-01T21:52:59,ETH,1851.2828
2024-01-01T21:53:00,ETH,1850.7466
2024-01-01T21:53:01,ETH,1850.4667
2024-01-01T21:53:02,ETH,1851.9393
2024-01-01T21:53:03,ETH,1850.8263
2024-01-01T21:53:04,ETH,1850.8162
2024-01-01T21:53:05,ETH,1852.9318
2024-01-01T21:53:06,ETH,1854.2871
2024-01-01T21:53:07,ETH,1853.388
2024-01-01T21:53:08,ETH,1854.1016
2024-01-01T21:53:09,ETH,1854.8919
2024-01-01T21:53:10,ETH,1856.1588
2024-01-01T21:53:11,ETH,1856.7529
2024-01-01T21:53:12,ETH,1856.9441
2024-01-01T21:53:13,ETH,1857.0338
2024-01-01T21:53:14,ETH,1858.2365
2024-01-01T21:53:15,ETH,1857.373
2024-01-01T21:53:16,ETH,1858.1324
2024-01-01T21:53:17,ETH,1856.4522
2024-01-01T21:53:18,ETH,1856.066
2024-01-01T21:53:19,ETH,1856.5554
2024-01-01T21:53:20,ETH,1858.2497
2024-01-01T21:53:21,ETH,1857.135
2024-01-01T21:53:22,ETH,1857.5307
2024-01-01T21:53:23,ETH,1858.0262
2024-01-01T21:53:24,ETH,1858.5372
2024-01-01T21:53:25,ETH,1858.6122
2024-01-01T21:53:26,ETH,1859.9878
2024-01-01T21:53:27,ETH,1859.8031
2024-01-01T21:53:28,ETH,1860.8091
2024-01-01T21:53:29,ETH,1860.8336
2024-01-01T21:53:30,ETH,1860.8349
2024-01-01T21:53:31,ETH,1862.0167
2024-01-01T21:53:32,ETH,1862.7121
2024-01-01T21:53:33,ETH,1862.949
2024-01-01T21:53:34,ETH,1864.2878
2024-01-01T21:53:35,ETH,1864.7706
2024-01-01T21:53:36,ETH,1864.2125
2024-01-01T21:53:37,ETH,1863.6447
2024-01-01T21:53:38,ETH,1863.809
2024-01-01T21:53:39,ETH,1864.6711
2024-01-01T21:53:40,ETH,1863.6037
2024-01-01T21:53:41,ETH,1863.8621
2024-01-01T21:53:42,ETH,1864.2638
2024-01-01T21:53:43,ETH,1864.5385
2024-01-01T21:53:44,ETH,1866.0237
2024-01-01T21:53:45,ETH,1865.3471
2024-01-01T21:53:46,ETH,1867.1832
2024-01-01T21:53:47,ETH,1868.1337
2024-01-01T21:53:48,ETH,1868.7389
2024-01-01T21:53:49,ETH,1870.2084
2024-01-01T21:53:50,ETH,1869.9425
2024-01-01T21:53:51,ETH,1869.803
2024-01-01T21:53:52,ETH,1869.8584
2024-01-01T21:53:53,ETH,1868.7689
2024-01-01T21:53:54,ETH,1868.8393
2024-01-01T21:53:55,ETH,1868.7435
2024-01-01T21:53:56,ETH,1868.4469
2024-01-01T21:53:57,ETH,1867.1655
2024-01-01T21:53:58,ETH,1867.0052
2024-01-01T21:53:59,ETH,1866.8565
2024-01-01T21:54:00,ETH,1866.8022
2024-01-01T21:54:01,ETH,1867.0595
2024-01-01T21:54:02,ETH,1866.7542
2024-01-01T21:54:03,ETH,1866.7731
2024-01-01T21:54:04,ETH,1867.1284
2024-01-01T21:54:05,ETH,1867.8476
2024-01-01T21:54:06,ETH,1869.6126
2024-01-01T21:54:07,ETH,1870.6573
2024-01-01T21:54:08,ETH,1872.0044
2024-01-01T21:54:09,ETH,1873.6286
2024-01-01T21:54:10,ETH,1873.601
2024-01-01T21:54:11,ETH,1872.9295
2024-01-01T21:54:12,ETH,1872.2744
2024-01-01T21:54:13,ETH,1873.1833
2024-01-01T21:54:14,ETH,1874.0643
2024-01-01T21:54:15,ETH,1875.7164
2024-01-01T21:54:16,ETH,1876.1204
2024-01-01T21:54:17,ETH,1875.029
2024-01-01T21:54:18,ETH,1875.7762
2024-01-01T21:54:19,ETH,1876.2054
2024-01-01T21:54:20,ETH,1876.8825
2024-01-01T21:54:21,ETH,1877.4947
2024-01-01T21:54:22,ETH,1877.6731
2024-01-01T21:54:23,ETH,1878.686
2024-01-01T21:54:24,ETH,1879.0425
2024-01-01T21:54:25,ETH,1879.9088
2024-01-01T21:54:26,ETH,1879.6411
2024-01-01T21:54:27,ETH,1878.5542
2024-01-01T21:54:28,ETH,1879.771
2024-01-01T21:54:29,ETH,1878.7371
2024-01-01T21:54:30,ETH,1879.887
2024-01-01T21:54:31,ETH,1879.4676
2024-01-01T21:54:32,ETH,1879.7966
2024-01-01T21:54:33,ETH,1878.7957
2024-01-01T21:54:34,ETH,1877.6991
2024-01-01T21:54:35,ETH,1877.8796
2024-01-01T21:54:36,ETH,1878.3075
2024-01-01T21:54:37,ETH,1876.9905
2024-01-01T21:54:38,ETH,1876.9559
2024-01-01T21:54:39,ETH,1876.2742
2024-01-01T21:54:40,ETH,1874.057
2024-01-01T21:54:41,ETH,1873.6222
2024-01-01T21:54:42,ETH,1873.7057
2024-01-01T21:54:43,ETH,1874.3334
2024-01-01T21:54:44,ETH,1873.771
2024-01-01T21:54:45,ETH,1873.3653
2024-01-01T21:54:46,ETH,1874.5739
2024-01-01T21:54:47,ETH,1876.6141
2024-01-01T21:54:48,ETH,1875.3064
2024-01-01T21:54:49,ETH,1876.2553
2024-01-01T21:54:50,ETH,1876.7797
2024-01-01T21:54:51,ETH,1878.0078
2024-01-01T21:54:52,ETH,1877.834
2024-01-01T21:54:53,ETH,1878.6496
2024-01-01T21:54:54,ETH,1878.5872
2024-01-01T21:54:55,ETH,1878.8564
2024-01-01T21:54:56,ETH,1879.2325
2024-01-01T21:54:57,ETH,1879.6115
2024-01-01T21:54:58,ETH,1879.5434
2024-01-01T21:54:59,ETH,1878.6981
2024-01-01T21:55:00,ETH,1879.8683
2024-01-01T21:55:01,ETH,1881.4529
2024-01-01T21:55:02,ETH,1880.6712
2024-01-01T21:55:03,ETH,1879.8226
2024-01-01T21:55:04,ETH,1881.9598
2024-01-01T21:55:05,ETH,1881.1105
2024-01-01T21:55:06,ETH,1881.6886
2024-01-01T21:55:07,ETH,1880.7981
2024-01-01T21:55:08,ETH,1882.5485
2024-01-01T21:55:09,ETH,1883.2133
2024-01-01T21:55:10,ETH,1882.3362
2024-01-01T21:55:11,ETH,1883.9795
2024-01-01T21:55:12,ETH,1885.8808
2024-01-01T21:55:13,ETH,1886.4436
2024-01-01T21:55:14,ETH,1887.9097
2024-01-01T21:55:15,ETH,1888.2646
2024-01-01T21:55:16,ETH,1888.1527
2024-01-01T21:55:17,ETH,1887.7709
2024-01-01T21:55:18,ETH,1887.8314
2024-01-01T21:55:19,ETH,1890.2104
2024-01-01T21:55:20,ETH,1890.5141
2024-01-01T21:55:21,ETH,1892.9221
2024-01-01T21:55:22,ETH,1890.6845
2024-01-01T21:55:23,ETH,1890.6713
2024-01-01T21:55:24,ETH,1888.3482
2024-01-01T21:55:25,ETH,1887.6482
2024-01-01T21:55:26,ETH,1889.2966
2024-01-01T21:55:27,ETH,1889.9938
2024-01-01T21:55:28,ETH,1890.4507
2024-01-01T21:55:29,ETH,1890.9628
2024-01-01T21:55:30,ETH,1890.8013
2024-01-01T21:55:31,ETH,1890.1113
2024-01-01T21:55:32,ETH,1891.8078
2024-01-01T21:55:33,ETH,1892.323
2024-01-01T21:55:34,ETH,1891.1046
2024-01-01T21:55:35,ETH,1890.5867
2024-01-01T21:55:36,ETH,1890.0215
2024-01-01T21:55:37,ETH,1891.084
2024-01-01T21:55:38,ETH,1891.9859
2024-01-01T21:55:39,ETH,1892.5868
2024-01-01T21:55:40,ETH,1892.7865
2024-01-01T21:55:41,ETH,1892.3932
2024-01-01T21:55:42,ETH,1891.9761
2024-01-01T21:55:43,ETH,1892.1552
2024-01-01T21:55:44,ETH,1892.9102
2024-01-01T21:55:45,ETH,1893.1807
2024-01-01T21:55:46,ETH,1893.6229
2024-01-01T21:55:47,ETH,1893.3524
2024-01-01T21:55:48,ETH,1894.1747
2024-01-01T21:55:49,ETH,1895.2801
2024-01-01T21:55:50,ETH,1894.254
2024-01-01T21:55:51,ETH,1895.1503
2024-01-01T21:55:52,ETH,1896.2067
2024-01-01T21:55:53,ETH,1894.7284
2024-01-01T21:55:54,ETH,1893.498
2024-01-01T21:55:55,ETH,1894.5415
2024-01-01T21:55:56,ETH,1895.1862
2024-01-01T21:55:57,ETH,1896.2675
2024-01-01T21:55:58,ETH,1896.9974
2024-01-01T21:55:59,ETH,1896.7253
2024-01-01T21:56:00,ETH,1896.4979
2024-01-01T21:56:01,ETH,1895.5834
2024-01-01T21:56:02,ETH,1896.075
2024-01-01T21:56:03,ETH,1896.2871
2024-01-01T21:56:04,ETH,1897.9529
2024-01-01T21:56:05,ETH,1897.014
2024-01-01T21:56:06,ETH,1897.8982
2024-01-01T21:56:07,ETH,1899.3179
2024-01-01T21:56:08,ETH,1899.2189
2024-01-01T21:56:09,ETH,1899.2347
2024-01-01T21:56:10,ETH,1898.7814
2024-01-01T21:56:11,ETH,1898.3031
2024-01-01T21:56:12,ETH,1898.8703
2024-01-01T21:56:13,ETH,1896.6614
2024-01-01T21:56:14,ETH,1895.2886
2024-01-01T21:56:15,ETH,1897.6828
2024-01-01T21:56:16,ETH,1897.1897
2024-01-01T21:56:17,ETH,1896.7557
2024-01-01T21:56:18,ETH,1896.1372
2024-01-01T21:56:19,ETH,1897.5919
2024-01-01T21:56:20,ETH,1897.681
2024-01-01T21:56:21,ETH,1899.0293
2024-01-01T21:56:22,ETH,1900.5035
2024-01-01T21:56:23,ETH,1898.7526
2024-01-01T21:56:24,ETH,1899.2026
2024-01-01T21:56:25,ETH,1899.1997
2024-01-01T21:56:26,ETH,1898.7531
2024-01-01T21:56:27,ETH,1899.2938
2024-01-01T21:56:28,ETH,1899.602
2024-01-01T21:56:29,ETH,1900.4733
2024-01-01T21:56:30,ETH,1898.8684
2024-01-01T21:56:31,ETH,1899.525
2024-01-01T21:56:32,ETH,1900.6678
2024-01-01T21:56:33,ETH,1901.0297
2024-01-01T21:56:34,ETH,1900.4364
2024-01-01T21:56:35,ETH,1900.8736
2024-01-01T21:56:36,ETH,1901.8431
2024-01-01T21:56:37,ETH,1903.5115
2024-01-01T21:56:38,ETH,1902.95
2024-01-01T21:56:39,ETH,1903.1799
2024-01-01T21:56:40,ETH,1903.3279
2024-01-01T21:56:41,ETH,1903.2182
2024-01-01T21:56:42,ETH,1903.1301
2024-01-01T21:56:43,ETH,1904.0571
2024-01-01T21:56:44,ETH,1906.2012
2024-01-01T21:56:45,ETH,1905.9443
2024-01-01T21:56:46,ETH,1906.3906
2024-01-01T21:56:47,ETH,1906.7272
2024-01-01T21:56:48,ETH,1906.8655
2024-01-01T21:56:49,ETH,1905.4189
2024-01-01T21:56:50,ETH,1904.6984
2024-01-01T21:56:51,ETH,1904.903
2024-01-01T21:56:52,ETH,1905.9418
2024-01-01T21:56:53,ETH,1907.0488
2024-01-01T21:56:54,ETH,1906.9516
2024-01-01T21:56:55,ETH,1909.4079
2024-01-01T21:56:56,ETH,1909.2018
2024-01-01T21:56:57,ETH,1910.3624
2024-01-01T21:56:58,ETH,1909.8959
2024-01-01T21:56:59,ETH,1910.2609
2024-01-01T21:57:00,ETH,1910.0589
2024-01-01T21:57:01,ETH,1911.1791
2024-01-01T21:57:02,ETH,1911.9748
2024-01-01T21:57:03,ETH,1911.9988
2024-01-01T21:57:04,ETH,1913.6889
2024-01-01T21:57:05,ETH,1914.5547
2024-01-01T21:57:06,ETH,1914.9684
2024-01-01T21:57:07,ETH,1916.8406
2024-01-01T21:57:08,ETH,1916.8965
2024-01-01T21:57:09,ETH,1919.0406
2024-01-01T21:57:10,ETH,1918.2781
2024-01-01T21:57:11,ETH,1918.8089
2024-01-01T21:57:12,ETH,1920.2809
2024-01-01T21:57:13,ETH,1919.526
2024-01-01T21:57:14,ETH,1921.047
2024-01-01T21:57:15,ETH,1919.6983
2024-01-01T21:57:16,ETH,1920.5773
2024-01-01T21:57:17,ETH,1921.5388
2024-01-01T21:57:18,ETH,1922.4211
2024-01-01T21:57:19,ETH,1922.6559
2024-01-01T21:57:20,ETH,1923.083
2024-01-01T21:57:21,ETH,1923.2554
2024-01-01T21:57:22,ETH,1922.0125
2024-01-01T21:57:23,ETH,1922.8833
2024-01-01T21:57:24,ETH,1923.785
2024-01-01T21:57:25,ETH,1924.1627
2024-01-01T21:57:26,ETH,1924.0698
2024-01-01T21:57:27,ETH,1925.4325
2024-01-01T21:57:28,ETH,1926.6452
2024-01-01T21:57:29,ETH,1928.8533
2024-01-01T21:57:30,ETH,1928.7455
2024-01-01T21:57:31,ETH,1927.6281
2024-01-01T21:57:32,ETH,1927.3867
2024-01-01T21:57:33,ETH,1927.7177
2024-01-01T21:57:34,ETH,1928.5331
2024-01-01T21:57:35,ETH,1928.4031
2024-01-01T21:57:36,ETH,1928.689
2024-01-01T21:57:37,ETH,1930.2362
2024-01-01T21:57:38,ETH,1929.8786
2024-01-01T21:57:39,ETH,1930.21
2024-01-01T21:57:40,ETH,1931.3169
2024-01-01T21:57:41,ETH,1932.4374
2024-01-01T21:57:42,ETH,1933.0957
2024-01-01T21:57:43,ETH,1932.8853
2024-01-01T21:57:44,ETH,1934.1932
2024-01-01T21:57:45,ETH,1934.2726
2024-01-01T21:57:46,ETH,1933.4307
2024-01-01T21:57:47,ETH,1933.7832
2024-01-01T21:57:48,ETH,1932.4534
2024-01-01T21:57:49,ETH,1934.476
2024-01-01T21:57:50,ETH,1934.9295
2024-01-01T21:57:51,ETH,1937.8184
2024-01-01T21:57:52,ETH,1937.4617
2024-01-01T21:57:53,ETH,1936.245
2024-01-01T21:57:54,ETH,1936.3439
2024-01-01T21:57:55,ETH,1937.217
2024-01-01T21:57:56,ETH,1938.7275
2024-01-01T21:57:57,ETH,1938.7559
2024-01-01T21:57:58,ETH,1938.66
2024-01-01T21:57:59,ETH,1939.9038
2024-01-01T21:58:00,ETH,1939.5439
2024-01-01T22:54:00,ETH,1939.6974
2024-01-01T22:54:01,ETH,1939.2503
2024-01-01T22:54:02,ETH,1939.8662
2024-01-01T22:54:03,ETH,1940.4368
2024-01-01T22:54:04,ETH,1940.9107
2024-01-01T22:54:05,ETH,1940.7268
2024-01-01T22:54:06,ETH,1938.658
2024-01-01T22:54:07,ETH,1938.9105
2024-01-01T22:54:08,ETH,1939.0239
2024-01-01T22:54:09,ETH,1940.0251
2024-01-01T22:54:10,ETH,1940.8299
2024-01-01T22:54:11,ETH,1940.9385
2024-01-01T22:54:12,ETH,1941.0606
2024-01-01T22:54:13,ETH,1942.4607
2024-01-01T22:54:14,ETH,1943.1413
2024-01-01T22:54:15,ETH,1943.1807
2024-01-01T22:54:16,ETH,1943.9301
2024-01-01T22:54:17,ETH,1943.9434
2024-01-01T22:54:18,ETH,1943.7993
2024-01-01T22:54:19,ETH,1944.3872
2024-01-01T22:54:20,ETH,1944.6607
2024-01-01T22:54:21,ETH,1946.4624
2024-01-01T22:54:22,ETH,1945.5226
2024-01-01T22:54:23,ETH,1944.0627
2024-01-01T22:54:24,ETH,1945.0394
2024-01-01T22:54:25,ETH,1944.6316
2024-01-01T22:54:26,ETH,1944.5979
2024-01-01T22:54:27,ETH,1944.4109
2024-01-01T22:54:28,ETH,1944.4285
2024-01-01T22:54:29,ETH,1943.0289
2024-01-01T22:54:30,ETH,1942.6805
2024-01-01T22:54:31,ETH,1942.7629
2024-01-01T22:54:32,ETH,1943.1086
2024-01-01T22:54:33,ETH,1943.3241
2024-01-01T22:54:34,ETH,1943.777
2024-01-01T22:54:35,ETH,1944.3065
2024-01-01T22:54:36,ETH,1942.9586
2024-01-01T22:54:37,ETH,1944.2021
2024-01-01T22:54:38,ETH,1942.2162
2024-01-01T22:54:39,ETH,1942.626
2024-01-01T22:54:40,ETH,1941.564
2024-01-01T22:54:41,ETH,1941.3228
2024-01-01T22:54:42,ETH,1940.2014
2024-01-01T22:54:43,ETH,1940.7012
2024-01-01T22:54:44,ETH,1939.6182
2024-01-01T22:54:45,ETH,1939.0646
2024-01-01T22:54:46,ETH,1939.7304
2024-01-01T22:54:47,ETH,1938.2594
2024-01-01T22:54:48,ETH,1938.7755
2024-01-01T22:54:49,ETH,1938.4372
2024-01-01T22:54:50,ETH,1937.9575
2024-01-01T22:54:51,ETH,1936.8449
2024-01-01T22:54:52,ETH,1937.7634
2024-01-01T22:54:53,ETH,1938.7643
2024-01-01T22:54:54,ETH,1939.2228
2024-01-01T22:54:55,ETH,1937.5406
2024-01-01T22:54:56,ETH,1937.7455
2024-01-01T22:54:57,ETH,1937.3417
2024-01-01T22:54:58,ETH,1936.7236
2024-01-01T22:54:59,ETH,1937.6641
2024-01-01T22:55:00,ETH,1937.0513
2024-01-01T22:55:01,ETH,1937.0418
2024-01-01T22:55:02,ETH,1937.0928
2024-01-01T22:55:03,ETH,1936.8956
2024-01-01T22:55:04,ETH,1938.3528
2024-01-01T22:55:05,ETH,1938.4297
2024-01-01T22:55:06,ETH,1939.6381
2024-01-01T22:55:07,ETH,1937.4241
2024-01-01T22:55:08,ETH,1936.2474
2024-01-01T22:55:09,ETH,1935.7055
2024-01-01T22:55:10,ETH,1936.6164
2024-01-01T22:55:11,ETH,1936.9548
2024-01-01T22:55:12,ETH,1937.4123
2024-01-01T22:55:13,ETH,1938.4694
2024-01-01T22:55:14,ETH,1937.8627
2024-01-01T22:55:15,ETH,1939.371
2024-01-01T22:55:16,ETH,1938.6712
2024-01-01T22:55:17,ETH,1940.066
2024-01-01T22:55:18,ETH,1941.7148
2024-01-01T22:55:19,ETH,1941.8381
2024-01-01T22:55:20,ETH,1940.8735
2024-01-01T22:55:21,ETH,1941.3451
2024-01-01T22:55:22,ETH,1939.4961
2024-01-01T22:55:23,ETH,1938.5001
2024-01-01T22:55:24,ETH,1939.7876
2024-01-01T22:55:25,ETH,1940.1727
2024-01-01T22:55:26,ETH,1939.7241
2024-01-01T22:55:27,ETH,1939.4072
2024-01-01T22:55:28,ETH,1939.646
2024-01-01T22:55:29,ETH,1938.6013
2024-01-01T22:55:30,ETH,1938.8768
2024-01-01T22:55:31,ETH,1939.3312
2024-01-01T22:55:32,ETH,1939.1753
2024-01-01T22:55:33,ETH,1938.0737
2024-01-01T22:55:34,ETH,1936.1626
2024-01-01T22:55:35,ETH,1936.6581
2024-01-01T22:55:36,ETH,1936.9308
2024-01-01T22:55:37,ETH,1937.4415
2024-01-01T22:55:38,ETH,1937.8635
2024-01-01T22:55:39,ETH,1937.8545
2024-01-01T22:55:40,ETH,1937.2168
2024-01-01T22:55:41,ETH,1936.1215
2024-01-01T22:55:42,ETH,1935.3255
2024-01-01T22:55:43,ETH,1934.9255
2024-01-01T22:55:44,ETH,1933.7461
2024-01-01T22:55:45,ETH,1934.4424
2024-01-01T22:55:46,ETH,1935.0472
2024-01-01T22:55:47,ETH,1936.0955
2024-01-01T22:55:48,ETH,1936.3782
2024-01-01T22:55:49,ETH,1936.1765
2024-01-01T22:55:50,ETH,1936.6046
2024-01-01T22:55:51,ETH,1936.747
2024-01-01T22:55:52,ETH,1937.286
2024-01-01T22:55:53,ETH,1936.9073
2024-01-01T22:55:54,ETH,1936.1433
2024-01-01T22:55:55,ETH,1936.1131
2024-01-01T22:55:56,ETH,1935.0253
2024-01-01T22:55:57,ETH,1935.4728
2024-01-01T22:55:58,ETH,1936.4739
2024-01-01T22:55:59,ETH,1936.8693
2024-01-01T22:56:00,ETH,1936.5118
2024-01-01T22:56:01,ETH,1936.8292
2024-01-01T22:56:02,ETH,1935.7333
2024-01-01T22:56:03,ETH,1936.1679
2024-01-01T22:56:04,ETH,1936.9142
2024-01-01T22:56:05,ETH,1937.076
2024-01-01T22:56:06,ETH,1938.2531
2024-01-01T22:56:07,ETH,1938.2244
2024-01-01T22:56:08,ETH,1936.6588
2024-01-01T22:56:09,ETH,1935.6552
2024-01-01T22:56:10,ETH,1935.8941
2024-01-01T22:56:11,ETH,1936.1356
2024-01-01T22:56:12,ETH,1936.3511
2024-01-01T22:56:13,ETH,1937.3516
2024-01-01T22:56:14,ETH,1937.6437
2024-01-01T22:56:15,ETH,1937.3505
2024-01-01T22:56:16,ETH,1937.7245
2024-01-01T22:56:17,ETH,1938.1814
2024-01-01T22:56:18,ETH,1938.6178
2024-01-01T22:56:19,ETH,1938.4797
2024-01-01T22:56:20,ETH,1938.9542
2024-01-01T22:56:21,ETH,1939.3676
2024-01-01T22:56:22,ETH,1940.2731
2024-01-01T22:56:23,ETH,1941.2514
2024-01-01T22:56:24,ETH,1940.9333
2024-01-01T22:56:25,ETH,1940.1215
2024-01-01T22:56:26,ETH,1940.547
2024-01-01T22:56:27,ETH,1940.4831
2024-01-01T22:56:28,ETH,1939.3355
2024-01-01T22:56:29,ETH,1940.2595
2024-01-01T22:56:30,ETH,1940.187
2024-01-01T22:56:31,ETH,1940.8106
2024-01-01T22:56:32,ETH,1942.7573
2024-01-01T22:56:33,ETH,1943.174
2024-01-01T22:56:34,ETH,1943.1966
2024-01-01T22:56:35,ETH,1943.4717
2024-01-01T22:56:36,ETH,1942.3311
2024-01-01T22:56:37,ETH,1942.3514
2024-01-01T22:56:38,ETH,1942.071
2024-01-01T22:56:39,ETH,1942.1971
2024-01-01T22:56:40,ETH,1940.9909
2024-01-01T22:56:41,ETH,1940.9981
2024-01-01T22:56:42,ETH,1941.4003
2024-01-01T22:56:43,ETH,1940.0035
2024-01-01T22:56:44,ETH,1939.4602
2024-01-01T22:56:45,ETH,1939.5766
2024-01-01T22:56:46,ETH,1938.7692
2024-01-01T22:56:47,ETH,1939.2867
2024-01-01T22:56:48,ETH,1940.0848
2024-01-01T22:56:49,ETH,1939.5104
2024-01-01T22:56:50,ETH,1938.4227
2024-01-01T22:56:51,ETH,1938.5151
2024-01-01T22:56:52,ETH,1937.8857
2024-01-01T22:56:53,ETH,1937.2094
2024-01-01T22:56:54,ETH,1937.539
2024-01-01T22:56:55,ETH,1938.185
2024-01-01T22:56:56,ETH,1940.9071
2024-01-01T22:56:57,ETH,1941.9451
2024-01-01T22:56:58,ETH,1941.2076
2024-01-01T22:56:59,ETH,1941.1314
2024-01-01T22:57:00,ETH,1941.3127
2024-01-01T22:57:01,ETH,1941.8143
2024-01-01T22:57:02,ETH,1942.619
2024-01-01T22:57:03,ETH,1942.1287
2024-01-01T22:57:04,ETH,1942.6746
2024-01-01T22:57:05,ETH,1941.7109
2024-01-01T22:57:06,ETH,1943.1966
2024-01-01T22:57:07,ETH,1944.4472
2024-01-01T22:57:08,ETH,1944.4242
2024-01-01T22:57:09,ETH,1944.8644
2024-01-01T22:57:10,ETH,1945.5734
2024-01-01T22:57:11,ETH,1946.575
2024-01-01T22:57:12,ETH,1948.6053
2024-01-01T22:57:13,ETH,1948.1571
2024-01-01T22:57:14,ETH,1947.7907
2024-01-01T22:57:15,ETH,1948.9328
2024-01-01T22:57:16,ETH,1947.2289
2024-01-01T22:57:17,ETH,1947.5471
2024-01-01T22:57:18,ETH,1946.5804
2024-01-01T22:57:19,ETH,1948.1945
2024-01-01T22:57:20,ETH,1948.1887
2024-01-01T22:57:21,ETH,1947.0672
2024-01-01T22:57:22,ETH,1945.6925
2024-01-01T22:57:23,ETH,1944.3427
2024-01-01T22:57:24,ETH,1943.3758
2024-01-01T22:57:25,ETH,1943.3824
2024-01-01T22:57:26,ETH,1943.5749
2024-01-01T22:57:27,ETH,1943.4587
2024-01-01T22:57:28,ETH,1944.1021
2024-01-01T22:57:29,ETH,1943.2893
2024-01-01T22:57:30,ETH,1942.9106
2024-01-01T22:57:31,ETH,1942.5652
2024-01-01T22:57:32,ETH,1942.1049
2024-01-01T22:57:33,ETH,1941.9906
2024-01-01T22:57:34,ETH,1942.1753
2024-01-01T22:57:35,ETH,1940.1473
2024-01-01T22:57:36,ETH,1940.3901
2024-01-01T22:57:37,ETH,1940.194
2024-01-01T22:57:38,ETH,1938.9623
2024-01-01T22:57:39,ETH,1939.9524
2024-01-01T22:57:40,ETH,1939.6269
2024-01-01T22:57:41,ETH,1939.3071
2024-01-01T22:57:42,ETH,1938.7514
2024-01-01T22:57:43,ETH,1938.8245
2024-01-01T22:57:44,ETH,1938.8622
2024-01-01T22:57:45,ETH,1938.7766
2024-01-01T22:57:46,ETH,1939.7021
2024-01-01T22:57:47,ETH,1939.603
2024-01-01T22:57:48,ETH,1937.7129
2024-01-01T22:57:49,ETH,1937.2843
2024-01-01T22:57:50,ETH,1936.1083
2024-01-01T22:57:51,ETH,1935.913
2024-01-01T22:57:52,ETH,1937.7193
2024-01-01T22:57:53,ETH,1936.6774
2024-01-01T22:57:54,ETH,1936.6365
2024-01-01T22:57:55,ETH,1935.8743
2024-01-01T22:57:56,ETH,1935.5384
2024-01-01T22:57:57,ETH,1935.7865
2024-01-01T22:57:58,ETH,1936.4515
2024-01-01T22:57:59,ETH,1936.2223
2024-01-01T22:58:00,ETH,1936.3448
2024-01-01T22:58:01,ETH,1937.0804
2024-01-01T22:58:02,ETH,1936.9613
2024-01-01T22:58:03,ETH,1938.8339
2024-01-01T22:58:04,ETH,1940.3325
2024-01-01T22:58:05,ETH,1941.7303
2024-01-01T22:58:06,ETH,1941.9607
2024-01-01T22:58:07,ETH,1943.0083
2024-01-01T22:58:08,ETH,1943.2561
2024-01-01T22:58:09,ETH,1944.0965
2024-01-01T22:58:10,ETH,1946.0633
2024-01-01T22:58:11,ETH,1945.5439
2024-01-01T22:58:12,ETH,1944.9723
2024-01-01T22:58:13,ETH,1945.8708
2024-01-01T22:58:14,ETH,1947.248
2024-01-01T22:58:15,ETH,1945.3048
2024-01-01T22:58:16,ETH,1945.3475
2024-01-01T22:58:17,ETH,1944.4816
2024-01-01T22:58:18,ETH,1944.2127
2024-01-01T22:58:19,ETH,1942.4897
2024-01-01T22:58:20,ETH,1942.9035
2024-01-01T22:58:21,ETH,1944.0551
2024-01-01T22:58:22,ETH,1945.4875
2024-01-01T22:58:23,ETH,1945.7255
2024-01-01T22:58:24,ETH,1946.1543
2024-01-01T22:58:25,ETH,1944.9139
2024-01-01T22:58:26,ETH,1946.2817
2024-01-01T22:58:27,ETH,1947.4747
2024-01-01T22:58:28,ETH,1946.9438
2024-01-01T22:58:29,ETH,1945.5194
2024-01-01T22:58:30,ETH,1946.428
2024-01-01T22:58:31,ETH,1946.5136
2024-01-01T22:58:32,ETH,1946.2631
2024-01-01T22:58:33,ETH,1947.3179
2024-01-01T22:58:34,ETH,1946.7041
2024-01-01T22:58:35,ETH,1946.7634
2024-01-01T22:58:36,ETH,1947.8617
2024-01-01T22:58:37,ETH,1948.0561
2024-01-01T22:58:38,ETH,1948.9245
2024-01-01T22:58:39,ETH,1949.7513
2024-01-01T22:58:40,ETH,1950.8086
2024-01-01T22:58:41,ETH,1951.2308
2024-01-01T22:58:42,ETH,1951.658
2024-01-01T22:58:43,ETH,1951.8546
2024-01-01T22:58:44,ETH,1950.6469
2024-01-01T22:58:45,ETH,1952.8951
2024-01-01T22:58:46,ETH,1954.8059
2024-01-01T22:58:47,ETH,1953.5129
2024-01-01T22:58:48,ETH,1953.7239
2024-01-01T22:58:49,ETH,1953.4628
2024-01-01T22:58:50,ETH,1951.7633
2024-01-01T22:58:51,ETH,1951.3508
2024-01-01T22:58:52,ETH,1949.118
2024-01-01T22:58:53,ETH,1951.7251
2024-01-01T22:58:54,ETH,1952.3972
2024-01-01T22:58:55,ETH,1952.5393
2024-01-01T22:58:56,ETH,1952.7757
2024-01-01T22:58:57,ETH,1953.8516
2024-01-01T22:58:58,ETH,1954.7198
2024-01-01T22:58:59,ETH,1954.9514
2024-01-01T22:59:00,ETH,1956.0218
2024-01-01T22:59:01,ETH,1954.2162
2024-01-01T22:59:02,ETH,1951.8283
2024-01-01T22:59:03,ETH,1951.6301
2024-01-01T22:59:04,ETH,1951.0762
2024-01-01T22:59:05,ETH,1950.5323
2024-01-01T22:59:06,ETH,1951.2914
2024-01-01T22:59:07,ETH,1950.6672
2024-01-01T22:59:08,ETH,1950.959
2024-01-01T22:59:09,ETH,1951.8326
2024-01-01T22:59:10,ETH,1952.1504
2024-01-01T22:59:11,ETH,1952.5061
2024-01-01T22:59:12,ETH,1953.3952
2024-01-01T22:59:13,ETH,1953.3676
2024-01-01T22:59:14,ETH,1952.149
2024-01-01T22:59:15,ETH,1951.5107
2024-01-01T22:59:16,ETH,1952.9256
2024-01-01T22:59:17,ETH,1953.7227
2024-01-01T22:59:18,ETH,1954.9537
2024-01-01T22:59:19,ETH,1956.0353
2024-01-01T22:59:20,ETH,1957.2149
2024-01-01T22:59:21,ETH,1958.4684
2024-01-01T22:59:22,ETH,1959.3813
2024-01-01T22:59:23,ETH,1959.6767
2024-01-01T22:59:24,ETH,1958.624
2024-01-01T22:59:25,ETH,1959.9301
2024-01-01T22:59:26,ETH,1960.0482
2024-01-01T22:59:27,ETH,1960.1352
2024-01-01T22:59:28,ETH,1959.1314
2024-01-01T22:59:29,ETH,1961.097
2024-01-01T22:59:30,ETH,1960.6259
2024-01-01T22:59:31,ETH,1959.3923
2024-01-01T22:59:32,ETH,1960.2407
2024-01-01T22:59:33,ETH,1960.877
2024-01-01T22:59:34,ETH,1960.336
2024-01-01T22:59:35,ETH,1961.4473
2024-01-01T22:59:36,ETH,1960.2182
2024-01-01T22:59:37,ETH,1959.8602
2024-01-01T22:59:38,ETH,1958.9556
2024-01-01T22:59:39,ETH,1959.7428
2024-01-01T22:59:40,ETH,1958.3548
2024-01-01T22:59:41,ETH,1959.5798
2024-01-01T22:59:42,ETH,1960.3882
2024-01-01T22:59:43,ETH,1958.9986
2024-01-01T22:59:44,ETH,1960.8027
2024-01-01T22:59:45,ETH,1960.6951
2024-01-01T22:59:46,ETH,1959.9133
2024-01-01T22:59:47,ETH,1960.048
2024-01-01T22:59:48,ETH,1960.6792
2024-01-01T22:59:49,ETH,1960.0456
2024-01-01T22:59:50,ETH,1961.4499
2024-01-01T22:59:51,ETH,1960.5169
2024-01-01T22:59:52,ETH,1959.2476
2024-01-01T22:59:53,ETH,1958.8978
2024-01-01T22:59:54,ETH,1958.9122
2024-01-01T22:59:55,ETH,1959.3211
2024-01-01T22:59:56,ETH,1958.8582
2024-01-01T22:59:57,ETH,1960.0058
2024-01-01T22:59:58,ETH,1958.0087
2024-01-01T22:59:59,ETH,1958.2756
2024-01-01T23:00:00,ETH,1957.4603
2024-01-02T01:57:00,ETH,1957.0635
2024-01-02T01:57:01,ETH,1957.3617
2024-01-02T01:57:02,ETH,1958.1667
2024-01-02T01:57:03,ETH,1958.0695
2024-01-02T01:57:04,ETH,1958.6591
2024-01-02T01:57:05,ETH,1960.2084
2024-01-02T01:57:06,ETH,1961.7856
2024-01-02T01:57:07,ETH,1962.2545
2024-01-02T01:57:08,ETH,1965.3619
2024-01-02T01:57:09,ETH,1965.9312
2024-01-02T01:57:10,ETH,1964.5922
2024-01-02T01:57:11,ETH,1964.4234
2024-01-02T01:57:12,ETH,1964.9703
2024-01-02T01:57:13,ETH,1964.398
2024-01-02T01:57:14,ETH,1963.9796
2024-01-02T01:57:15,ETH,1963.5467
2024-01-02T01:57:16,ETH,1963.8784
2024-01-02T01:57:17,ETH,1962.3706
2024-01-02T01:57:18,ETH,1962.9636
2024-01-02T01:57:19,ETH,1963.5266
2024-01-02T01:57:20,ETH,1963.1098
2024-01-02T01:57:21,ETH,1963.2235
2024-01-02T01:57:22,ETH,1962.9361
2024-01-02T01:57:23,ETH,1961.6742
2024-01-02T01:57:24,ETH,1962.7491
2024-01-02T01:57:25,ETH,1962.5145
2024-01-02T01:57:26,ETH,1963.3003
2024-01-02T01:57:27,ETH,1963.4562
2024-01-02T01:57:28,ETH,1963.6486
2024-01-02T01:57:29,ETH,1964.3136
2024-01-02T01:57:30,ETH,1964.1799
2024-01-02T01:57:31,ETH,1964.0254
2024-01-02T01:57:32,ETH,1964.254
2024-01-02T01:57:33,ETH,1964.9949
2024-01-02T01:57:34,ETH,1964.5412
2024-01-02T01:57:35,ETH,1965.4027
2024-01-02T01:57:36,ETH,1966.0788
2024-01-02T01:57:37,ETH,1967.0137
2024-01-02T01:57:38,ETH,1967.3191
2024-01-02T01:57:39,ETH,1968.1511
2024-01-02T01:57:40,ETH,1968.8533
2024-01-02T01:57:41,ETH,1970.2303
2024-01-02T01:57:42,ETH,1972.9427
2024-01-02T01:57:43,ETH,1974.6578
2024-01-02T01:57:44,ETH,1975.4508
2024-01-02T01:57:45,ETH,1976.2975
2024-01-02T01:57:46,ETH,1977.3485
2024-01-02T01:57:47,ETH,1978.5943
2024-01-02T01:57:48,ETH,1979.5213
2024-01-02T01:57:49,ETH,1979.4302
2024-01-02T01:57:50,ETH,1981.1041
2024-01-02T01:57:51,ETH,1980.9404
2024-01-02T01:57:52,ETH,1981.4658
2024-01-02T01:57:53,ETH,1979.566
2024-01-02T01:57:54,ETH,1980.7688
2024-01-02T01:57:55,ETH,1980.5676
2024-01-02T01:57:56,ETH,1981.0293
2024-01-02T01:57:57,ETH,1981.321
2024-01-02T01:57:58,ETH,1981.9249
2024-01-02T01:57:59,ETH,1982.1122
2024-01-02T01:58:00,ETH,1983.6229
2024-01-02T01:58:01,ETH,1985.6415
2024-01-02T01:58:02,ETH,1984.5405
2024-01-02T01:58:03,ETH,1983.5052
2024-01-02T01:58:04,ETH,1983.6811
2024-01-02T01:58:05,ETH,1985.1607
2024-01-02T01:58:06,ETH,1986.534
2024-01-02T01:58:07,ETH,1987.3111
2024-01-02T01:58:08,ETH,1988.5052
2024-01-02T01:58:09,ETH,1989.0656
2024-01-02T01:58:10,ETH,1990.0494
2024-01-02T01:58:11,ETH,1988.8915
2024-01-02T01:58:12,ETH,1987.6407
2024-01-02T01:58:13,ETH,1988.0782
2024-01-02T01:58:14,ETH,1988.4569
2024-01-02T01:58:15,ETH,1990.6113
2024-01-02T01:58:16,ETH,1992.5402
2024-01-02T01:58:17,ETH,1992.5148
2024-01-02T01:58:18,ETH,1991.6064
2024-01-02T01:58:19,ETH,1992.8211
2024-01-02T01:58:20,ETH,1992.9438
2024-01-02T01:58:21,ETH,1993.7909
2024-01-02T01:58:22,ETH,1994.312
2024-01-02T01:58:23,ETH,1994.9893
2024-01-02T01:58:24,ETH,1995.7397
2024-01-02T01:58:25,ETH,1996.3838
2024-01-02T01:58:26,ETH,1995.9908
2024-01-02T01:58:27,ETH,1996.4808
2024-01-02T01:58:28,ETH,1997.4622
2024-01-02T01:58:29,ETH,1998.1173
2024-01-02T01:58:30,ETH,1998.8049
2024-01-02T01:58:31,ETH,2000.8767
2024-01-02T01:58:32,ETH,2000.6418
2024-01-02T01:58:33,ETH,2001.4221
2024-01-02T01:58:34,ETH,2000.9402
2024-01-02T01:58:35,ETH,2001.4417
2024-01-02T01:58:36,ETH,2003.5699
2024-01-02T01:58:37,ETH,2003.1631
2024-01-02T01:58:38,ETH,2004.5987
2024-01-02T01:58:39,ETH,2005.4355
2024-01-02T01:58:40,ETH,2005.9874
2024-01-02T01:58:41,ETH,2007.1193
2024-01-02T01:58:42,ETH,2007.414
2024-01-02T01:58:43,ETH,2008.5374
2024-01-02T01:58:44,ETH,2008.8666
2024-01-02T01:58:45,ETH,2007.2163
2024-01-02T01:58:46,ETH,2006.6985
2024-01-02T01:58:47,ETH,2007.3313
2024-01-02T01:58:48,ETH,2007.8238
2024-01-02T01:58:49,ETH,2007.1236
2024-01-02T01:58:50,ETH,2006.3434
2024-01-02T01:58:51,ETH,2006.8187
2024-01-02T01:58:52,ETH,2006.6554
2024-01-02T01:58:53,ETH,2005.5293
2024-01-02T01:58:54,ETH,2006.1258
2024-01-02T01:58:55,ETH,2007.032
2024-01-02T01:58:56,ETH,2010.0505
2024-01-02T01:58:57,ETH,2009.9836
2024-01-02T01:58:58,ETH,2008.9006
2024-01-02T01:58:59,ETH,2010.172
2024-01-02T01:59:00,ETH,2011.0388
2024-01-02T01:59:01,ETH,2009.7127
2024-01-02T01:59:02,ETH,2009.6519
2024-01-02T01:59:03,ETH,2011.308
2024-01-02T01:59:04,ETH,2011.1849
2024-01-02T01:59:05,ETH,2012.9292
2024-01-02T01:59:06,ETH,2014.1099
2024-01-02T01:59:07,ETH,2016.3514
2024-01-02T01:59:08,ETH,2017.8561
2024-01-02T01:59:09,ETH,2018.6091
2024-01-02T01:59:10,ETH,2018.7177
2024-01-02T01:59:11,ETH,2018.9121
2024-01-02T01:59:12,ETH,2020.4219
2024-01-02T01:59:13,ETH,2021.2861
2024-01-02T01:59:14,ETH,2020.8019
2024-01-02T01:59:15,ETH,2020.5247
2024-01-02T01:59:16,ETH,2018.9718
2024-01-02T01:59:17,ETH,2019.6849
2024-01-02T01:59:18,ETH,2020.9203
2024-01-02T01:59:19,ETH,2021.2024
2024-01-02T01:59:20,ETH,2021.6726
2024-01-02T01:59:21,ETH,2022.6666
2024-01-02T01:59:22,ETH,2021.5178
2024-01-02T01:59:23,ETH,2021.3435
2024-01-02T01:59:24,ETH,2022.2967
2024-01-02T01:59:25,ETH,2023.0474
2024-01-02T01:59:26,ETH,2022.9693
2024-01-02T01:59:27,ETH,2022.3994
2024-01-02T01:59:28,ETH,2022.7661
2024-01-02T01:59:29,ETH,2022.7497
2024-01-02T01:59:30,ETH,2022.2546
2024-01-02T01:59:31,ETH,2022.2254
2024-01-02T01:59:32,ETH,2022.2517
2024-01-02T01:59:33,ETH,2021.9186
2024-01-02T01:59:34,ETH,2022.0453
2024-01-02T01:59:35,ETH,2021.7409
2024-01-02T01:59:36,ETH,2021.5106
2024-01-02T01:59:37,ETH,2022.7804
2024-01-02T01:59:38,ETH,2022.9677
2024-01-02T01:59:39,ETH,2022.6681
2024-01-02T01:59:40,ETH,2021.7278
2024-01-02T01:59:41,ETH,2022.2342
2024-01-02T01:59:42,ETH,2023.4635
2024-01-02T01:59:43,ETH,2022.9007
2024-01-02T01:59:44,ETH,2022.98
2024-01-02T01:59:45,ETH,2023.9814
2024-01-02T01:59:46,ETH,2024.941
2024-01-02T01:59:47,ETH,2024.8186
2024-01-02T01:59:48,ETH,2023.6814
2024-01-02T01:59:49,ETH,2022.2861
2024-01-02T01:59:50,ETH,2023.2442
2024-01-02T01:59:51,ETH,2023.1503
2024-01-02T01:59:52,ETH,2023.7265
2024-01-02T01:59:53,ETH,2025.713
2024-01-02T01:59:54,ETH,2027.7045
2024-01-02T01:59:55,ETH,2027.5412
2024-01-02T01:59:56,ETH,2027.3097
2024-01-02T01:59:57,ETH,2028.5197
2024-01-02T01:59:58,ETH,2030.0813
2024-01-02T01:59:59,ETH,2029.5849
2024-01-02T02:00:00,ETH,2029.9429
2024-01-02T02:00:01,ETH,2031.4599
2024-01-02T02:00:02,ETH,2032.9527
2024-01-02T02:00:03,ETH,2034.0217
2024-01-02T02:00:04,ETH,2035.317
2024-01-02T02:00:05,ETH,2035.0186
2024-01-02T02:00:06,ETH,2036.2809
2024-01-02T02:00:07,ETH,2038.248
2024-01-02T02:00:08,ETH,2039.6232
2024-01-02T02:00:09,ETH,2040.3627
2024-01-02T02:00:10,ETH,2039.2297
2024-01-02T02:00:11,ETH,2040.1884
2024-01-02T02:00:12,ETH,2040.8447
2024-01-02T02:00:13,ETH,2041.1452
2024-01-02T02:00:14,ETH,2041.3815
2024-01-02T02:00:15,ETH,2044.033
2024-01-02T02:00:16,ETH,2042.3467
2024-01-02T02:00:17,ETH,2042.5391
2024-01-02T02:00:18,ETH,2044.4228
2024-01-02T02:00:19,ETH,2044.3472
2024-01-02T02:00:20,ETH,2044.3175
2024-01-02T02:00:21,ETH,2046.8156
2024-01-02T02:00:22,ETH,2047.0154
2024-01-02T02:00:23,ETH,2048.6925
2024-01-02T02:00:24,ETH,2048.5764
2024-01-02T02:00:25,ETH,2049.4352
2024-01-02T02:00:26,ETH,2050.628
2024-01-02T02:00:27,ETH,2049.907
2024-01-02T02:00:28,ETH,2051.127
2024-01-02T02:00:29,ETH,2051.8514
2024-01-02T02:00:30,ETH,2053.3554
2024-01-02T02:00:31,ETH,2053.8832
2024-01-02T02:00:32,ETH,2054.5003
2024-01-02T02:00:33,ETH,2056.1526
2024-01-02T02:00:34,ETH,2056.8813
2024-01-02T02:00:35,ETH,2056.3062
2024-01-02T02:00:36,ETH,2055.8194
2024-01-02T02:00:37,ETH,2055.146
2024-01-02T02:00:38,ETH,2056.1691
2024-01-02T02:00:39,ETH,2058.1399
2024-01-02T02:00:40,ETH,2058.6765
2024-01-02T02:00:41,ETH,2059.4636
2024-01-02T02:00:42,ETH,2059.2122
2024-01-02T02:00:43,ETH,2057.6927
2024-01-02T02:00:44,ETH,2059.6691
2024-01-02T02:00:45,ETH,2061.7445
2024-01-02T02:00:46,ETH,2060.826
2024-01-02T02:00:47,ETH,2061.3244
2024-01-02T02:00:48,ETH,2062.3523
2024-01-02T02:00:49,ETH,2062.4155
2024-01-02T02:00:50,ETH,2062.7224
2024-01-02T02:00:51,ETH,2063.5369
2024-01-02T02:00:52,ETH,2063.455
2024-01-02T02:00:53,ETH,2064.5103
2024-01-02T02:00:54,ETH,2064.7327
2024-01-02T02:00:55,ETH,2066.0758
2024-01-02T02:00:56,ETH,2064.4481
2024-01-02T02:00:57,ETH,2064.3084
2024-01-02T02:00:58,ETH,2065.7799
2024-01-02T02:00:59,ETH,2066.2383
2024-01-02T02:01:00,ETH,2066.3772
2024-01-02T02:01:01,ETH,2065.4108
2024-01-02T02:01:02,ETH,2067.0666
2024-01-02T02:01:03,ETH,2068.3186
2024-01-02T02:01:04,ETH,2069.439
2024-01-02T02:01:05,ETH,2067.6875
2024-01-02T02:01:06,ETH,2068.3585
2024-01-02T02:01:07,ETH,2067.4591
2024-01-02T02:01:08,ETH,2067.658
2024-01-02T02:01:09,ETH,2069.0548
2024-01-02T02:01:10,ETH,2068.8645
2024-01-02T02:01:11,ETH,2068.1404
2024-01-02T02:01:12,ETH,2068.9836
2024-01-02T02:01:13,ETH,2067.5486
2024-01-02T02:01:14,ETH,2067.9575
2024-01-02T02:01:15,ETH,2068.7066
2024-01-02T02:01:16,ETH,2069.3576
2024-01-02T02:01:17,ETH,2070.2314
2024-01-02T02:01:18,ETH,2069.4341
2024-01-02T02:01:19,ETH,2068.9481
2024-01-02T02:01:20,ETH,2070.383
2024-01-02T02:01:21,ETH,2071.6184
2024-01-02T02:01:22,ETH,2071.7714
2024-01-02T02:01:23,ETH,2071.7095
2024-01-02T02:01:24,ETH,2072.8304
2024-01-02T02:01:25,ETH,2072.6602
2024-01-02T02:01:26,ETH,2073.4704
2024-01-02T02:01:27,ETH,2072.5576
2024-01-02T02:01:28,ETH,2072.1048
2024-01-02T02:01:29,ETH,2073.7128
2024-01-02T02:01:30,ETH,2074.6238
2024-01-02T02:01:31,ETH,2074.4431
2024-01-02T02:01:32,ETH,2073.9644
2024-01-02T02:01:33,ETH,2074.8592
2024-01-02T02:01:34,ETH,2074.7067
2024-01-02T02:01:35,ETH,2074.2303
2024-01-02T02:01:36,ETH,2074.3506
2024-01-02T02:01:37,ETH,2073.2117
2024-01-02T02:01:38,ETH,2073.9436
2024-01-02T02:01:39,ETH,2074.565
2024-01-02T02:01:40,ETH,2076.1667
2024-01-02T02:01:41,ETH,2076.5019
2024-01-02T02:01:42,ETH,2074.9292
2024-01-02T02:01:43,ETH,2075.0285
2024-01-02T02:01:44,ETH,2074.1865
2024-01-02T02:01:45,ETH,2074.1005
2024-01-02T02:01:46,ETH,2075.0249
2024-01-02T02:01:47,ETH,2074.6422
2024-01-02T02:01:48,ETH,2073.4347
2024-01-02T02:01:49,ETH,2073.6982
2024-01-02T02:01:50,ETH,2073.9437
2024-01-02T02:01:51,ETH,2074.6267
2024-01-02T02:01:52,ETH,2075.212
2024-01-02T02:01:53,ETH,2075.2623
2024-01-02T02:01:54,ETH,2075.1866
2024-01-02T02:01:55,ETH,2075.3181
2024-01-02T02:01:56,ETH,2075.6067
2024-01-02T02:01:57,ETH,2077.6043
2024-01-02T02:01:58,ETH,2078.662
2024-01-02T02:01:59,ETH,2078.3501
2024-01-02T02:02:00,ETH,2078.2838
2024-01-02T02:02:01,ETH,2077.7052
2024-01-02T02:02:02,ETH,2077.1424
2024-01-02T02:02:03,ETH,2076.2557
2024-01-02T02:02:04,ETH,2077.536
2024-01-02T02:02:05,ETH,2077.9343
2024-01-02T02:02:06,ETH,2075.7202
2024-01-02T02:02:07,ETH,2076.842
2024-01-02T02:02:08,ETH,2075.9433
2024-01-02T02:02:09,ETH,2076.8796
2024-01-02T02:02:10,ETH,2078.5144
2024-01-02T02:02:11,ETH,2078.5068
2024-01-02T02:02:12,ETH,2077.996
2024-01-02T02:02:13,ETH,2078.354
2024-01-02T02:02:14,ETH,2079.7037
2024-01-02T02:02:15,ETH,2080.067
2024-01-02T02:02:16,ETH,2082.2962
2024-01-02T02:02:17,ETH,2081.2632
2024-01-02T02:02:18,ETH,2080.5433
2024-01-02T02:02:19,ETH,2081.0682
2024-01-02T02:02:20,ETH,2080.6605
2024-01-02T02:02:21,ETH,2079.8651
2024-01-02T02:02:22,ETH,2080.7701
2024-01-02T02:02:23,ETH,2081.0679
2024-01-02T02:02:24,ETH,2081.085
2024-01-02T02:02:25,ETH,2082.2394
2024-01-02T02:02:26,ETH,2083.0443
2024-01-02T02:02:27,ETH,2083.2932
2024-01-02T02:02:28,ETH,2082.7108
2024-01-02T02:02:29,ETH,2082.8374
2024-01-02T02:02:30,ETH,2082.8977
2024-01-02T02:02:31,ETH,2084.2971
2024-01-02T02:02:32,ETH,2085.1713
2024-01-02T02:02:33,ETH,2086.7367
2024-01-02T02:02:34,ETH,2087.5758
2024-01-02T02:02:35,ETH,2088.5619
2024-01-02T02:02:36,ETH,2090.5817
2024-01-02T02:02:37,ETH,2092.89
2024-01-02T02:02:38,ETH,2090.9723
2024-01-02T02:02:39,ETH,2089.5678
2024-01-02T02:02:40,ETH,2091.4461
2024-01-02T02:02:41,ETH,2092.1399
2024-01-02T02:02:42,ETH,2094.5088
2024-01-02T02:02:43,ETH,2095.2436
2024-01-02T02:02:44,ETH,2096.437
2024-01-02T02:02:45,ETH,2098.0079
2024-01-02T02:02:46,ETH,2098.9709
2024-01-02T02:02:47,ETH,2100.5022
2024-01-02T02:02:48,ETH,2100.9761
2024-01-02T02:02:49,ETH,2101.39
2024-01-02T02:02:50,ETH,2102.5975
2024-01-02T02:02:51,ETH,2103.2127
2024-01-02T02:02:52,ETH,2103.1147
2024-01-02T02:02:53,ETH,2102.5896
2024-01-02T02:02:54,ETH,2103.8123
2024-01-02T02:02:55,ETH,2106.4892
2024-01-02T02:02:56,ETH,2108.0801
2024-01-02T02:02:57,ETH,2109.4496
2024-01-02T02:02:58,ETH,2109.1387
2024-01-02T02:02:59,ETH,2108.36
2024-01-02T02:03:00,ETH,2109.4647
2024-01-02T10:18:00,ETH,2108.0668
2024-01-02T10:18:01,ETH,2105.3437
2024-01-02T10:18:02,ETH,2106.3836
2024-01-02T10:18:03,ETH,2104.4755
2024-01-02T10:18:04,ETH,2104.8925
2024-01-02T10:18:05,ETH,2105.2414
2024-01-02T10:18:06,ETH,2106.2793
2024-01-02T10:18:07,ETH,2106.5182
2024-01-02T10:18:08,ETH,2106.5297
2024-01-02T10:18:09,ETH,2106.3198
2024-01-02T10:18:10,ETH,2105.5958
2024-01-02T10:18:11,ETH,2105.9992
2024-01-02T10:18:12,ETH,2107.0209
2024-01-02T10:18:13,ETH,2107.0613
2024-01-02T10:18:14,ETH,2107.9188
2024-01-02T10:18:15,ETH,2106.6612
2024-01-02T10:18:16,ETH,2106.4434
2024-01-02T10:18:17,ETH,2105.9981
2024-01-02T10:18:18,ETH,2105.4705
2024-01-02T10:18:19,ETH,2106.6062
2024-01-02T10:18:20,ETH,2106.9046
2024-01-02T10:18:21,ETH,2108.2545
2024-01-02T10:18:22,ETH,2108.6284
2024-01-02T10:18:23,ETH,2108.7888
2024-01-02T10:18:24,ETH,2109.2892
2024-01-02T10:18:25,ETH,2107.9326
2024-01-02T10:18:26,ETH,2108.1152
2024-01-02T10:18:27,ETH,2107.8331
2024-01-02T10:18:28,ETH,2106.9339
2024-01-02T10:18:29,ETH,2107.0775
2024-01-02T10:18:30,ETH,2106.2314
2024-01-02T10:18:31,ETH,2107.3245
2024-01-02T10:18:32,ETH,2105.9923
2024-01-02T10:18:33,ETH,2108.0687
2024-01-02T10:18:34,ETH,2107.6247
2024-01-02T10:18:35,ETH,2109.1214
2024-01-02T10:18:36,ETH,2110.2631
2024-01-02T10:18:37,ETH,2111.8996
2024-01-02T10:18:38,ETH,2111.8503
2024-01-02T10:18:39,ETH,2112.0438
2024-01-02T10:18:40,ETH,2113.3901
2024-01-02T10:18:41,ETH,2114.1125
2024-01-02T10:18:42,ETH,2114.3041
2024-01-02T10:18:43,ETH,2114.6332
2024-01-02T10:18:44,ETH,2115.681
2024-01-02T10:18:45,ETH,2116.9343
2024-01-02T10:18:46,ETH,2117.54
2024-01-02T10:18:47,ETH,2117.6907
2024-01-02T10:18:48,ETH,2117.0689
2024-01-02T10:18:49,ETH,2115.2657
2024-01-02T10:18:50,ETH,2116.7817
2024-01-02T10:18:51,ETH,2117.1981
2024-01-02T10:18:52,ETH,2116.2779
2024-01-02T10:18:53,ETH,2115.657
2024-01-02T10:18:54,ETH,2114.5468
2024-01-02T10:18:55,ETH,2115.426
2024-01-02T10:18:56,ETH,2115.9886
2024-01-02T10:18:57,ETH,2115.6455
2024-01-02T10:18:58,ETH,2116.6745
2024-01-02T10:18:59,ETH,2117.3077
2024-01-02T10:19:00,ETH,2117.1425
2024-01-02T10:19:01,ETH,2117.158
2024-01-02T10:19:02,ETH,2117.2423
2024-01-02T10:19:03,ETH,2117.3066
2024-01-02T10:19:04,ETH,2117.7878
2024-01-02T10:19:05,ETH,2117.3707
2024-01-02T10:19:06,ETH,2118.7873
2024-01-02T10:19:07,ETH,2119.127
2024-01-02T10:19:08,ETH,2121.1055
2024-01-02T10:19:09,ETH,2121.1316
2024-01-02T10:19:10,ETH,2120.872
2024-01-02T10:19:11,ETH,2120.1844
2024-01-02T10:19:12,ETH,2117.7883
2024-01-02T10:19:13,ETH,2118.1718
2024-01-02T10:19:14,ETH,2120.6192
2024-01-02T10:19:15,ETH,2120.6855
2024-01-02T10:19:16,ETH,2119.9
2024-01-02T10:19:17,ETH,2120.1745
2024-01-02T10:19:18,ETH,2121.3773
2024-01-02T10:19:19,ETH,2122.0879
2024-01-02T10:19:20,ETH,2120.791
2024-01-02T10:19:21,ETH,2120.0603
2024-01-02T10:19:22,ETH,2118.8112
2024-01-02T10:19:23,ETH,2120.1302
2024-01-02T10:19:24,ETH,2120.9669
2024-01-02T10:19:25,ETH,2121.6243
2024-01-02T10:19:26,ETH,2121.3662
2024-01-02T10:19:27,ETH,2119.3729
2024-01-02T10:19:28,ETH,2120.9096
2024-01-02T10:19:29,ETH,2121.6482
2024-01-02T10:19:30,ETH,2122.7133
2024-01-02T10:19:31,ETH,2121.8209
2024-01-02T10:19:32,ETH,2121.4983
2024-01-02T10:19:33,ETH,2122.9001
2024-01-02T10:19:34,ETH,2122.4905
2024-01-02T10:19:35,ETH,2123.8338
2024-01-02T10:19:36,ETH,2123.1627
2024-01-02T10:19:37,ETH,2123.1828
2024-01-02T10:19:38,ETH,2124.1283
2024-01-02T10:19:39,ETH,2124.3261
2024-01-02T10:19:40,ETH,2124.2556
2024-01-02T10:19:41,ETH,2123.415
2024-01-02T10:19:42,ETH,2124.1726
2024-01-02T10:19:43,ETH,2124.4681
2024-01-02T10:19:44,ETH,2124.7558
2024-01-02T10:19:45,ETH,2125.4876
2024-01-02T10:19:46,ETH,2125.6141
2024-01-02T10:19:47,ETH,2122.3465
2024-01-02T10:19:48,ETH,2119.8759
2024-01-02T10:19:49,ETH,2120.348
2024-01-02T10:19:50,ETH,2120.84
2024-01-02T10:19:51,ETH,2120.5143
2024-01-02T10:19:52,ETH,2120.3113
2024-01-02T10:19:53,ETH,2120.4505
2024-01-02T10:19:54,ETH,2122.1241
2024-01-02T10:19:55,ETH,2120.0347
2024-01-02T10:19:56,ETH,2120.0891
2024-01-02T10:19:57,ETH,2119.7225
2024-01-02T10:19:58,ETH,2118.2474
2024-01-02T10:19:59,ETH,2117.2508
2024-01-02T10:20:00,ETH,2116.9387
2024-01-02T10:20:01,ETH,2118.2452
2024-01-02T10:20:02,ETH,2119.4436
2024-01-02T10:20:03,ETH,2121.8418
2024-01-02T10:20:04,ETH,2123.754
2024-01-02T10:20:05,ETH,2123.5754
2024-01-02T10:20:06,ETH,2124.6381
2024-01-02T10:20:07,ETH,2124.8318
2024-01-02T10:20:08,ETH,2124.1837
2024-01-02T10:20:09,ETH,2123.8371
2024-01-02T10:20:10,ETH,2125.6547
2024-01-02T10:20:11,ETH,2125.0311
2024-01-02T10:20:12,ETH,2127.0827
2024-01-02T10:20:13,ETH,2127.2527
2024-01-02T10:20:14,ETH,2127.3818
2024-01-02T10:20:15,ETH,2127.0846
2024-01-02T10:20:16,ETH,2124.656
2024-01-02T10:20:17,ETH,2124.3079
2024-01-02T10:20:18,ETH,2124.278
2024-01-02T10:20:19,ETH,2122.9473
2024-01-02T10:20:20,ETH,2124.1641
2024-01-02T10:20:21,ETH,2124.4779
2024-01-02T10:20:22,ETH,2123.9847
2024-01-02T10:20:23,ETH,2124.2222
2024-01-02T10:20:24,ETH,2123.691
2024-01-02T10:20:25,ETH,2122.316
2024-01-02T10:20:26,ETH,2122.3214
2024-01-02T10:20:27,ETH,2121.9716
2024-01-02T10:20:28,ETH,2121.1172
2024-01-02T10:20:29,ETH,2118.9783
2024-01-02T10:20:30,ETH,2121.4067
2024-01-02T10:20:31,ETH,2120.8099
2024-01-02T10:20:32,ETH,2120.0866
2024-01-02T10:20:33,ETH,2121.3025
2024-01-02T10:20:34,ETH,2120.1282
2024-01-02T10:20:35,ETH,2119.3496
2024-01-02T10:20:36,ETH,2119.8692
2024-01-02T10:20:37,ETH,2119.5763
2024-01-02T10:20:38,ETH,2118.0613
2024-01-02T10:20:39,ETH,2119.5579
2024-01-02T10:20:40,ETH,2119.2201
2024-01-02T10:20:41,ETH,2120.2756
2024-01-02T10:20:42,ETH,2121.5116
2024-01-02T10:20:43,ETH,2121.8111
2024-01-02T10:20:44,ETH,2121.3026
2024-01-02T10:20:45,ETH,2120.5026
2024-01-02T10:20:46,ETH,2119.4577
2024-01-02T10:20:47,ETH,2120.6004
2024-01-02T10:20:48,ETH,2121.3961
2024-01-02T10:20:49,ETH,2123.5727
2024-01-02T10:20:50,ETH,2124.088
2024-01-02T10:20:51,ETH,2125.3459
2024-01-02T10:20:52,ETH,2124.797
2024-01-02T10:20:53,ETH,2126.5107
2024-01-02T10:20:54,ETH,2126.9984
2024-01-02T10:20:55,ETH,2126.6454
2024-01-02T10:20:56,ETH,2127.5395
2024-01-02T10:20:57,ETH,2127.4157
2024-01-02T10:20:58,ETH,2129.3675
2024-01-02T10:20:59,ETH,2127.4783
2024-01-02T10:21:00,ETH,2126.2133
2024-01-02T10:21:01,ETH,2127.3161
2024-01-02T10:21:02,ETH,2124.6798
2024-01-02T10:21:03,ETH,2125.2083
2024-01-02T10:21:04,ETH,2124.5729
2024-01-02T10:21:05,ETH,2124.6177
2024-01-02T10:21:06,ETH,2124.9738
2024-01-02T10:21:07,ETH,2122.6139
2024-01-02T10:21:08,ETH,2124.5965
2024-01-02T10:21:09,ETH,2123.1886
2024-01-02T10:21:10,ETH,2125.5826
2024-01-02T10:21:11,ETH,2126.0269
2024-01-02T10:21:12,ETH,2127.2073
2024-01-02T10:21:13,ETH,2126.2739
2024-01-02T10:21:14,ETH,2125.6391
2024-01-02T10:21:15,ETH,2125.6532
2024-01-02T10:21:16,ETH,2125.6689
2024-01-02T10:21:17,ETH,2126.2431
2024-01-02T10:21:18,ETH,2127.0557
2024-01-02T10:21:19,ETH,2127.3615
2024-01-02T10:21:20,ETH,2129.0048
2024-01-02T10:21:21,ETH,2129.1192
2024-01-02T10:21:22,ETH,2127.2693
2024-01-02T10:21:23,ETH,2127.8451
2024-01-02T10:21:24,ETH,2125.7833
2024-01-02T10:21:25,ETH,2126.7388
2024-01-02T10:21:26,ETH,2125.4384
2024-01-02T10:21:27,ETH,2125.303
2024-01-02T10:21:28,ETH,2124.7199
2024-01-02T10:21:29,ETH,2125.0113
2024-01-02T10:21:30,ETH,2125.6629
2024-01-02T10:21:31,ETH,2126.0896
2024-01-02T10:21:32,ETH,2128.5066
2024-01-02T10:21:33,ETH,2129.0506
2024-01-02T10:21:34,ETH,2129.5992
2024-01-02T10:21:35,ETH,2130.0714
2024-01-02T10:21:36,ETH,2128.114
2024-01-02T10:21:37,ETH,2126.5546
2024-01-02T10:21:38,ETH,2125.4814
2024-01-02T10:21:39,ETH,2124.158
2024-01-02T10:21:40,ETH,2125.5596
2024-01-02T10:21:41,ETH,2124.8965
2024-01-02T10:21:42,ETH,2125.2806
2024-01-02T10:21:43,ETH,2125.1435
2024-01-02T10:21:44,ETH,2126.0933
2024-01-02T10:21:45,ETH,2127.3904
2024-01-02T10:21:46,ETH,2127.8964
2024-01-02T10:21:47,ETH,2125.9912
2024-01-02T10:21:48,ETH,2124.9704
2024-01-02T10:21:49,ETH,2126.1456
2024-01-02T10:21:50,ETH,2125.7919
2024-01-02T10:21:51,ETH,2126.0052
2024-01-02T10:21:52,ETH,2125.8192
2024-01-02T10:21:53,ETH,2127.1294
2024-01-02T10:21:54,ETH,2129.3644
2024-01-02T10:21:55,ETH,2128.447
2024-01-02T10:21:56,ETH,2128.678
2024-01-02T10:21:57,ETH,2129.7999
2024-01-02T10:21:58,ETH,2131.2177
2024-01-02T10:21:59,ETH,2131.8112
2024-01-02T10:22:00,ETH,2130.4994
2024-01-02T10:22:01,ETH,2129.1583
2024-01-02T10:22:02,ETH,2130.118
2024-01-02T10:22:03,ETH,2128.9436
2024-01-02T10:22:04,ETH,2128.8818
2024-01-02T10:22:05,ETH,2129.9894
2024-01-02T10:22:06,ETH,2130.5741
2024-01-02T10:22:07,ETH,2131.6641
2024-01-02T10:22:08,ETH,2132.121
2024-01-02T10:22:09,ETH,2131.5446
2024-01-02T10:22:10,ETH,2132.9694
2024-01-02T10:22:11,ETH,2132.0846
2024-01-02T10:22:12,ETH,2132.8837
2024-01-02T10:22:13,ETH,2132.9523
2024-01-02T10:22:14,ETH,2131.9669
2024-01-02T10:22:15,ETH,2133.0932
2024-01-02T10:22:16,ETH,2134.0242
2024-01-02T10:22:17,ETH,2135.2227
2024-01-02T10:22:18,ETH,2133.2702
2024-01-02T10:22:19,ETH,2133.0701
2024-01-02T10:22:20,ETH,2133.5939
2024-01-02T10:22:21,ETH,2132.3787
2024-01-02T10:22:22,ETH,2132.0575
2024-01-02T10:22:23,ETH,2132.6348
2024-01-02T10:22:24,ETH,2134.3177
2024-01-02T10:22:25,ETH,2132.3653
2024-01-02T10:22:26,ETH,2130.776
2024-01-02T10:22:27,ETH,2130.8631
2024-01-02T10:22:28,ETH,2132.6679
2024-01-02T10:22:29,ETH,2131.9461
2024-01-02T10:22:30,ETH,2132.5511
2024-01-02T10:22:31,ETH,2132.2359
2024-01-02T10:22:32,ETH,2131.0152
2024-01-02T10:22:33,ETH,2130.9658
2024-01-02T10:22:34,ETH,2131.8642
2024-01-02T10:22:35,ETH,2132.6388
2024-01-02T10:22:36,ETH,2134.7573
2024-01-02T10:22:37,ETH,2133.1762
2024-01-02T10:22:38,ETH,2133.6505
2024-01-02T10:22:39,ETH,2135.5393
2024-01-02T10:22:40,ETH,2137.1991
2024-01-02T10:22:41,ETH,2137.5309
2024-01-02T10:22:42,ETH,2137.1068
2024-01-02T10:22:43,ETH,2134.2447
2024-01-02T10:22:44,ETH,2134.1118
2024-01-02T10:22:45,ETH,2133.0014
2024-01-02T10:22:46,ETH,2134.115
2024-01-02T10:22:47,ETH,2134.2594
2024-01-02T10:22:48,ETH,2135.1236
2024-01-02T10:22:49,ETH,2137.4866
2024-01-02T10:22:50,ETH,2137.6466
2024-01-02T10:22:51,ETH,2135.4292
2024-01-02T10:22:52,ETH,2135.4254
2024-01-02T10:22:53,ETH,2134.8308
2024-01-02T10:22:54,ETH,2134.8182
2024-01-02T10:22:55,ETH,2134.0532
2024-01-02T10:22:56,ETH,2133.4295
2024-01-02T10:22:57,ETH,2133.3718
2024-01-02T10:22:58,ETH,2132.251
2024-01-02T10:22:59,ETH,2133.7445
2024-01-02T10:23:00,ETH,2135.3808
2024-01-02T10:23:01,ETH,2134.3378
2024-01-02T10:23:02,ETH,2134.1257
2024-01-02T10:23:03,ETH,2134.3968
2024-01-02T10:23:04,ETH,2134.4643
2024-01-02T10:23:05,ETH,2136.4781
2024-01-02T10:23:06,ETH,2137.0642
2024-01-02T10:23:07,ETH,2136.9993
2024-01-02T10:23:08,ETH,2134.8168
2024-01-02T10:23:09,ETH,2133.9739
2024-01-02T10:23:10,ETH,2132.7045
2024-01-02T10:23:11,ETH,2134.166
2024-01-02T10:23:12,ETH,2133.359
2024-01-02T10:23:13,ETH,2134.064
2024-01-02T10:23:14,ETH,2134.6846
2024-01-02T10:23:15,ETH,2134.9933
2024-01-02T10:23:16,ETH,2133.6931
2024-01-02T10:23:17,ETH,2134.6711
2024-01-02T10:23:18,ETH,2134.7325
2024-01-02T10:23:19,ETH,2133.437
2024-01-02T10:23:20,ETH,2132.7126
2024-01-02T10:23:21,ETH,2132.2232
2024-01-02T10:23:22,ETH,2132.2928
2024-01-02T10:23:23,ETH,2131.7007
2024-01-02T10:23:24,ETH,2131.0066
2024-01-02T10:23:25,ETH,2130.9795
2024-01-02T10:23:26,ETH,2131.8798
2024-01-02T10:23:27,ETH,2130.8668
2024-01-02T10:23:28,ETH,2130.4303
2024-01-02T10:23:29,ETH,2130.7962
2024-01-02T10:23:30,ETH,2130.3268
2024-01-02T10:23:31,ETH,2132.5554
2024-01-02T10:23:32,ETH,2132.8004
2024-01-02T10:23:33,ETH,2132.5688
2024-01-02T10:23:34,ETH,2132.192
2024-01-02T10:23:35,ETH,2132.9312
2024-01-02T10:23:36,ETH,2133.0531
2024-01-02T10:23:37,ETH,2133.5042
2024-01-02T10:23:38,ETH,2132.3042
2024-01-02T10:23:39,ETH,2132.8732
2024-01-02T10:23:40,ETH,2132.6273
2024-01-02T10:23:41,ETH,2131.7377
2024-01-02T10:23:42,ETH,2128.5163
2024-01-02T10:23:43,ETH,2126.7587
2024-01-02T10:23:44,ETH,2126.7305
2024-01-02T10:23:45,ETH,2128.321
2024-01-02T10:23:46,ETH,2127.6953
2024-01-02T10:23:47,ETH,2128.2106
2024-01-02T10:23:48,ETH,2127.8743
2024-01-02T10:23:49,ETH,2128.5141
2024-01-02T10:23:50,ETH,2127.2112
2024-01-02T10:23:51,ETH,2125.3378
2024-01-02T10:23:52,ETH,2123.7716
2024-01-02T10:23:53,ETH,2123.3802
2024-01-02T10:23:54,ETH,2121.1471
2024-01-02T10:23:55,ETH,2119.5859
2024-01-02T10:23:56,ETH,2121.6878
2024-01-02T10:23:57,ETH,2122.614
2024-01-02T10:23:58,ETH,2122.3515
2024-01-02T10:23:59,ETH,2121.5151
2024-01-02T10:24:00,ETH,2121.799
2024-01-02T10:49:00,ETH,2122.6373
2024-01-02T10:49:01,ETH,2121.9013
2024-01-02T10:49:02,ETH,2119.8628
2024-01-02T10:49:03,ETH,2119.5514
2024-01-02T10:49:04,ETH,2119.758
2024-01-02T10:49:05,ETH,2119.6102
2024-01-02T10:49:06,ETH,2120.6895
2024-01-02T10:49:07,ETH,2121.5903
2024-01-02T10:49:08,ETH,2122.787
2024-01-02T10:49:09,ETH,2123.4261
2024-01-02T10:49:10,ETH,2123.6189
2024-01-02T10:49:11,ETH,2124.0633
2024-01-02T10:49:12,ETH,2122.7909
2024-01-02T10:49:13,ETH,2122.6777
2024-01-02T10:49:14,ETH,2121.4349
2024-01-02T10:49:15,ETH,2120.3
2024-01-02T10:49:16,ETH,2121.1272
2024-01-02T10:49:17,ETH,2120.6363
2024-01-02T10:49:18,ETH,2120.3627
2024-01-02T10:49:19,ETH,2120.946
2024-01-02T10:49:20,ETH,2119.6314
2024-01-02T10:49:21,ETH,2119.6385
2024-01-02T10:49:22,ETH,2119.9804
2024-01-02T10:49:23,ETH,2122.4804
2024-01-02T10:49:24,ETH,2120.9508
2024-01-02T10:49:25,ETH,2118.3195
2024-01-02T10:49:26,ETH,2119.0577
2024-01-02T10:49:27,ETH,2120.0378
2024-01-02T10:49:28,ETH,2119.0028
2024-01-02T10:49:29,ETH,2119.807
2024-01-02T10:49:30,ETH,2119.8443
2024-01-02T10:49:31,ETH,2118.4208
2024-01-02T10:49:32,ETH,2119.2419
2024-01-02T10:49:33,ETH,2119.8407
2024-01-02T10:49:34,ETH,2119.3639
2024-01-02T10:49:35,ETH,2119.3128
2024-01-02T10:49:36,ETH,2120.2022
2024-01-02T10:49:37,ETH,2121.486
2024-01-02T10:49:38,ETH,2120.4885
2024-01-02T10:49:39,ETH,2121.0695
2024-01-02T10:49:40,ETH,2121.1149
2024-01-02T10:49:41,ETH,2120.6133
2024-01-02T10:49:42,ETH,2120.7652
2024-01-02T10:49:43,ETH,2120.7729
2024-01-02T10:49:44,ETH,2121.9885
2024-01-02T10:49:45,ETH,2122.002
2024-01-02T10:49:46,ETH,2122.2327
2024-01-02T10:49:47,ETH,2120.8628
2024-01-02T10:49:48,ETH,2120.1038
2024-01-02T10:49:49,ETH,2119.3613
2024-01-02T10:49:50,ETH,2117.7113
2024-01-02T10:49:51,ETH,2117.8494
2024-01-02T10:49:52,ETH,2118.5853
2024-01-02T10:49:53,ETH,2118.7805
2024-01-02T10:49:54,ETH,2118.4698
2024-01-02T10:49:55,ETH,2118.6101
2024-01-02T10:49:56,ETH,2117.3047
2024-01-02T10:49:57,ETH,2115.4741
2024-01-02T10:49:58,ETH,2114.5725
2024-01-02T10:49:59,ETH,2114.4505
2024-01-02T10:50:00,ETH,2113.1627
2024-01-02T10:50:01,ETH,2112.809
2024-01-02T10:50:02,ETH,2112.5586
2024-01-02T10:50:03,ETH,2112.8651
2024-01-02T10:50:04,ETH,2112.697
2024-01-02T10:50:05,ETH,2113.2718
2024-01-02T10:50:06,ETH,2112.7212
2024-01-02T10:50:07,ETH,2113.3028
2024-01-02T10:50:08,ETH,2112.4125
2024-01-02T10:50:09,ETH,2113.7674
2024-01-02T10:50:10,ETH,2114.6622
2024-01-02T10:50:11,ETH,2115.9547
2024-01-02T10:50:12,ETH,2116.5185
2024-01-02T10:50:13,ETH,2116.0284
2024-01-02T10:50:14,ETH,2117.0189
2024-01-02T10:50:15,ETH,2116.8481
2024-01-02T10:50:16,ETH,2114.9012
2024-01-02T10:50:17,ETH,2114.6036
2024-01-02T10:50:18,ETH,2115.7284
2024-01-02T10:50:19,ETH,2115.1425
2024-01-02T10:50:20,ETH,2113.8154
2024-01-02T10:50:21,ETH,2115.0119
2024-01-02T10:50:22,ETH,2114.7254
2024-01-02T10:50:23,ETH,2114.0624
2024-01-02T10:50:24,ETH,2113.0919
2024-01-02T10:50:25,ETH,2114.5242
2024-01-02T10:50:26,ETH,2114.0687
2024-01-02T10:50:27,ETH,2116.1945
2024-01-02T10:50:28,ETH,2115.2049
2024-01-02T10:50:29,ETH,2117.6271
2024-01-02T10:50:30,ETH,2117.7732
2024-01-02T10:50:31,ETH,2117.7217
2024-01-02T10:50:32,ETH,2118.4884
2024-01-02T10:50:33,ETH,2120.1402
2024-01-02T10:50:34,ETH,2119.1925
2024-01-02T10:50:35,ETH,2117.7172
2024-01-02T10:50:36,ETH,2118.2695
2024-01-02T10:50:37,ETH,2118.2008
2024-01-02T10:50:38,ETH,2119.0625
2024-01-02T10:50:39,ETH,2118.4228
2024-01-02T10:50:40,ETH,2118.9609
2024-01-02T10:50:41,ETH,2116.8741
2024-01-02T10:50:42,ETH,2116.7187
2024-01-02T10:50:43,ETH,2116.1194
2024-01-02T10:50:44,ETH,2118.3875
2024-01-02T10:50:45,ETH,2118.8488
2024-01-02T10:50:46,ETH,2119.4083
2024-01-02T10:50:47,ETH,2119.6884
2024-01-02T10:50:48,ETH,2120.2072
2024-01-02T10:50:49,ETH,2120.8564
2024-01-02T10:50:50,ETH,2121.5096
2024-01-02T10:50:51,ETH,2120.1247
2024-01-02T10:50:52,ETH,2119.5006
2024-01-02T10:50:53,ETH,2118.6949
2024-01-02T10:50:54,ETH,2119.3287
2024-01-02T10:50:55,ETH,2121.6409
2024-01-02T10:50:56,ETH,2122.069
2024-01-02T10:50:57,ETH,2120.6217
2024-01-02T10:50:58,ETH,2119.6274
2024-01-02T10:50:59,ETH,2120.7109
2024-01-02T10:51:00,ETH,2121.3205
2024-01-02T10:51:01,ETH,2120.0128
2024-01-02T10:51:02,ETH,2121.4004
2024-01-02T10:51:03,ETH,2120.8018
2024-01-02T10:51:04,ETH,2120.4647
2024-01-02T10:51:05,ETH,2120.0772
2024-01-02T10:51:06,ETH,2117.877
2024-01-02T10:51:07,ETH,2119.33
2024-01-02T10:51:08,ETH,2118.9002
2024-01-02T10:51:09,ETH,2119.3387
2024-01-02T10:51:10,ETH,2117.8979
2024-01-02T10:51:11,ETH,2118.9841
2024-01-02T10:51:12,ETH,2121.6812
2024-01-02T10:51:13,ETH,2119.2373
2024-01-02T10:51:14,ETH,2117.3188
2024-01-02T10:51:15,ETH,2117.3002
2024-01-02T10:51:16,ETH,2116.2506
2024-01-02T10:51:17,ETH,2117.7579
2024-01-02T10:51:18,ETH,2115.9938
2024-01-02T10:51:19,ETH,2117.3421
2024-01-02T10:51:20,ETH,2118.0954
2024-01-02T10:51:21,ETH,2116.7583
2024-01-02T10:51:22,ETH,2116.2509
2024-01-02T10:51:23,ETH,2116.2533
2024-01-02T10:51:24,ETH,2117.898
2024-01-02T10:51:25,ETH,2119.0388
2024-01-02T10:51:26,ETH,2118.948
2024-01-02T10:51:27,ETH,2119.0528
2024-01-02T10:51:28,ETH,2118.678
2024-01-02T10:51:29,ETH,2119.5231
2024-01-02T10:51:30,ETH,2121.6795
2024-01-02T10:51:31,ETH,2121.4949
2024-01-02T10:51:32,ETH,2120.4297
2024-01-02T10:51:33,ETH,2119.8285
2024-01-02T10:51:34,ETH,2120.1782
2024-01-02T10:51:35,ETH,2119.1339
2024-01-02T10:51:36,ETH,2118.4676
2024-01-02T10:51:37,ETH,2121.1255
2024-01-02T10:51:38,ETH,2119.9312
2024-01-02T10:51:39,ETH,2121.4377
2024-01-02T10:51:40,ETH,2121.3782
2024-01-02T10:51:41,ETH,2121.6153
2024-01-02T10:51:42,ETH,2122.1629
2024-01-02T10:51:43,ETH,2122.7774
2024-01-02T10:51:44,ETH,2122.654
2024-01-02T10:51:45,ETH,2122.2983
2024-01-02T10:51:46,ETH,2122.5647
2024-01-02T10:51:47,ETH,2122.7068
2024-01-02T10:51:48,ETH,2121.754
2024-01-02T10:51:49,ETH,2122.4078
2024-01-02T10:51:50,ETH,2121.9711
2024-01-02T10:51:51,ETH,2121.3441
2024-01-02T10:51:52,ETH,2120.1712
2024-01-02T10:51:53,ETH,2118.052
2024-01-02T10:51:54,ETH,2115.0932
2024-01-02T10:51:55,ETH,2113.2363
2024-01-02T10:51:56,ETH,2113.5778
2024-01-02T10:51:57,ETH,2113.8639
2024-01-02T10:51:58,ETH,2114.6687
2024-01-02T10:51:59,ETH,2113.0826
2024-01-02T10:52:00,ETH,2113.3748
2024-01-02T10:52:01,ETH,2114.06
2024-01-02T10:52:02,ETH,2112.5949
2024-01-02T10:52:03,ETH,2112.0744
2024-01-02T10:52:04,ETH,2112.9752
2024-01-02T10:52:05,ETH,2111.5769
2024-01-02T10:52:06,ETH,2111.1211
2024-01-02T10:52:07,ETH,2109.6817
2024-01-02T10:52:08,ETH,2108.0993
2024-01-02T10:52:09,ETH,2107.4343
2024-01-02T10:52:10,ETH,2104.7207
2024-01-02T10:52:11,ETH,2103.8219
2024-01-02T10:52:12,ETH,2102.6193
2024-01-02T10:52:13,ETH,2103.443
2024-01-02T10:52:14,ETH,2103.6599
2024-01-02T10:52:15,ETH,2100.65
2024-01-02T10:52:16,ETH,2101.3353
2024-01-02T10:52:17,ETH,2102.2569
2024-01-02T10:52:18,ETH,2100.5081
2024-01-02T10:52:19,ETH,2100.7891
2024-01-02T10:52:20,ETH,2099.1981
2024-01-02T10:52:21,ETH,2100.4908
2024-01-02T10:52:22,ETH,2100.8432
2024-01-02T10:52:23,ETH,2100.6937
2024-01-02T10:52:24,ETH,2100.4198
2024-01-02T10:52:25,ETH,2099.1048
2024-01-02T10:52:26,ETH,2098.0618
2024-01-02T10:52:27,ETH,2098.0288
2024-01-02T10:52:28,ETH,2096.01
2024-01-02T10:52:29,ETH,2095.1288
2024-01-02T10:52:30,ETH,2095.5709
2024-01-02T10:52:31,ETH,2094.9295
2024-01-02T10:52:32,ETH,2093.9444
2024-01-02T10:52:33,ETH,2093.101
2024-01-02T10:52:34,ETH,2093.3768
2024-01-02T10:52:35,ETH,2093.0856
2024-01-02T10:52:36,ETH,2094.0893
2024-01-02T10:52:37,ETH,2095.2867
2024-01-02T10:52:38,ETH,2093.9874
2024-01-02T10:52:39,ETH,2093.3522
2024-01-02T10:52:40,ETH,2092.5819
2024-01-02T10:52:41,ETH,2091.8243
2024-01-02T10:52:42,ETH,2092.3017
2024-01-02T10:52:43,ETH,2091.3828
2024-01-02T10:52:44,ETH,2089.1669
2024-01-02T10:52:45,ETH,2088.1067
2024-01-02T10:52:46,ETH,2090.4826
2024-01-02T10:52:47,ETH,2091.594
2024-01-02T10:52:48,ETH,2089.6593
2024-01-02T10:52:49,ETH,2091.6777
2024-01-02T10:52:50,ETH,2092.8507
2024-01-02T10:52:51,ETH,2092.0574
2024-01-02T10:52:52,ETH,2091.7209
2024-01-02T10:52:53,ETH,2093.7779
2024-01-02T10:52:54,ETH,2093.5941
2024-01-02T10:52:55,ETH,2093.7879
2024-01-02T10:52:56,ETH,2093.7923
2024-01-02T10:52:57,ETH,2094.0356
2024-01-02T10:52:58,ETH,2091.9299
2024-01-02T10:52:59,ETH,2092.7439
2024-01-02T10:53:00,ETH,2093.2548
2024-01-02T10:53:01,ETH,2091.9135
2024-01-02T10:53:02,ETH,2092.2834
2024-01-02T10:53:03,ETH,2094.2099
2024-01-02T10:53:04,ETH,2093.1727
2024-01-02T10:53:05,ETH,2093.0093
2024-01-02T10:53:06,ETH,2093.5152
2024-01-02T10:53:07,ETH,2093.8147
2024-01-02T10:53:08,ETH,2091.2116
2024-01-02T10:53:09,ETH,2092.1613
2024-01-02T10:53:10,ETH,2094.1476
2024-01-02T10:53:11,ETH,2092.871
2024-01-02T10:53:12,ETH,2093.4851
2024-01-02T10:53:13,ETH,2094.6266
2024-01-02T10:53:14,ETH,2095.5281
2024-01-02T10:53:15,ETH,2094.944
2024-01-02T10:53:16,ETH,2094.1037
2024-01-02T10:53:17,ETH,2093.0352
2024-01-02T10:53:18,ETH,2093.463
2024-01-02T10:53:19,ETH,2094.4956
2024-01-02T10:53:20,ETH,2094.6223
2024-01-02T10:53:21,ETH,2096.2315
2024-01-02T10:53:22,ETH,2095.3685
2024-01-02T10:53:23,ETH,2096.7369
2024-01-02T10:53:24,ETH,2096.839
2024-01-02T10:53:25,ETH,2097.0269
2024-01-02T10:53:26,ETH,2097.4668
2024-01-02T10:53:27,ETH,2096.9039
2024-01-02T10:53:28,ETH,2095.9906
2024-01-02T10:53:29,ETH,2095.5917
2024-01-02T10:53:30,ETH,2097.9483
2024-01-02T10:53:31,ETH,2098.9662
2024-01-02T10:53:32,ETH,2098.9991
2024-01-02T10:53:33,ETH,2098.2263
2024-01-02T10:53:34,ETH,2099.1091
2024-01-02T10:53:35,ETH,2100.5136
2024-01-02T10:53:36,ETH,2098.3781
2024-01-02T10:53:37,ETH,2098.4899
2024-01-02T10:53:38,ETH,2097.5344
2024-01-02T10:53:39,ETH,2097.0026
2024-01-02T10:53:40,ETH,2098.2746
2024-01-02T10:53:41,ETH,2099.1826
2024-01-02T10:53:42,ETH,2100.2069
2024-01-02T10:53:43,ETH,2099.7054
2024-01-02T10:53:44,ETH,2099.0071
2024-01-02T10:53:45,ETH,2098.9445
2024-01-02T10:53:46,ETH,2098.6157
2024-01-02T10:53:47,ETH,2100.1975
2024-01-02T10:53:48,ETH,2101.3075
2024-01-02T10:53:49,ETH,2103.2231
2024-01-02T10:53:50,ETH,2103.7494
2024-01-02T10:53:51,ETH,2103.3962
2024-01-02T10:53:52,ETH,2102.7965
2024-01-02T10:53:53,ETH,2102.1337
2024-01-02T10:53:54,ETH,2102.3655
2024-01-02T10:53:55,ETH,2101.7903
2024-01-02T10:53:56,ETH,2101.3865
2024-01-02T10:53:57,ETH,2101.555
2024-01-02T10:53:58,ETH,2103.7727
2024-01-02T10:53:59,ETH,2104.5373
2024-01-02T10:54:00,ETH,2104.4737
2024-01-02T10:54:01,ETH,2104.6909
2024-01-02T10:54:02,ETH,2103.6221
2024-01-02T10:54:03,ETH,2102.2665
2024-01-02T10:54:04,ETH,2100.964
2024-01-02T10:54:05,ETH,2101.9664
2024-01-02T10:54:06,ETH,2100.9688
2024-01-02T10:54:07,ETH,2101.3335
2024-01-02T10:54:08,ETH,2100.5867
2024-01-02T10:54:09,ETH,2101.5472
2024-01-02T10:54:10,ETH,2102.128
2024-01-02T10:54:11,ETH,2101.0919
2024-01-02T10:54:12,ETH,2100.3604
2024-01-02T10:54:13,ETH,2100.6205
2024-01-02T10:54:14,ETH,2099.9094
2024-01-02T10:54:15,ETH,2099.183
2024-01-02T10:54:16,ETH,2098.0477
2024-01-02T10:54:17,ETH,2099.6366
2024-01-02T10:54:18,ETH,2097.4836
2024-01-02T10:54:19,ETH,2097.397
2024-01-02T10:54:20,ETH,2096.0187
2024-01-02T10:54:21,ETH,2095.3711
2024-01-02T10:54:22,ETH,2093.8129
2024-01-02T10:54:23,ETH,2094.5691
2024-01-02T10:54:24,ETH,2095.7219
2024-01-02T10:54:25,ETH,2095.6356
2024-01-02T10:54:26,ETH,2096.1196
2024-01-02T10:54:27,ETH,2096.0199
2024-01-02T10:54:28,ETH,2094.9823
2024-01-02T10:54:29,ETH,2094.9673
2024-01-02T10:54:30,ETH,2095.5195
2024-01-02T10:54:31,ETH,2093.998
2024-01-02T10:54:32,ETH,2091.5443
2024-01-02T10:54:33,ETH,2091.8587
2024-01-02T10:54:34,ETH,2092.8114
2024-01-02T10:54:35,ETH,2092.0895
2024-01-02T10:54:36,ETH,2089.5929
2024-01-02T10:54:37,ETH,2089.3031
2024-01-02T10:54:38,ETH,2086.6972
2024-01-02T10:54:39,ETH,2086.7306
2024-01-02T10:54:40,ETH,2085.8398
2024-01-02T10:54:41,ETH,2085.4571
2024-01-02T10:54:42,ETH,2088.0653
2024-01-02T10:54:43,ETH,2086.328
2024-01-02T10:54:44,ETH,2085.8939
2024-01-02T10:54:45,ETH,2083.5059
2024-01-02T10:54:46,ETH,2082.6813
2024-01-02T10:54:47,ETH,2080.9274
2024-01-02T10:54:48,ETH,2081.3963
2024-01-02T10:54:49,ETH,2078.9245
2024-01-02T10:54:50,ETH,2078.5491
2024-01-02T10:54:51,ETH,2078.2402
2024-01-02T10:54:52,ETH,2080.505
2024-01-02T10:54:53,ETH,2079.9293
2024-01-02T10:54:54,ETH,2078.8434
2024-01-02T10:54:55,ETH,2078.5361
2024-01-02T10:54:56,ETH,2079.9953
2024-01-02T10:54:57,ETH,2078.4035
2024-01-02T10:54:58,ETH,2078.4535
2024-01-02T10:54:59,ETH,2078.8993
2024-01-02T10:55:00,ETH,2079.2217
2024-01-02T11:04:00,ETH,2078.401
2024-01-02T11:04:01,ETH,2077.1195
2024-01-02T11:04:02,ETH,2075.0529
2024-01-02T11:04:03,ETH,2073.6355
2024-01-02T11:04:04,ETH,2074.1285
2024-01-02T11:04:05,ETH,2075.4229
2024-01-02T11:04:06,ETH,2075.555
2024-01-02T11:04:07,ETH,2074.541
2024-01-02T11:04:08,ETH,2073.7542
2024-01-02T11:04:09,ETH,2074.3246
2024-01-02T11:04:10,ETH,2074.1761
2024-01-02T11:04:11,ETH,2073.8949
2024-01-02T11:04:12,ETH,2073.5492
2024-01-02T11:04:13,ETH,2072.2661
2024-01-02T11:04:14,ETH,2069.3386
2024-01-02T11:04:15,ETH,2068.9866
2024-01-02T11:04:16,ETH,2067.9655
2024-01-02T11:04:17,ETH,2069.2762
2024-01-02T11:04:18,ETH,2069.0482
2024-01-02T11:04:19,ETH,2068.5769
2024-01-02T11:04:20,ETH,2067.8212
2024-01-02T11:04:21,ETH,2067.4012
2024-01-02T11:04:22,ETH,2065.8655
2024-01-02T11:04:23,ETH,2065.1095
2024-01-02T11:04:24,ETH,2064.8511
2024-01-02T11:04:25,ETH,2064.831
2024-01-02T11:04:26,ETH,2065.8791
2024-01-02T11:04:27,ETH,2066.0668
2024-01-02T11:04:28,ETH,2065.4336
2024-01-02T11:04:29,ETH,2066.155
2024-01-02T11:04:30,ETH,2065.384
2024-01-02T11:04:31,ETH,2064.6529
2024-01-02T11:04:32,ETH,2064.5766
2024-01-02T11:04:33,ETH,2063.3522
2024-01-02T11:04:34,ETH,2064.0367
2024-01-02T11:04:35,ETH,2062.9484
2024-01-02T11:04:36,ETH,2062.5344
2024-01-02T11:04:37,ETH,2061.6961
2024-01-02T11:04:38,ETH,2062.5093
2024-01-02T11:04:39,ETH,2062.2842
2024-01-02T11:04:40,ETH,2061.8003
2024-01-02T11:04:41,ETH,2063.3835
2024-01-02T11:04:42,ETH,2064.0525
2024-01-02T11:04:43,ETH,2063.0149
2024-01-02T11:04:44,ETH,2063.0097
2024-01-02T11:04:45,ETH,2061.4772
2024-01-02T11:04:46,ETH,2060.638
2024-01-02T11:04:47,ETH,2058.9873
2024-01-02T11:04:48,ETH,2057.884
2024-01-02T11:04:49,ETH,2056.3389
2024-01-02T11:04:50,ETH,2055.8387
2024-01-02T11:04:51,ETH,2056.3627
2024-01-02T11:04:52,ETH,2055.4595
2024-01-02T11:04:53,ETH,2055.4083
2024-01-02T11:04:54,ETH,2054.7035
2024-01-02T11:04:55,ETH,2055.1259
2024-01-02T11:04:56,ETH,2054.6652
2024-01-02T11:04:57,ETH,2055.6396
2024-01-02T11:04:58,ETH,2053.9658
2024-01-02T11:04:59,ETH,2054.3239
2024-01-02T11:05:00,ETH,2053.5834
2024-01-02T11:05:01,ETH,2053.1453
2024-01-02T11:05:02,ETH,2052.06
2024-01-02T11:05:03,ETH,2050.6703
2024-01-02T11:05:04,ETH,2050.4274
2024-01-02T11:05:05,ETH,2051.206
2024-01-02T11:05:06,ETH,2051.4975
2024-01-02T11:05:07,ETH,2050.6013
2024-01-02T11:05:08,ETH,2050.0839
2024-01-02T11:05:09,ETH,2048.7151
2024-01-02T11:05:10,ETH,2047.6962
2024-01-02T11:05:11,ETH,2047.1565
2024-01-02T11:05:12,ETH,2047.2774
2024-01-02T11:05:13,ETH,2046.6099
2024-01-02T11:05:14,ETH,2045.4064
2024-01-02T11:05:15,ETH,2045.3913
2024-01-02T11:05:16,ETH,2045.4172
2024-01-02T11:05:17,ETH,2044.3069
2024-01-02T11:05:18,ETH,2043.0658
2024-01-02T11:05:19,ETH,2043.6588
2024-01-02T11:05:20,ETH,2042.9712
2024-01-02T11:05:21,ETH,2042.6087
2024-01-02T11:05:22,ETH,2041.8488
2024-01-02T11:05:23,ETH,2040.7996
2024-01-02T11:05:24,ETH,2040.8167
2024-01-02T11:05:25,ETH,2040.3314
2024-01-02T11:05:26,ETH,2040.4169
2024-01-02T11:05:27,ETH,2038.7007
2024-01-02T11:05:28,ETH,2036.609
2024-01-02T11:05:29,ETH,2036.0778
2024-01-02T11:05:30,ETH,2036.8934
2024-01-02T11:05:31,ETH,2036.3361
2024-01-02T11:05:32,ETH,2035.6652
2024-01-02T11:05:33,ETH,2034.6763
2024-01-02T11:05:34,ETH,2033.9106
2024-01-02T11:05:35,ETH,2034.426
2024-01-02T11:05:36,ETH,2033.5539
2024-01-02T11:05:37,ETH,2033.6095
2024-01-02T11:05:38,ETH,2032.4458
2024-01-02T11:05:39,ETH,2031.407
2024-01-02T11:05:40,ETH,2031.3578
2024-01-02T11:05:41,ETH,2030.4292
2024-01-02T11:05:42,ETH,2030.0199
2024-01-02T11:05:43,ETH,2029.0154
2024-01-02T11:05:44,ETH,2027.8824
2024-01-02T11:05:45,ETH,2026.9288
2024-01-02T11:05:46,ETH,2025.3832
2024-01-02T11:05:47,ETH,2024.1633
2024-01-02T11:05:48,ETH,2022.8683
2024-01-02T11:05:49,ETH,2021.9538
2024-01-02T11:05:50,ETH,2021.0099
2024-01-02T11:05:51,ETH,2019.6018
2024-01-02T11:05:52,ETH,2018.3025
2024-01-02T11:05:53,ETH,2019.0833
2024-01-02T11:05:54,ETH,2018.506
2024-01-02T11:05:55,ETH,2018.1499
2024-01-02T11:05:56,ETH,2018.0494
2024-01-02T11:05:57,ETH,2016.2965
2024-01-02T11:05:58,ETH,2015.6573
2024-01-02T11:05:59,ETH,2017.9756
2024-01-02T11:06:00,ETH,2016.2021
2024-01-02T11:06:01,ETH,2014.5224
2024-01-02T11:06:02,ETH,2013.5875
2024-01-02T11:06:03,ETH,2014.1157
2024-01-02T11:06:04,ETH,2013.5537
2024-01-02T11:06:05,ETH,2013.6268
2024-01-02T11:06:06,ETH,2014.258
2024-01-02T11:06:07,ETH,2012.3027
2024-01-02T11:06:08,ETH,2013.7444
2024-01-02T11:06:09,ETH,2013.437
2024-01-02T11:06:10,ETH,2010.1148
2024-01-02T11:06:11,ETH,2010.0856
2024-01-02T11:06:12,ETH,2009.6614
2024-01-02T11:06:13,ETH,2010.3193
2024-01-02T11:06:14,ETH,2009.8321
2024-01-02T11:06:15,ETH,2008.0033
2024-01-02T11:06:16,ETH,2007.42
2024-01-02T11:06:17,ETH,2006.5461
2024-01-02T11:06:18,ETH,2006.43
2024-01-02T11:06:19,ETH,2006.1718
2024-01-02T11:06:20,ETH,2004.2904
2024-01-02T11:06:21,ETH,2004.9769
2024-01-02T11:06:22,ETH,2004.8246
2024-01-02T11:06:23,ETH,2005.0855
2024-01-02T11:06:24,ETH,2003.956
2024-01-02T11:06:25,ETH,2002.4458
2024-01-02T11:06:26,ETH,2002.4819
2024-01-02T11:06:27,ETH,2001.1988
2024-01-02T11:06:28,ETH,2000.0572
2024-01-02T11:06:29,ETH,1998.0996
2024-01-02T11:06:30,ETH,1999.4071
2024-01-02T11:06:31,ETH,2000.8004
2024-01-02T11:06:32,ETH,1999.5323
2024-01-02T11:06:33,ETH,1999.4067
2024-01-02T11:06:34,ETH,1998.6448
2024-01-02T11:06:35,ETH,1998.4415
2024-01-02T11:06:36,ETH,1996.8065
2024-01-02T11:06:37,ETH,1997.3234
2024-01-02T11:06:38,ETH,1997.1271
2024-01-02T11:06:39,ETH,1996.7918
2024-01-02T11:06:40,ETH,1996.8106
2024-01-02T11:06:41,ETH,1995.4277
2024-01-02T11:06:42,ETH,1995.3634
2024-01-02T11:06:43,ETH,1994.1657
2024-01-02T11:06:44,ETH,1993.6394
2024-01-02T11:06:45,ETH,1993.1315
2024-01-02T11:06:46,ETH,1993.4579
2024-01-02T11:06:47,ETH,1994.6785
2024-01-02T11:06:48,ETH,1993.8101
2024-01-02T11:06:49,ETH,1993.329
2024-01-02T11:06:50,ETH,1993.82
2024-01-02T11:06:51,ETH,1994.89
2024-01-02T11:06:52,ETH,1994.7442
2024-01-02T11:06:53,ETH,1995.0695
2024-01-02T11:06:54,ETH,1995.9375
2024-01-02T11:06:55,ETH,1995.384
2024-01-02T11:06:56,ETH,1993.7348
2024-01-02T11:06:57,ETH,1993.2309
2024-01-02T11:06:58,ETH,1991.8723
2024-01-02T11:06:59,ETH,1991.8703
2024-01-02T11:07:00,ETH,1991.939
2024-01-02T11:07:01,ETH,1990.9404
2024-01-02T11:07:02,ETH,1990.1633
2024-01-02T11:07:03,ETH,1991.0583
2024-01-02T11:07:04,ETH,1990.2341
2024-01-02T11:07:05,ETH,1987.5743
2024-01-02T11:07:06,ETH,1988.3418
2024-01-02T11:07:07,ETH,1987.4179
2024-01-02T11:07:08,ETH,1985.8599
2024-01-02T11:07:09,ETH,1984.3981
2024-01-02T11:07:10,ETH,1983.5483
2024-01-02T11:07:11,ETH,1983.6921
2024-01-02T11:07:12,ETH,1984.2258
2024-01-02T11:07:13,ETH,1984.5664
2024-01-02T11:07:14,ETH,1984.4909
2024-01-02T11:07:15,ETH,1983.808
2024-01-02T11:07:16,ETH,1985.0529
2024-01-02T11:07:17,ETH,1983.764
2024-01-02T11:07:18,ETH,1983.0162
2024-01-02T11:07:19,ETH,1981.7304
2024-01-02T11:07:20,ETH,1980.6091
2024-01-02T11:07:21,ETH,1978.7487
2024-01-02T11:07:22,ETH,1978.2006
2024-01-02T11:07:23,ETH,1977.8432
2024-01-02T11:07:24,ETH,1976.4799
2024-01-02T11:07:25,ETH,1976.4384
2024-01-02T11:07:26,ETH,1975.8005
2024-01-02T11:07:27,ETH,1975.8878
2024-01-02T11:07:28,ETH,1976.3639
2024-01-02T11:07:29,ETH,1976.8916
2024-01-02T11:07:30,ETH,1976.7808
2024-01-02T11:07:31,ETH,1976.5005
2024-01-02T11:07:32,ETH,1977.0994
2024-01-02T11:07:33,ETH,1976.5918
2024-01-02T11:07:34,ETH,1975.0312
2024-01-02T11:07:35,ETH,1974.2571
2024-01-02T11:07:36,ETH,1972.2855
2024-01-02T11:07:37,ETH,1971.203
2024-01-02T11:07:38,ETH,1970.6073
2024-01-02T11:07:39,ETH,1969.9751
2024-01-02T11:07:40,ETH,1967.6671
2024-01-02T11:07:41,ETH,1967.0012
2024-01-02T11:07:42,ETH,1966.4075
2024-01-02T11:07:43,ETH,1965.9439
2024-01-02T11:07:44,ETH,1966.427
2024-01-02T11:07:45,ETH,1966.8075
2024-01-02T11:07:46,ETH,1965.8617
2024-01-02T11:07:47,ETH,1965.408
2024-01-02T11:07:48,ETH,1965.2671
2024-01-02T11:07:49,ETH,1967.2296
2024-01-02T11:07:50,ETH,1967.0527
2024-01-02T11:07:51,ETH,1967.9017
2024-01-02T11:07:52,ETH,1968.0626
2024-01-02T11:07:53,ETH,1968.2159
2024-01-02T11:07:54,ETH,1968.873
2024-01-02T11:07:55,ETH,1967.6375
2024-01-02T11:07:56,ETH,1968.506
2024-01-02T11:07:57,ETH,1968.8291
2024-01-02T11:07:58,ETH,1968.9587
2024-01-02T11:07:59,ETH,1967.8239
2024-01-02T11:08:00,ETH,1968.995
2024-01-02T11:08:01,ETH,1969.8406
2024-01-02T11:08:02,ETH,1971.2419
2024-01-02T11:08:03,ETH,1971.077
2024-01-02T11:08:04,ETH,1970.8281
2024-01-02T11:08:05,ETH,1973.4907
2024-01-02T11:08:06,ETH,1970.8476
2024-01-02T11:08:07,ETH,1971.1646
2024-01-02T11:08:08,ETH,1968.4993
2024-01-02T11:08:09,ETH,1969.4014
2024-01-02T11:08:10,ETH,1969.5331
2024-01-02T11:08:11,ETH,1969.5621
2024-01-02T11:08:12,ETH,1969.8826
2024-01-02T11:08:13,ETH,1969.9368
2024-01-02T11:08:14,ETH,1967.5925
2024-01-02T11:08:15,ETH,1966.0585
2024-01-02T11:08:16,ETH,1966.4532
2024-01-02T11:08:17,ETH,1966.107
2024-01-02T11:08:18,ETH,1965.3644
2024-01-02T11:08:19,ETH,1965.9201
2024-01-02T11:08:20,ETH,1965.0094
2024-01-02T11:08:21,ETH,1963.9625
2024-01-02T11:08:22,ETH,1964.5639
2024-01-02T11:08:23,ETH,1964.1018
2024-01-02T11:08:24,ETH,1960.9823
2024-01-02T11:08:25,ETH,1962.9049
2024-01-02T11:08:26,ETH,1961.9987
2024-01-02T11:08:27,ETH,1960.0648
2024-01-02T11:08:28,ETH,1961.0628
2024-01-02T11:08:29,ETH,1961.6052
2024-01-02T11:08:30,ETH,1960.7947
2024-01-02T11:08:31,ETH,1960.9426
2024-01-02T11:08:32,ETH,1960.5576
2024-01-02T11:08:33,ETH,1958.9602
2024-01-02T11:08:34,ETH,1959.8043
2024-01-02T11:08:35,ETH,1958.8834
2024-01-02T11:08:36,ETH,1958.8549
2024-01-02T11:08:37,ETH,1958.3274
2024-01-02T11:08:38,ETH,1960.2026
2024-01-02T11:08:39,ETH,1959.4442
2024-01-02T11:08:40,ETH,1959.8141
2024-01-02T11:08:41,ETH,1958.101
2024-01-02T11:08:42,ETH,1959.3791
2024-01-02T11:08:43,ETH,1959.1141
2024-01-02T11:08:44,ETH,1957.8189
2024-01-02T11:08:45,ETH,1958.8853
2024-01-02T11:08:46,ETH,1958.2874
2024-01-02T11:08:47,ETH,1956.4882
2024-01-02T11:08:48,ETH,1955.7944
2024-01-02T11:08:49,ETH,1955.4697
2024-01-02T11:08:50,ETH,1954.333
2024-01-02T11:08:51,ETH,1953.5727
2024-01-02T11:08:52,ETH,1954.8251
2024-01-02T11:08:53,ETH,1956.1043
2024-01-02T11:08:54,ETH,1954.9547
2024-01-02T11:08:55,ETH,1954.8149
2024-01-02T11:08:56,ETH,1954.5134
2024-01-02T11:08:57,ETH,1953.8566
2024-01-02T11:08:58,ETH,1953.056
2024-01-02T11:08:59,ETH,1952.6193
2024-01-02T11:09:00,ETH,1953.1723
2024-01-02T11:09:01,ETH,1953.4238
2024-01-02T11:09:02,ETH,1953.1991
2024-01-02T11:09:03,ETH,1952.2815
2024-01-02T11:09:04,ETH,1951.8386
2024-01-02T11:09:05,ETH,1952.587
2024-01-02T11:09:06,ETH,1951.9666
2024-01-02T11:09:07,ETH,1950.544
2024-01-02T11:09:08,ETH,1950.0498
2024-01-02T11:09:09,ETH,1949.4952
2024-01-02T11:09:10,ETH,1949.2476
2024-01-02T11:09:11,ETH,1947.1095
2024-01-02T11:09:12,ETH,1947.4064
2024-01-02T11:09:13,ETH,1944.5987
2024-01-02T11:09:14,ETH,1945.0434
2024-01-02T11:09:15,ETH,1946.1538
2024-01-02T11:09:16,ETH,1944.9888
2024-01-02T11:09:17,ETH,1944.6847
2024-01-02T11:09:18,ETH,1942.8795
2024-01-02T11:09:19,ETH,1943.5766
2024-01-02T11:09:20,ETH,1945.5598
2024-01-02T11:09:21,ETH,1945.7735
2024-01-02T11:09:22,ETH,1946.1047
2024-01-02T11:09:23,ETH,1945.0544
2024-01-02T11:09:24,ETH,1946.4466
2024-01-02T11:09:25,ETH,1945.0331
2024-01-02T11:09:26,ETH,1945.4422
2024-01-02T11:09:27,ETH,1943.8453
2024-01-02T11:09:28,ETH,1941.6279
2024-01-02T11:09:29,ETH,1940.8875
2024-01-02T11:09:30,ETH,1941.4382
2024-01-02T11:09:31,ETH,1943.2349
2024-01-02T11:09:32,ETH,1940.2547
2024-01-02T11:09:33,ETH,1939.7294
2024-01-02T11:09:34,ETH,1939.7701
2024-01-02T11:09:35,ETH,1938.6472
2024-01-02T11:09:36,ETH,1938.2552
2024-01-02T11:09:37,ETH,1937.9642
2024-01-02T11:09:38,ETH,1937.6816
2024-01-02T11:09:39,ETH,1937.3655
2024-01-02T11:09:40,ETH,1935.5613
2024-01-02T11:09:41,ETH,1935.2827
2024-01-02T11:09:42,ETH,1933.41
2024-01-02T11:09:43,ETH,1933.8814
2024-01-02T11:09:44,ETH,1931.9508
2024-01-02T11:09:45,ETH,1930.4392
2024-01-02T11:09:46,ETH,1929.5235
2024-01-02T11:09:47,ETH,1928.0947
2024-01-02T11:09:48,ETH,1927.1408
2024-01-02T11:09:49,ETH,1929.0747
2024-01-02T11:09:50,ETH,1928.6764
2024-01-02T11:09:51,ETH,1928.1654
2024-01-02T11:09:52,ETH,1927.8252
2024-01-02T11:09:53,ETH,1927.6436
2024-01-02T11:09:54,ETH,1926.0821
2024-01-02T11:09:55,ETH,1923.7827
2024-01-02T11:09:56,ETH,1923.099
2024-01-02T11:09:57,ETH,1922.2333
2024-01-02T11:09:58,ETH,1923.1679
2024-01-02T11:09:59,ETH,1921.8932
2024-01-02T11:10:00,ETH,1921.5062
2024-01-02T13:59:00,ETH,1921.4055
2024-01-02T13:59:01,ETH,1922.0321
2024-01-02T13:59:02,ETH,1921.8519
2024-01-02T13:59:03,ETH,1921.1828
2024-01-02T13:59:04,ETH,1921.6348
2024-01-02T13:59:05,ETH,1922.6799
2024-01-02T13:59:06,ETH,1923.7084
2024-01-02T13:59:07,ETH,1924.1313
2024-01-02T13:59:08,ETH,1923.2059
2024-01-02T13:59:09,ETH,1922.4634
2024-01-02T13:59:10,ETH,1922.7122
2024-01-02T13:59:11,ETH,1922.8184
2024-01-02T13:59:12,ETH,1923.8259
2024-01-02T13:59:13,ETH,1925.1661
2024-01-02T13:59:14,ETH,1923.8357
2024-01-02T13:59:15,ETH,1924.0932
2024-01-02T13:59:16,ETH,1922.6529
2024-01-02T13:59:17,ETH,1923.0913
2024-01-02T13:59:18,ETH,1922.9588
2024-01-02T13:59:19,ETH,1922.9903
2024-01-02T13:59:20,ETH,1921.8466
2024-01-02T13:59:21,ETH,1921.9953
2024-01-02T13:59:22,ETH,1921.988
2024-01-02T13:59:23,ETH,1921.1296
2024-01-02T13:59:24,ETH,1920.8226
2024-01-02T13:59:25,ETH,1920.9426
2024-01-02T13:59:26,ETH,1920.9197
2024-01-02T13:59:27,ETH,1920.0336
2024-01-02T13:59:28,ETH,1921.7489
2024-01-02T13:59:29,ETH,1921.7011
2024-01-02T13:59:30,ETH,1922.1394
2024-01-02T13:59:31,ETH,1921.6744
2024-01-02T13:59:32,ETH,1923.4158
2024-01-02T13:59:33,ETH,1923.5442
2024-01-02T13:59:34,ETH,1922.2115
2024-01-02T13:59:35,ETH,1922.0936
2024-01-02T13:59:36,ETH,1922.6492
2024-01-02T13:59:37,ETH,1922.1104
2024-01-02T13:59:38,ETH,1921.2726
2024-01-02T13:59:39,ETH,1923.2227
2024-01-02T13:59:40,ETH,1924.4418
2024-01-02T13:59:41,ETH,1923.1583
2024-01-02T13:59:42,ETH,1923.5326
2024-01-02T13:59:43,ETH,1923.2096
2024-01-02T13:59:44,ETH,1923.545
2024-01-02T13:59:45,ETH,1923.7722
2024-01-02T13:59:46,ETH,1922.6377
2024-01-02T13:59:47,ETH,1922.8257
2024-01-02T13:59:48,ETH,1921.7871
2024-01-02T13:59:49,ETH,1922.6247
2024-01-02T13:59:50,ETH,1923.7055
2024-01-02T13:59:51,ETH,1926.3771
2024-01-02T13:59:52,ETH,1926.5169
2024-01-02T13:59:53,ETH,1926.5178
2024-01-02T13:59:54,ETH,1927.1846
2024-01-02T13:59:55,ETH,1926.6194
2024-01-02T13:59:56,ETH,1926.7562
2024-01-02T13:59:57,ETH,1927.0713
2024-01-02T13:59:58,ETH,1926.8627
2024-01-02T13:59:59,ETH,1925.4826
2024-01-02T14:00:00,ETH,1924.4555
2024-01-02T14:00:01,ETH,1924.9019
2024-01-02T14:00:02,ETH,1924.7
2024-01-02T14:00:03,ETH,1925.9374
2024-01-02T14:00:04,ETH,1926.0601
2024-01-02T14:00:05,ETH,1926.8756
2024-01-02T14:00:06,ETH,1926.6573
2024-01-02T14:00:07,ETH,1926.6092
2024-01-02T14:00:08,ETH,1927.1943
2024-01-02T14:00:09,ETH,1925.7669
2024-01-02T14:00:10,ETH,1926.168
2024-01-02T14:00:11,ETH,1926.5757
2024-01-02T14:00:12,ETH,1926.0434
2024-01-02T14:00:13,ETH,1927.012
2024-01-02T14:00:14,ETH,1926.91
2024-01-02T14:00:15,ETH,1926.5978
2024-01-02T14:00:16,ETH,1928.3674
2024-01-02T14:00:17,ETH,1926.3192
2024-01-02T14:00:18,ETH,1926.9734
2024-01-02T14:00:19,ETH,1926.6011
2024-01-02T14:00:20,ETH,1926.6809
2024-01-02T14:00:21,ETH,1925.9804
2024-01-02T14:00:22,ETH,1924.852
2024-01-02T14:00:23,ETH,1925.125
2024-01-02T14:00:24,ETH,1924.2986
2024-01-02T14:00:25,ETH,1924.868
2024-01-02T14:00:26,ETH,1922.885
2024-01-02T14:00:27,ETH,1923.5672
2024-01-02T14:00:28,ETH,1923.3128
2024-01-02T14:00:29,ETH,1924.6066
2024-01-02T14:00:30,ETH,1924.6835
2024-01-02T14:00:31,ETH,1925.2553
2024-01-02T14:00:32,ETH,1924.2233
2024-01-02T14:00:33,ETH,1924.0441
2024-01-02T14:00:34,ETH,1923.4038
2024-01-02T14:00:35,ETH,1924.9694
2024-01-02T14:00:36,ETH,1924.9395
2024-01-02T14:00:37,ETH,1924.6516
2024-01-02T14:00:38,ETH,1926.0476
2024-01-02T14:00:39,ETH,1926.6154
2024-01-02T14:00:40,ETH,1925.9647
2024-01-02T14:00:41,ETH,1925.3549
2024-01-02T14:00:42,ETH,1924.9105
2024-01-02T14:00:43,ETH,1925.3167
2024-01-02T14:00:44,ETH,1926.1367
2024-01-02T14:00:45,ETH,1926.1989
2024-01-02T14:00:46,ETH,1926.804
2024-01-02T14:00:47,ETH,1925.6535
2024-01-02T14:00:48,ETH,1926.8244
2024-01-02T14:00:49,ETH,1927.9675
2024-01-02T14:00:50,ETH,1928.6983
2024-01-02T14:00:51,ETH,1928.1406
2024-01-02T14:00:52,ETH,1928.7862
2024-01-02T14:00:53,ETH,1929.536
2024-01-02T14:00:54,ETH,1930.1578
2024-01-02T14:00:55,ETH,1930.1239
2024-01-02T14:00:56,ETH,1929.8999
2024-01-02T14:00:57,ETH,1928.6662
2024-01-02T14:00:58,ETH,1927.2939
2024-01-02T14:00:59,ETH,1927.0687
2024-01-02T14:01:00,ETH,1926.6233
2024-01-02T14:01:01,ETH,1926.5575
2024-01-02T14:01:02,ETH,1927.3295
2024-01-02T14:01:03,ETH,1927.9687
2024-01-02T14:01:04,ETH,1926.8223
2024-01-02T14:01:05,ETH,1925.6189
2024-01-02T14:01:06,ETH,1925.5591
2024-01-02T14:01:07,ETH,1925.3474
2024-01-02T14:01:08,ETH,1925.7285
2024-01-02T14:01:09,ETH,1926.5274
2024-01-02T14:01:10,ETH,1926.4988
2024-01-02T14:01:11,ETH,1927.2029
2024-01-02T14:01:12,ETH,1927.3678
2024-01-02T14:01:13,ETH,1930.0039
2024-01-02T14:01:14,ETH,1930.9613
2024-01-02T14:01:15,ETH,1931.7278
2024-01-02T14:01:16,ETH,1931.5813
2024-01-02T14:01:17,ETH,1928.5445
2024-01-02T14:01:18,ETH,1927.4222
2024-01-02T14:01:19,ETH,1925.5976
2024-01-02T14:01:20,ETH,1926.1324
2024-01-02T14:01:21,ETH,1927.0881
2024-01-02T14:01:22,ETH,1926.3813
2024-01-02T14:01:23,ETH,1926.6294
2024-01-02T14:01:24,ETH,1925.5034
2024-01-02T14:01:25,ETH,1926.0756
2024-01-02T14:01:26,ETH,1926.156
2024-01-02T14:01:27,ETH,1926.7424
2024-01-02T14:01:28,ETH,1926.3837
2024-01-02T14:01:29,ETH,1924.9651
2024-01-02T14:01:30,ETH,1925.324
2024-01-02T14:01:31,ETH,1924.7129
2024-01-02T14:01:32,ETH,1926.0552
2024-01-02T14:01:33,ETH,1926.4876
2024-01-02T14:01:34,ETH,1927.5217
2024-01-02T14:01:35,ETH,1927.0868
2024-01-02T14:01:36,ETH,1927.7915
2024-01-02T14:01:37,ETH,1927.6404
2024-01-02T14:01:38,ETH,1928.2121
2024-01-02T14:01:39,ETH,1929.8345
2024-01-02T14:01:40,ETH,1930.0229
2024-01-02T14:01:41,ETH,1930.0905
2024-01-02T14:01:42,ETH,1928.3703
2024-01-02T14:01:43,ETH,1929.0394
2024-01-02T14:01:44,ETH,1929.1503
2024-01-02T14:01:45,ETH,1930.4737
2024-01-02T14:01:46,ETH,1929.9615
2024-01-02T14:01:47,ETH,1929.0979
2024-01-02T14:01:48,ETH,1930.2101
2024-01-02T14:01:49,ETH,1929.0377
2024-01-02T14:01:50,ETH,1928.2704
2024-01-02T14:01:51,ETH,1927.6343
2024-01-02T14:01:52,ETH,1927.797
2024-01-02T14:01:53,ETH,1927.9892
2024-01-02T14:01:54,ETH,1927.3196
2024-01-02T14:01:55,ETH,1926.5859
2024-01-02T14:01:56,ETH,1927.978
2024-01-02T14:01:57,ETH,1927.4462
2024-01-02T14:01:58,ETH,1927.0635
2024-01-02T14:01:59,ETH,1928.3305
2024-01-02T14:02:00,ETH,1929.778
2024-01-02T14:02:01,ETH,1928.5386
2024-01-02T14:02:02,ETH,1928.555
2024-01-02T14:02:03,ETH,1928.6781
2024-01-02T14:02:04,ETH,1927.8528
2024-01-02T14:02:05,ETH,1928.7762
2024-01-02T14:02:06,ETH,1928.7738
2024-01-02T14:02:07,ETH,1929.9186
2024-01-02T14:02:08,ETH,1930.3493
2024-01-02T14:02:09,ETH,1928.4233
2024-01-02T14:02:10,ETH,1928.0292
2024-01-02T14:02:11,ETH,1927.4019
2024-01-02T14:02:12,ETH,1927.3141
2024-01-02T14:02:13,ETH,1928.6071
2024-01-02T14:02:14,ETH,1930.6186
2024-01-02T14:02:15,ETH,1928.9535
2024-01-02T14:02:16,ETH,1929.5426
2024-01-02T14:02:17,ETH,1928.2691
2024-01-02T14:02:18,ETH,1927.9164
2024-01-02T14:02:19,ETH,1928.7879
2024-01-02T14:02:20,ETH,1929.7412
2024-01-02T14:02:21,ETH,1930.6546
2024-01-02T14:02:22,ETH,1929.4742
2024-01-02T14:02:23,ETH,1928.278
2024-01-02T14:02:24,ETH,1926.8715
2024-01-02T14:02:25,ETH,1928.0306
2024-01-02T14:02:26,ETH,1928.6688
2024-01-02T14:02:27,ETH,1928.9633
2024-01-02T14:02:28,ETH,1928.8411
2024-01-02T14:02:29,ETH,1929.6366
2024-01-02T14:02:30,ETH,1929.7819
2024-01-02T14:02:31,ETH,1929.5765
2024-01-02T14:02:32,ETH,1930.5477
2024-01-02T14:02:33,ETH,1931.2389
2024-01-02T14:02:34,ETH,1931.2445
2024-01-02T14:02:35,ETH,1932.3729
2024-01-02T14:02:36,ETH,1933.7695
2024-01-02T14:02:37,ETH,1932.3438
2024-01-02T14:02:38,ETH,1933.0847
2024-01-02T14:02:39,ETH,1932.9379
2024-01-02T14:02:40,ETH,1931.844
2024-01-02T14:02:41,ETH,1933.2274
2024-01-02T14:02:42,ETH,1931.7136
2024-01-02T14:02:43,ETH,1933.3232
2024-01-02T14:02:44,ETH,1933.8381
2024-01-02T14:02:45,ETH,1932.8494
2024-01-02T14:02:46,ETH,1932.0407
2024-01-02T14:02:47,ETH,1930.9332
2024-01-02T14:02:48,ETH,1931.8021
2024-01-02T14:02:49,ETH,1930.373
2024-01-02T14:02:50,ETH,1930.8742
2024-01-02T14:02:51,ETH,1930.1895
2024-01-02T14:02:52,ETH,1930.6469
2024-01-02T14:02:53,ETH,1931.0235
2024-01-02T14:02:54,ETH,1929.7474
2024-01-02T14:02:55,ETH,1930.6492
2024-01-02T14:02:56,ETH,1929.4896
2024-01-02T14:02:57,ETH,1929.6219
2024-01-02T14:02:58,ETH,1928.5327
2024-01-02T14:02:59,ETH,1926.9495
2024-01-02T14:03:00,ETH,1926.2186
2024-01-02T14:03:01,ETH,1927.4873
2024-01-02T14:03:02,ETH,1927.1542
2024-01-02T14:03:03,ETH,1926.5579
2024-01-02T14:03:04,ETH,1926.1233
2024-01-02T14:03:05,ETH,1926.7764
2024-01-02T14:03:06,ETH,1924.8705
2024-01-02T14:03:07,ETH,1925.8962
2024-01-02T14:03:08,ETH,1925.6844
2024-01-02T14:03:09,ETH,1927.1423
2024-01-02T14:03:10,ETH,1928.0116
2024-01-02T14:03:11,ETH,1928.4379
2024-01-02T14:03:12,ETH,1925.9754
2024-01-02T14:03:13,ETH,1924.1832
2024-01-02T14:03:14,ETH,1923.5617
2024-01-02T14:03:15,ETH,1925.8811
2024-01-02T14:03:16,ETH,1926.5438
2024-01-02T14:03:17,ETH,1925.3549
2024-01-02T14:03:18,ETH,1924.3019
2024-01-02T14:03:19,ETH,1924.0346
2024-01-02T14:03:20,ETH,1923.8317
2024-01-02T14:03:21,ETH,1924.2512
2024-01-02T14:03:22,ETH,1923.6399
2024-01-02T14:03:23,ETH,1922.2981
2024-01-02T14:03:24,ETH,1923.5238
2024-01-02T14:03:25,ETH,1922.9231
2024-01-02T14:03:26,ETH,1922.0606
2024-01-02T14:03:27,ETH,1921.3524
2024-01-02T14:03:28,ETH,1921.1345
2024-01-02T14:03:29,ETH,1921.1828
2024-01-02T14:03:30,ETH,1920.7759
2024-01-02T14:03:31,ETH,1919.4211
2024-01-02T14:03:32,ETH,1919.2083
2024-01-02T14:03:33,ETH,1919.8908
2024-01-02T14:03:34,ETH,1919.4644
2024-01-02T14:03:35,ETH,1919.9332
2024-01-02T14:03:36,ETH,1918.6083
2024-01-02T14:03:37,ETH,1918.376
2024-01-02T14:03:38,ETH,1919.532
2024-01-02T14:03:39,ETH,1920.5288
2024-01-02T14:03:40,ETH,1920.4289
2024-01-02T14:03:41,ETH,1921.2783
2024-01-02T14:03:42,ETH,1920.9659
2024-01-02T14:03:43,ETH,1919.8336
2024-01-02T14:03:44,ETH,1919.0348
2024-01-02T14:03:45,ETH,1919.961
2024-01-02T14:03:46,ETH,1921.7131
2024-01-02T14:03:47,ETH,1920.7595
2024-01-02T14:03:48,ETH,1921.6196
2024-01-02T14:03:49,ETH,1920.0781
2024-01-02T14:03:50,ETH,1920.441
2024-01-02T14:03:51,ETH,1920.1865
2024-01-02T14:03:52,ETH,1919.4789
2024-01-02T14:03:53,ETH,1919.0165
2024-01-02T14:03:54,ETH,1917.4306
2024-01-02T14:03:55,ETH,1915.9949
2024-01-02T14:03:56,ETH,1915.1926
2024-01-02T14:03:57,ETH,1916.0156
2024-01-02T14:03:58,ETH,1915.7422
2024-01-02T14:03:59,ETH,1915.6406
2024-01-02T14:04:00,ETH,1914.246
2024-01-02T14:04:01,ETH,1914.3015
2024-01-02T14:04:02,ETH,1912.6705
2024-01-02T14:04:03,ETH,1913.1497
2024-01-02T14:04:04,ETH,1915.9104
2024-01-02T14:04:05,ETH,1914.3503
2024-01-02T14:04:06,ETH,1914.3224
2024-01-02T14:04:07,ETH,1913.0636
2024-01-02T14:04:08,ETH,1911.743
2024-01-02T14:04:09,ETH,1913.3449
2024-01-02T14:04:10,ETH,1911.1088
2024-01-02T14:04:11,ETH,1910.0106
2024-01-02T14:04:12,ETH,1909.2438
2024-01-02T14:04:13,ETH,1909.0435
2024-01-02T14:04:14,ETH,1907.0893
2024-01-02T14:04:15,ETH,1908.2586
2024-01-02T14:04:16,ETH,1908.586
2024-01-02T14:04:17,ETH,1910.439
2024-01-02T14:04:18,ETH,1910.9169
2024-01-02T14:04:19,ETH,1911.2355
2024-01-02T14:04:20,ETH,1911.8247
2024-01-02T14:04:21,ETH,1911.0449
2024-01-02T14:04:22,ETH,1909.7703
2024-01-02T14:04:23,ETH,1909.6039
2024-01-02T14:04:24,ETH,1908.1857
2024-01-02T14:04:25,ETH,1907.2847
2024-01-02T14:04:26,ETH,1905.6538
2024-01-02T14:04:27,ETH,1905.1148
2024-01-02T14:04:28,ETH,1904.431
2024-01-02T14:04:29,ETH,1904.5431
2024-01-02T14:04:30,ETH,1904.6074
2024-01-02T14:04:31,ETH,1903.218
2024-01-02T14:04:32,ETH,1905.4293
2024-01-02T14:04:33,ETH,1904.3473
2024-01-02T14:04:34,ETH,1905.1322
2024-01-02T14:04:35,ETH,1903.3746
2024-01-02T14:04:36,ETH,1903.6853
2024-01-02T14:04:37,ETH,1902.9355
2024-01-02T14:04:38,ETH,1902.4179
2024-01-02T14:04:39,ETH,1902.4673
2024-01-02T14:04:40,ETH,1901.847
2024-01-02T14:04:41,ETH,1904.8148
2024-01-02T14:04:42,ETH,1906.1726
2024-01-02T14:04:43,ETH,1905.5307
2024-01-02T14:04:44,ETH,1904.7861
2024-01-02T14:04:45,ETH,1905.2426
2024-01-02T14:04:46,ETH,1904.0191
2024-01-02T14:04:47,ETH,1903.4715
2024-01-02T14:04:48,ETH,1902.7334
2024-01-02T14:04:49,ETH,1902.0957
2024-01-02T14:04:50,ETH,1903.127
2024-01-02T14:04:51,ETH,1902.4133
2024-01-02T14:04:52,ETH,1903.1382
2024-01-02T14:04:53,ETH,1902.8432
2024-01-02T14:04:54,ETH,1901.5295
2024-01-02T14:04:55,ETH,1898.7772
2024-01-02T14:04:56,ETH,1898.2494
2024-01-02T14:04:57,ETH,1898.9651
2024-01-02T14:04:58,ETH,1898.9609
2024-01-02T14:04:59,ETH,1899.6109
2024-01-02T14:05:00,ETH,1899.9127
2024-01-02T19:27:00,ETH,1899.0318
2024-01-02T19:27:01,ETH,1899.4896
2024-01-02T19:27:02,ETH,1900.2643
2024-01-02T19:27:03,ETH,1900.6729
2024-01-02T19:27:04,ETH,1900.7557
2024-01-02T19:27:05,ETH,1901.8486
2024-01-02T19:27:06,ETH,1901.073
2024-01-02T19:27:07,ETH,1901.2368
2024-01-02T19:27:08,ETH,1901.4622
2024-01-02T19:27:09,ETH,1902.0502
2024-01-02T19:27:10,ETH,1902.9053
2024-01-02T19:27:11,ETH,1902.3445
2024-01-02T19:27:12,ETH,1903.2982
2024-01-02T19:27:13,ETH,1905.3474
2024-01-02T19:27:14,ETH,1906.3119
2024-01-02T19:27:15,ETH,1906.4286
2024-01-02T19:27:16,ETH,1905.8613
2024-01-02T19:27:17,ETH,1905.7283
2024-01-02T19:27:18,ETH,1906.6636
2024-01-02T19:27:19,ETH,1906.3983
2024-01-02T19:27:20,ETH,1909.2269
2024-01-02T19:27:21,ETH,1909.72
2024-01-02T19:27:22,ETH,1910.7905
2024-01-02T19:27:23,ETH,1910.5077
2024-01-02T19:27:24,ETH,1911.3516
2024-01-02T19:27:25,ETH,1912.2421
2024-01-02T19:27:26,ETH,1911.8081
2024-01-02T19:27:27,ETH,1914.091
2024-01-02T19:27:28,ETH,1913.6066
2024-01-02T19:27:29,ETH,1913.8138
2024-01-02T19:27:30,ETH,1913.285
2024-01-02T19:27:31,ETH,1915.5513
2024-01-02T19:27:32,ETH,1916.5613
2024-01-02T19:27:33,ETH,1915.7315
2024-01-02T19:27:34,ETH,1915.3649
2024-01-02T19:27:35,ETH,1913.2326
2024-01-02T19:27:36,ETH,1912.6745
2024-01-02T19:27:37,ETH,1914.5052
2024-01-02T19:27:38,ETH,1914.3173
2024-01-02T19:27:39,ETH,1915.3469
2024-01-02T19:27:40,ETH,1916.6707
2024-01-02T19:27:41,ETH,1916.7887
2024-01-02T19:27:42,ETH,1915.9961
2024-01-02T19:27:43,ETH,1915.5505
2024-01-02T19:27:44,ETH,1916.1754
2024-01-02T19:27:45,ETH,1916.1037
2024-01-02T19:27:46,ETH,1917.1557
2024-01-02T19:27:47,ETH,1918.4608
2024-01-02T19:27:48,ETH,1917.9151
2024-01-02T19:27:49,ETH,1918.1518
2024-01-02T19:27:50,ETH,1918.9523
2024-01-02T19:27:51,ETH,1919.3672
2024-01-02T19:27:52,ETH,1920.0094
2024-01-02T19:27:53,ETH,1921.5913
2024-01-02T19:27:54,ETH,1924.3211
2024-01-02T19:27:55,ETH,1924.0299
2024-01-02T19:27:56,ETH,1924.2466
2024-01-02T19:27:57,ETH,1924.9964
2024-01-02T19:27:58,ETH,1925.1264
2024-01-02T19:27:59,ETH,1924.2106
2024-01-02T19:28:00,ETH,1924.7215
2024-01-02T19:28:01,ETH,1923.6258
2024-01-02T19:28:02,ETH,1922.9358
2024-01-02T19:28:03,ETH,1922.8387
2024-01-02T19:28:04,ETH,1923.3812
2024-01-02T19:28:05,ETH,1923.1427
2024-01-02T19:28:06,ETH,1923.7544
2024-01-02T19:28:07,ETH,1923.0411
2024-01-02T19:28:08,ETH,1924.2053
2024-01-02T19:28:09,ETH,1924.1393
2024-01-02T19:28:10,ETH,1923.5291
2024-01-02T19:28:11,ETH,1924.5718
2024-01-02T19:28:12,ETH,1923.8766
2024-01-02T19:28:13,ETH,1924.5859
2024-01-02T19:28:14,ETH,1925.025
2024-01-02T19:28:15,ETH,1926.3559
2024-01-02T19:28:16,ETH,1927.1467
2024-01-02T19:28:17,ETH,1927.138
2024-01-02T19:28:18,ETH,1928.5056
2024-01-02T19:28:19,ETH,1928.6722
2024-01-02T19:28:20,ETH,1928.8256
2024-01-02T19:28:21,ETH,1928.4982
2024-01-02T19:28:22,ETH,1929.1593
2024-01-02T19:28:23,ETH,1927.6888
2024-01-02T19:28:24,ETH,1927.5324
2024-01-02T19:28:25,ETH,1927.7709
2024-01-02T19:28:26,ETH,1928.6677
2024-01-02T19:28:27,ETH,1929.5212
2024-01-02T19:28:28,ETH,1929.9538
2024-01-02T19:28:29,ETH,1932.1708
2024-01-02T19:28:30,ETH,1930.798
2024-01-02T19:28:31,ETH,1931.8416
2024-01-02T19:28:32,ETH,1933.5245
2024-01-02T19:28:33,ETH,1931.9862
2024-01-02T19:28:34,ETH,1932.5004
2024-01-02T19:28:35,ETH,1932.373
2024-01-02T19:28:36,ETH,1932.0621
2024-01-02T19:28:37,ETH,1932.6233
2024-01-02T19:28:38,ETH,1932.1243
2024-01-02T19:28:39,ETH,1931.9556
2024-01-02T19:28:40,ETH,1930.0308
2024-01-02T19:28:41,ETH,1930.9347
2024-01-02T19:28:42,ETH,1930.7152
2024-01-02T19:28:43,ETH,1931.1809
2024-01-02T19:28:44,ETH,1930.7979
2024-01-02T19:28:45,ETH,1931.4515
2024-01-02T19:28:46,ETH,1930.9601
2024-01-02T19:28:47,ETH,1929.5535
2024-01-02T19:28:48,ETH,1930.6016
2024-01-02T19:28:49,ETH,1929.7087
2024-01-02T19:28:50,ETH,1928.6005
2024-01-02T19:28:51,ETH,1928.9961
2024-01-02T19:28:52,ETH,1928.0652
2024-01-02T19:28:53,ETH,1929.4821
2024-01-02T19:28:54,ETH,1928.954
2024-01-02T19:28:55,ETH,1930.7384
2024-01-02T19:28:56,ETH,1932.3094
2024-01-02T19:28:57,ETH,1932.9864
2024-01-02T19:28:58,ETH,1932.305
2024-01-02T19:28:59,ETH,1932.873
2024-01-02T19:29:00,ETH,1934.0561
2024-01-02T19:29:01,ETH,1934.5544
2024-01-02T19:29:02,ETH,1933.7193
2024-01-02T19:29:03,ETH,1934.6905
2024-01-02T19:29:04,ETH,1934.0469
2024-01-02T19:29:05,ETH,1936.6308
2024-01-02T19:29:06,ETH,1937.8861
2024-01-02T19:29:07,ETH,1938.9156
2024-01-02T19:29:08,ETH,1938.6398
2024-01-02T19:29:09,ETH,1936.6696
2024-01-02T19:29:10,ETH,1938.1469
2024-01-02T19:29:11,ETH,1936.9249
2024-01-02T19:29:12,ETH,1936.9086
2024-01-02T19:29:13,ETH,1938.7579
2024-01-02T19:29:14,ETH,1939.8718
2024-01-02T19:29:15,ETH,1939.398
2024-01-02T19:29:16,ETH,1940.4169
2024-01-02T19:29:17,ETH,1941.1047
2024-01-02T19:29:18,ETH,1942.979
2024-01-02T19:29:19,ETH,1943.5533
2024-01-02T19:29:20,ETH,1945.3148
2024-01-02T19:29:21,ETH,1945.1473
2024-01-02T19:29:22,ETH,1944.7708
2024-01-02T19:29:23,ETH,1945.4755
2024-01-02T19:29:24,ETH,1942.7562
2024-01-02T19:29:25,ETH,1944.4992
2024-01-02T19:29:26,ETH,1943.4181
2024-01-02T19:29:27,ETH,1943.7076
2024-01-02T19:29:28,ETH,1942.8847
2024-01-02T19:29:29,ETH,1941.8997
2024-01-02T19:29:30,ETH,1942.0679
2024-01-02T19:29:31,ETH,1941.8387
2024-01-02T19:29:32,ETH,1942.9312
2024-01-02T19:29:33,ETH,1945.0099
2024-01-02T19:29:34,ETH,1942.9222
2024-01-02T19:29:35,ETH,1944.1268
2024-01-02T19:29:36,ETH,1945.6137
2024-01-02T19:29:37,ETH,1946.4936
2024-01-02T19:29:38,ETH,1945.9848
2024-01-02T19:29:39,ETH,1947.1423
2024-01-02T19:29:40,ETH,1948.5609
2024-01-02T19:29:41,ETH,1949.1562
2024-01-02T19:29:42,ETH,1948.9338
2024-01-02T19:29:43,ETH,1948.901
2024-01-02T19:29:44,ETH,1950.6914
2024-01-02T19:29:45,ETH,1951.4417
2024-01-02T19:29:46,ETH,1950.7906
2024-01-02T19:29:47,ETH,1950.5783
2024-01-02T19:29:48,ETH,1950.1289
2024-01-02T19:29:49,ETH,1947.9824
2024-01-02T19:29:50,ETH,1948.8809
2024-01-02T19:29:51,ETH,1949.8798
2024-01-02T19:29:52,ETH,1948.226
2024-01-02T19:29:53,ETH,1949.247
2024-01-02T19:29:54,ETH,1949.5236
2024-01-02T19:29:55,ETH,1950.8671
2024-01-02T19:29:56,ETH,1951.1813
2024-01-02T19:29:57,ETH,1951.4254
2024-01-02T19:29:58,ETH,1951.0724
2024-01-02T19:29:59,ETH,1950.3484
2024-01-02T19:30:00,ETH,1949.7382
2024-01-02T19:30:01,ETH,1950.6977
2024-01-02T19:30:02,ETH,1950.6697
2024-01-02T19:30:03,ETH,1951.3034
2024-01-02T19:30:04,ETH,1952.5521
2024-01-02T19:30:05,ETH,1953.4129
2024-01-02T19:30:06,ETH,1952.8872
2024-01-02T19:30:07,ETH,1950.8553
2024-01-02T19:30:08,ETH,1949.6562
2024-01-02T19:30:09,ETH,1950.6826
2024-01-02T19:30:10,ETH,1952.1058
2024-01-02T19:30:11,ETH,1951.7708
2024-01-02T19:30:12,ETH,1952.1532
2024-01-02T19:30:13,ETH,1951.4038
2024-01-02T19:30:14,ETH,1950.9329
2024-01-02T19:30:15,ETH,1951.6074
2024-01-02T19:30:16,ETH,1951.9967
2024-01-02T19:30:17,ETH,1951.4928
2024-01-02T19:30:18,ETH,1950.4469
2024-01-02T19:30:19,ETH,1951.867
2024-01-02T19:30:20,ETH,1950.5343
2024-01-02T19:30:21,ETH,1951.6315
2024-01-02T19:30:22,ETH,1951.5884
2024-01-02T19:30:23,ETH,1952.2617
2024-01-02T19:30:24,ETH,1951.9472
2024-01-02T19:30:25,ETH,1953.1418
2024-01-02T19:30:26,ETH,1951.5421
2024-01-02T19:30:27,ETH,1952.3988
2024-01-02T19:30:28,ETH,1954.5992
2024-01-02T19:30:29,ETH,1954.3001
2024-01-02T19:30:30,ETH,1953.1404
2024-01-02T19:30:31,ETH,1954.3648
2024-01-02T19:30:32,ETH,1954.5757
2024-01-02T19:30:33,ETH,1953.9942
2024-01-02T19:30:34,ETH,1954.1423
2024-01-02T19:30:35,ETH,1954.837
2024-01-02T19:30:36,ETH,1954.2552
2024-01-02T19:30:37,ETH,1953.233
2024-01-02T19:30:38,ETH,1953.4604
2024-01-02T19:30:39,ETH,1953.9018
2024-01-02T19:30:40,ETH,1955.3849
2024-01-02T19:30:41,ETH,1955.1446
2024-01-02T19:30:42,ETH,1954.7461
2024-01-02T19:30:43,ETH,1954.8026
2024-01-02T19:30:44,ETH,1954.8767
2024-01-02T19:30:45,ETH,1953.465
2024-01-02T19:30:46,ETH,1954.5057
2024-01-02T19:30:47,ETH,1956.6247
2024-01-02T19:30:48,ETH,1957.0784
2024-01-02T19:30:49,ETH,1957.8052
2024-01-02T19:30:50,ETH,1957.0713
2024-01-02T19:30:51,ETH,1956.769
2024-01-02T19:30:52,ETH,1958.07
2024-01-02T19:30:53,ETH,1959.3764
2024-01-02T19:30:54,ETH,1959.5532
2024-01-02T19:30:55,ETH,1959.8348
2024-01-02T19:30:56,ETH,1960.9148
2024-01-02T19:30:57,ETH,1961.02
2024-01-02T19:30:58,ETH,1962.3024
2024-01-02T19:30:59,ETH,1963.9228
2024-01-02T19:31:00,ETH,1965.6283
2024-01-02T19:31:01,ETH,1965.6364
2024-01-02T19:31:02,ETH,1965.9719
2024-01-02T19:31:03,ETH,1966.6291
2024-01-02T19:31:04,ETH,1968.3573
2024-01-02T19:31:05,ETH,1969.4004
2024-01-02T19:31:06,ETH,1969.9529
2024-01-02T19:31:07,ETH,1969.2977
2024-01-02T19:31:08,ETH,1971.401
2024-01-02T19:31:09,ETH,1972.4511
2024-01-02T19:31:10,ETH,1971.8207
2024-01-02T19:31:11,ETH,1974.692
2024-01-02T19:31:12,ETH,1974.9718
2024-01-02T19:31:13,ETH,1974.5553
2024-01-02T19:31:14,ETH,1972.2143
2024-01-02T19:31:15,ETH,1972.6915
2024-01-02T19:31:16,ETH,1973.0991
2024-01-02T19:31:17,ETH,1972.7091
2024-01-02T19:31:18,ETH,1973.3307
2024-01-02T19:31:19,ETH,1972.5624
2024-01-02T19:31:20,ETH,1974.2797
2024-01-02T19:31:21,ETH,1974.7554
2024-01-02T19:31:22,ETH,1974.8101
2024-01-02T19:31:23,ETH,1974.9714
2024-01-02T19:31:24,ETH,1975.507
2024-01-02T19:31:25,ETH,1975.3082
2024-01-02T19:31:26,ETH,1975.0897
2024-01-02T19:31:27,ETH,1976.2195
2024-01-02T19:31:28,ETH,1977.3189
2024-01-02T19:31:29,ETH,1977.8374
2024-01-02T19:31:30,ETH,1978.4983
2024-01-02T19:31:31,ETH,1980.4316
2024-01-02T19:31:32,ETH,1977.2526
2024-01-02T19:31:33,ETH,1977.4717
2024-01-02T19:31:34,ETH,1978.5425
2024-01-02T19:31:35,ETH,1977.9991
2024-01-02T19:31:36,ETH,1979.0839
2024-01-02T19:31:37,ETH,1980.4132
2024-01-02T19:31:38,ETH,1980.1092
2024-01-02T19:31:39,ETH,1979.5746
2024-01-02T19:31:40,ETH,1979.1048
2024-01-02T19:31:41,ETH,1979.1981
2024-01-02T19:31:42,ETH,1981.0562
2024-01-02T19:31:43,ETH,1981.5973
2024-01-02T19:31:44,ETH,1981.4119
2024-01-02T19:31:45,ETH,1981.3717
2024-01-02T19:31:46,ETH,1983.4135
2024-01-02T19:31:47,ETH,1984.1204
2024-01-02T19:31:48,ETH,1984.3355
2024-01-02T19:31:49,ETH,1983.8548
2024-01-02T19:31:50,ETH,1984.0148
2024-01-02T19:31:51,ETH,1985.2936
2024-01-02T19:31:52,ETH,1986.2512
2024-01-02T19:31:53,ETH,1986.3077
2024-01-02T19:31:54,ETH,1987.0779
2024-01-02T19:31:55,ETH,1986.5712
2024-01-02T19:31:56,ETH,1987.1264
2024-01-02T19:31:57,ETH,1988.954
2024-01-02T19:31:58,ETH,1987.821
2024-01-02T19:31:59,ETH,1988.9774
2024-01-02T19:32:00,ETH,1989.0777
2024-01-02T19:32:01,ETH,1987.8327
2024-01-02T19:32:02,ETH,1988.1247
2024-01-02T19:32:03,ETH,1986.7585
2024-01-02T19:32:04,ETH,1987.4326
2024-01-02T19:32:05,ETH,1988.0994
2024-01-02T19:32:06,ETH,1987.6619
2024-01-02T19:32:07,ETH,1988.6247
2024-01-02T19:32:08,ETH,1988.3012
2024-01-02T19:32:09,ETH,1989.3055
2024-01-02T19:32:10,ETH,1989.72
2024-01-02T19:32:11,ETH,1990.2765
2024-01-02T19:32:12,ETH,1990.0779
2024-01-02T19:32:13,ETH,1991.1831
2024-01-02T19:32:14,ETH,1991.5698
2024-01-02T19:32:15,ETH,1990.533
2024-01-02T19:32:16,ETH,1990.7967
2024-01-02T19:32:17,ETH,1990.2756
2024-01-02T19:32:18,ETH,1989.5534
2024-01-02T19:32:19,ETH,1989.2632
2024-01-02T19:32:20,ETH,1989.605
2024-01-02T19:32:21,ETH,1988.206
2024-01-02T19:32:22,ETH,1987.1349
2024-01-02T19:32:23,ETH,1988.9971
2024-01-02T19:32:24,ETH,1989.1665
2024-01-02T19:32:25,ETH,1988.6008
2024-01-02T19:32:26,ETH,1989.36
2024-01-02T19:32:27,ETH,1988.7362
2024-01-02T19:32:28,ETH,1989.4742
2024-01-02T19:32:29,ETH,1988.5543
2024-01-02T19:32:30,ETH,1988.2843
2024-01-02T19:32:31,ETH,1988.951
2024-01-02T19:32:32,ETH,1989.4047
2024-01-02T19:32:33,ETH,1989.9302
2024-01-02T19:32:34,ETH,1988.9055
2024-01-02T19:32:35,ETH,1990.2103
2024-01-02T19:32:36,ETH,1990.9551
2024-01-02T19:32:37,ETH,1991.0318
2024-01-02T19:32:38,ETH,1993.0122
2024-01-02T19:32:39,ETH,1992.7066
2024-01-02T19:32:40,ETH,1992.2932
2024-01-02T19:32:41,ETH,1992.6254
2024-01-02T19:32:42,ETH,1994.1289
2024-01-02T19:32:43,ETH,1993.9157
2024-01-02T19:32:44,ETH,1995.3291
2024-01-02T19:32:45,ETH,1996.8118
2024-01-02T19:32:46,ETH,1996.1347
2024-01-02T19:32:47,ETH,1997.069
2024-01-02T19:32:48,ETH,1998.9229
2024-01-02T19:32:49,ETH,1998.6548
2024-01-02T19:32:50,ETH,2000.8447
2024-01-02T19:32:51,ETH,2002.5087
2024-01-02T19:32:52,ETH,2003.6001
2024-01-02T19:32:53,ETH,2005.531
2024-01-02T19:32:54,ETH,2007.2837
2024-01-02T19:32:55,ETH,2007.6678
2024-01-02T19:32:56,ETH,2009.0081
2024-01-02T19:32:57,ETH,2012.0713
2024-01-02T19:32:58,ETH,2011.8095
2024-01-02T19:32:59,ETH,2012.1898
2024-01-02T19:33:00,ETH,2011.7748
2024-01-02T21:23:00,ETH,2010.8278
2024-01-02T21:23:01,ETH,2010.7157
2024-01-02T21:23:02,ETH,2012.0904
2024-01-02T21:23:03,ETH,2011.5053
2024-01-02T21:23:04,ETH,2011.8514
2024-01-02T21:23:05,ETH,2013.4868
2024-01-02T21:23:06,ETH,2014.3656
2024-01-02T21:23:07,ETH,2014.4682
2024-01-02T21:23:08,ETH,2016.3516
2024-01-02T21:23:09,ETH,2015.9755
2024-01-02T21:23:10,ETH,2015.7427
2024-01-02T21:23:11,ETH,2014.8725
2024-01-02T21:23:12,ETH,2014.8183
2024-01-02T21:23:13,ETH,2015.6676
2024-01-02T21:23:14,ETH,2015.4732
2024-01-02T21:23:15,ETH,2015.5107
2024-01-02T21:23:16,ETH,2014.1281
2024-01-02T21:23:17,ETH,2014.9542
2024-01-02T21:23:18,ETH,2014.021
2024-01-02T21:23:19,ETH,2015.1139
2024-01-02T21:23:20,ETH,2013.8718
2024-01-02T21:23:21,ETH,2010.3395
2024-01-02T21:23:22,ETH,2009.4476
2024-01-02T21:23:23,ETH,2009.3681
2024-01-02T21:23:24,ETH,2007.048
2024-01-02T21:23:25,ETH,2005.5059
2024-01-02T21:23:26,ETH,2004.848
2024-01-02T21:23:27,ETH,2003.0296
2024-01-02T21:23:28,ETH,2003.1944
2024-01-02T21:23:29,ETH,2003.3888
2024-01-02T21:23:30,ETH,2001.8719
2024-01-02T21:23:31,ETH,2001.8323
2024-01-02T21:23:32,ETH,2001.6307
2024-01-02T21:23:33,ETH,2000.8351
2024-01-02T21:23:34,ETH,2002.2956
2024-01-02T21:23:35,ETH,2003.3791
2024-01-02T21:23:36,ETH,2002.2521
2024-01-02T21:23:37,ETH,2001.5724
2024-01-02T21:23:38,ETH,2001.6332
2024-01-02T21:23:39,ETH,2001.4851
2024-01-02T21:23:40,ETH,2001.3676
2024-01-02T21:23:41,ETH,2002.5645
2024-01-02T21:23:42,ETH,2002.6027
2024-01-02T21:23:43,ETH,2003.1092
2024-01-02T21:23:44,ETH,2003.7125
2024-01-02T21:23:45,ETH,2002.266
2024-01-02T21:23:46,ETH,2003.0071
2024-01-02T21:23:47,ETH,2002.5613
2024-01-02T21:23:48,ETH,2001.8633
2024-01-02T21:23:49,ETH,2000.1917
2024-01-02T21:23:50,ETH,2003.1082
2024-01-02T21:23:51,ETH,2003.4848
2024-01-02T21:23:52,ETH,2002.0726
2024-01-02T21:23:53,ETH,2001.5311
2024-01-02T21:23:54,ETH,2000.6177
2024-01-02T21:23:55,ETH,2001.5883
2024-01-02T21:23:56,ETH,2000.4837
2024-01-02T21:23:57,ETH,2001.9141
2024-01-02T21:23:58,ETH,2001.4809
2024-01-02T21:23:59,ETH,2001.6774
2024-01-02T21:24:00,ETH,1998.9017
2024-01-02T21:24:01,ETH,1997.165
2024-01-02T21:24:02,ETH,1997.3515
2024-01-02T21:24:03,ETH,1997.202
2024-01-02T21:24:04,ETH,1996.8311
2024-01-02T21:24:05,ETH,1996.7747
2024-01-02T21:24:06,ETH,1996.0974
2024-01-02T21:24:07,ETH,1995.6044
2024-01-02T21:24:08,ETH,1995.4685
2024-01-02T21:24:09,ETH,1994.5694
2024-01-02T21:24:10,ETH,1993.1199
2024-01-02T21:24:11,ETH,1992.1711
2024-01-02T21:24:12,ETH,1991.7142
2024-01-02T21:24:13,ETH,1989.6755
2024-01-02T21:24:14,ETH,1989.1241
2024-01-02T21:24:15,ETH,1989.8577
2024-01-02T21:24:16,ETH,1989.0139
2024-01-02T21:24:17,ETH,1988.6628
2024-01-02T21:24:18,ETH,1988.8719
2024-01-02T21:24:19,ETH,1987.9783
2024-01-02T21:24:20,ETH,1987.8699
2024-01-02T21:24:21,ETH,1986.09
2024-01-02T21:24:22,ETH,1985.8888
2024-01-02T21:24:23,ETH,1984.7826
2024-01-02T21:24:24,ETH,1983.724
2024-01-02T21:24:25,ETH,1982.8516
2024-01-02T21:24:26,ETH,1981.9408
2024-01-02T21:24:27,ETH,1982.7675
2024-01-02T21:24:28,ETH,1982.7621
2024-01-02T21:24:29,ETH,1981.7371
2024-01-02T21:24:30,ETH,1982.4376
2024-01-02T21:24:31,ETH,1982.563
2024-01-02T21:24:32,ETH,1982.0312
2024-01-02T21:24:33,ETH,1980.9454
2024-01-02T21:24:34,ETH,1979.9848
2024-01-02T21:24:35,ETH,1978.4339
2024-01-02T21:24:36,ETH,1978.348
2024-01-02T21:24:37,ETH,1978.5881
2024-01-02T21:24:38,ETH,1977.5874
2024-01-02T21:24:39,ETH,1977.7214
2024-01-02T21:24:40,ETH,1977.8805
2024-01-02T21:24:41,ETH,1978.0219
2024-01-02T21:24:42,ETH,1979.049
2024-01-02T21:24:43,ETH,1979.1192
2024-01-02T21:24:44,ETH,1979.4289
2024-01-02T21:24:45,ETH,1979.0412
2024-01-02T21:24:46,ETH,1977.1496
2024-01-02T21:24:47,ETH,1977.5714
2024-01-02T21:24:48,ETH,1977.1085
2024-01-02T21:24:49,ETH,1977.798
2024-01-02T21:24:50,ETH,1976.0215
2024-01-02T21:24:51,ETH,1976.7922
2024-01-02T21:24:52,ETH,1975.9352
2024-01-02T21:24:53,ETH,1975.8541
2024-01-02T21:24:54,ETH,1975.8867
2024-01-02T21:24:55,ETH,1977.2998
2024-01-02T21:24:56,ETH,1978.3911
2024-01-02T21:24:57,ETH,1979.5572
2024-01-02T21:24:58,ETH,1978.965
2024-01-02T21:24:59,ETH,1978.0352
2024-01-02T21:25:00,ETH,1979.1613
2024-01-02T21:25:01,ETH,1979.9721
2024-01-02T21:25:02,ETH,1979.2978
2024-01-02T21:25:03,ETH,1980.3164
2024-01-02T21:25:04,ETH,1980.5049
2024-01-02T21:25:05,ETH,1980.9853
2024-01-02T21:25:06,ETH,1979.3334
2024-01-02T21:25:07,ETH,1978.2998
2024-01-02T21:25:08,ETH,1979.293
2024-01-02T21:25:09,ETH,1981.5369
2024-01-02T21:25:10,ETH,1980.5836
2024-01-02T21:25:11,ETH,1979.417
2024-01-02T21:25:12,ETH,1977.8876
2024-01-02T21:25:13,ETH,1977.4273
2024-01-02T21:25:14,ETH,1976.5244
2024-01-02T21:25:15,ETH,1977.0139
2024-01-02T21:25:16,ETH,1976.1276
2024-01-02T21:25:17,ETH,1976.3699
2024-01-02T21:25:18,ETH,1975.6452
2024-01-02T21:25:19,ETH,1975.2557
2024-01-02T21:25:20,ETH,1976.6204
2024-01-02T21:25:21,ETH,1976.9501
2024-01-02T21:25:22,ETH,1977.1745
2024-01-02T21:25:23,ETH,1975.3418
2024-01-02T21:25:24,ETH,1973.7725
2024-01-02T21:25:25,ETH,1974.2845
2024-01-02T21:25:26,ETH,1973.78
2024-01-02T21:25:27,ETH,1973.3498
2024-01-02T21:25:28,ETH,1972.8765
2024-01-02T21:25:29,ETH,1973.4408
2024-01-02T21:25:30,ETH,1974.5782
2024-01-02T21:25:31,ETH,1977.0636
2024-01-02T21:25:32,ETH,1976.8496
2024-01-02T21:25:33,ETH,1977.383
2024-01-02T21:25:34,ETH,1976.6651
2024-01-02T21:25:35,ETH,1977.038
2024-01-02T21:25:36,ETH,1977.9875
2024-01-02T21:25:37,ETH,1977.8947
2024-01-02T21:25:38,ETH,1978.8552
2024-01-02T21:25:39,ETH,1978.9915
2024-01-02T21:25:40,ETH,1979.9545
2024-01-02T21:25:41,ETH,1979.1678
2024-01-02T21:25:42,ETH,1979.4454
2024-01-02T21:25:43,ETH,1978.5574
2024-01-02T21:25:44,ETH,1977.7367
2024-01-02T21:25:45,ETH,1977.5107
2024-01-02T21:25:46,ETH,1975.7808
2024-01-02T21:25:47,ETH,1975.2945
2024-01-02T21:25:48,ETH,1974.5413
2024-01-02T21:25:49,ETH,1973.7065
2024-01-02T21:25:50,ETH,1973.1303
2024-01-02T21:25:51,ETH,1971.2847
2024-01-02T21:25:52,ETH,1970.5109
2024-01-02T21:25:53,ETH,1970.3987
2024-01-02T21:25:54,ETH,1969.0882
2024-01-02T21:25:55,ETH,1968.3573
2024-01-02T21:25:56,ETH,1967.4872
2024-01-02T21:25:57,ETH,1967.17
2024-01-02T21:25:58,ETH,1969.1988
2024-01-02T21:25:59,ETH,1969.0471
2024-01-02T21:26:00,ETH,1968.6207
2024-01-02T21:26:01,ETH,1968.2306
2024-01-02T21:26:02,ETH,1966.6163
2024-01-02T21:26:03,ETH,1964.4309
2024-01-02T21:26:04,ETH,1965.0516
2024-01-02T21:26:05,ETH,1963.8663
2024-01-02T21:26:06,ETH,1961.7446
2024-01-02T21:26:07,ETH,1960.7583
2024-01-02T21:26:08,ETH,1959.8639
2024-01-02T21:26:09,ETH,1959.4863
2024-01-02T21:26:10,ETH,1958.0857
2024-01-02T21:26:11,ETH,1957.5955
2024-01-02T21:26:12,ETH,1958.2176
2024-01-02T21:26:13,ETH,1955.9039
2024-01-02T21:26:14,ETH,1953.9913
2024-01-02T21:26:15,ETH,1954.2193
2024-01-02T21:26:16,ETH,1951.9914
2024-01-02T21:26:17,ETH,1952.1899
2024-01-02T21:26:18,ETH,1950.4875
2024-01-02T21:26:19,ETH,1951.6547
2024-01-02T21:26:20,ETH,1951.2704
2024-01-02T21:26:21,ETH,1951.0215
2024-01-02T21:26:22,ETH,1949.895
2024-01-02T21:26:23,ETH,1951.4819
2024-01-02T21:26:24,ETH,1949.6087
2024-01-02T21:26:25,ETH,1950.0162
2024-01-02T21:26:26,ETH,1949.8366
2024-01-02T21:26:27,ETH,1947.6051
2024-01-02T21:26:28,ETH,1947.6781
2024-01-02T21:26:29,ETH,1948.378
2024-01-02T21:26:30,ETH,1946.9098
2024-01-02T21:26:31,ETH,1946.6252
2024-01-02T21:26:32,ETH,1947.0339
2024-01-02T21:26:33,ETH,1946.2389
2024-01-02T21:26:34,ETH,1944.7567
2024-01-02T21:26:35,ETH,1944.3871
2024-01-02T21:26:36,ETH,1943.5004
2024-01-02T21:26:37,ETH,1943.3732
2024-01-02T21:26:38,ETH,1941.1581
2024-01-02T21:26:39,ETH,1941.0704
2024-01-02T21:26:40,ETH,1941.2857
2024-01-02T21:26:41,ETH,1940.2587
2024-01-02T21:26:42,ETH,1940.0361
2024-01-02T21:26:43,ETH,1938.5896
2024-01-02T21:26:44,ETH,1937.634
2024-01-02T21:26:45,ETH,1937.0058
2024-01-02T21:26:46,ETH,1935.8013
2024-01-02T21:26:47,ETH,1934.7692
2024-01-02T21:26:48,ETH,1934.3872
2024-01-02T21:26:49,ETH,1932.6618
2024-01-02T21:26:50,ETH,1932.6993
2024-01-02T21:26:51,ETH,1933.0917
2024-01-02T21:26:52,ETH,1933.5318
2024-01-02T21:26:53,ETH,1933.7433
2024-01-02T21:26:54,ETH,1934.22
2024-01-02T21:26:55,ETH,1936.0916
2024-01-02T21:26:56,ETH,1937.9127
2024-01-02T21:26:57,ETH,1936.0422
2024-01-02T21:26:58,ETH,1935.9781
2024-01-02T21:26:59,ETH,1937.2088
2024-01-02T21:27:00,ETH,1936.5065
2024-01-02T21:27:01,ETH,1936.0723
2024-01-02T21:27:02,ETH,1936.1695
2024-01-02T21:27:03,ETH,1937.3797
2024-01-02T21:27:04,ETH,1938.5273
2024-01-02T21:27:05,ETH,1937.5775
2024-01-02T21:27:06,ETH,1939.2633
2024-01-02T21:27:07,ETH,1937.8782
2024-01-02T21:27:08,ETH,1937.1389
2024-01-02T21:27:09,ETH,1935.1798
2024-01-02T21:27:10,ETH,1934.5333
2024-01-02T21:27:11,ETH,1935.7648
2024-01-02T21:27:12,ETH,1936.2389
2024-01-02T21:27:13,ETH,1934.9701
2024-01-02T21:27:14,ETH,1934.4478
2024-01-02T21:27:15,ETH,1935.7217
2024-01-02T21:27:16,ETH,1936.4598
2024-01-02T21:27:17,ETH,1935.9385
2024-01-02T21:27:18,ETH,1935.9778
2024-01-02T21:27:19,ETH,1935.3231
2024-01-02T21:27:20,ETH,1934.7862
2024-01-02T21:27:21,ETH,1933.1182
2024-01-02T21:27:22,ETH,1932.3177
2024-01-02T21:27:23,ETH,1932.6476
2024-01-02T21:27:24,ETH,1932.937
2024-01-02T21:27:25,ETH,1933.6489
2024-01-02T21:27:26,ETH,1933.5639
2024-01-02T21:27:27,ETH,1933.8095
2024-01-02T21:27:28,ETH,1934.936
2024-01-02T21:27:29,ETH,1933.4336
2024-01-02T21:27:30,ETH,1933.733
2024-01-02T21:27:31,ETH,1933.0987
2024-01-02T21:27:32,ETH,1932.7262
2024-01-02T21:27:33,ETH,1933.1623
2024-01-02T21:27:34,ETH,1933.2504
2024-01-02T21:27:35,ETH,1932.964
2024-01-02T21:27:36,ETH,1933.6195
2024-01-02T21:27:37,ETH,1932.3751
2024-01-02T21:27:38,ETH,1931.1497
2024-01-02T21:27:39,ETH,1931.1607
2024-01-02T21:27:40,ETH,1931.9762
2024-01-02T21:27:41,ETH,1932.8968
2024-01-02T21:27:42,ETH,1934.7396
2024-01-02T21:27:43,ETH,1933.3127
2024-01-02T21:27:44,ETH,1933.2132
2024-01-02T21:27:45,ETH,1933.0688
2024-01-02T21:27:46,ETH,1934.1516
2024-01-02T21:27:47,ETH,1932.6412
2024-01-02T21:27:48,ETH,1932.2748
2024-01-02T21:27:49,ETH,1934.0271
2024-01-02T21:27:50,ETH,1933.8481
2024-01-02T21:27:51,ETH,1934.3043
2024-01-02T21:27:52,ETH,1934.7591
2024-01-02T21:27:53,ETH,1935.1189
2024-01-02T21:27:54,ETH,1935.6408
2024-01-02T21:27:55,ETH,1934.3563
2024-01-02T21:27:56,ETH,1933.4608
2024-01-02T21:27:57,ETH,1933.9278
2024-01-02T21:27:58,ETH,1935.146
2024-01-02T21:27:59,ETH,1936.5695
2024-01-02T21:28:00,ETH,1935.0401
2024-01-02T21:28:01,ETH,1934.3244
2024-01-02T21:28:02,ETH,1932.4493
2024-01-02T21:28:03,ETH,1932.2084
2024-01-02T21:28:04,ETH,1932.5207
2024-01-02T21:28:05,ETH,1932.9099
2024-01-02T21:28:06,ETH,1931.3626
2024-01-02T21:28:07,ETH,1931.1581
2024-01-02T21:28:08,ETH,1930.5589
2024-01-02T21:28:09,ETH,1930.217
2024-01-02T21:28:10,ETH,1928.8754
2024-01-02T21:28:11,ETH,1928.4118
2024-01-02T21:28:12,ETH,1927.4855
2024-01-02T21:28:13,ETH,1927.4165
2024-01-02T21:28:14,ETH,1927.4592
2024-01-02T21:28:15,ETH,1927.1611
2024-01-02T21:28:16,ETH,1926.971
2024-01-02T21:28:17,ETH,1927.0663
2024-01-02T21:28:18,ETH,1926.1875
2024-01-02T21:28:19,ETH,1924.7663
2024-01-02T21:28:20,ETH,1924.2893
2024-01-02T21:28:21,ETH,1924.4816
2024-01-02T21:28:22,ETH,1924.9113
2024-01-02T21:28:23,ETH,1925.6269
2024-01-02T21:28:24,ETH,1925.5633
2024-01-02T21:28:25,ETH,1925.5637
2024-01-02T21:28:26,ETH,1922.9759
2024-01-02T21:28:27,ETH,1920.6756
2024-01-02T21:28:28,ETH,1918.8757
2024-01-02T21:28:29,ETH,1917.1048
2024-01-02T21:28:30,ETH,1917.489
2024-01-02T21:28:31,ETH,1916.256
2024-01-02T21:28:32,ETH,1914.9272
2024-01-02T21:28:33,ETH,1916.3032
2024-01-02T21:28:34,ETH,1916.0367
2024-01-02T21:28:35,ETH,1916.269
2024-01-02T21:28:36,ETH,1914.4884
2024-01-02T21:28:37,ETH,1913.3025
2024-01-02T21:28:38,ETH,1912.3433
2024-01-02T21:28:39,ETH,1911.1948
2024-01-02T21:28:40,ETH,1911.7297
2024-01-02T21:28:41,ETH,1911.7672
2024-01-02T21:28:42,ETH,1911.7644
2024-01-02T21:28:43,ETH,1912.1222
2024-01-02T21:28:44,ETH,1911.9398
2024-01-02T21:28:45,ETH,1911.6978
2024-01-02T21:28:46,ETH,1912.5614
2024-01-02T21:28:47,ETH,1913.3999
2024-01-02T21:28:48,ETH,1912.8454
2024-01-02T21:28:49,ETH,1912.1267
2024-01-02T21:28:50,ETH,1912.9919
2024-01-02T21:28:51,ETH,1913.0731
2024-01-02T21:28:52,ETH,1912.8927
2024-01-02T21:28:53,ETH,1912.7374
2024-01-02T21:28:54,ETH,1910.8425
2024-01-02T21:28:55,ETH,1911.9915
2024-01-02T21:28:56,ETH,1909.87
2024-01-02T21:28:57,ETH,1908.2427
2024-01-02T21:28:58,ETH,1907.3784
2024-01-02T21:28:59,ETH,1906.3289
2024-01-02T21:29:00,ETH,1906.7333
2024-01-02T23:33:00,ETH,1906.6193
2024-01-02T23:33:01,ETH,1906.4394
2024-01-02T23:33:02,ETH,1905.6031
2024-01-02T23:33:03,ETH,1906.0291
2024-01-02T23:33:04,ETH,1906.6328
2024-01-02T23:33:05,ETH,1905.7534
2024-01-02T23:33:06,ETH,1904.7835
2024-01-02T23:33:07,ETH,1904.5597
2024-01-02T23:33:08,ETH,1904.4548
2024-01-02T23:33:09,ETH,1903.3429
2024-01-02T23:33:10,ETH,1905.5405
2024-01-02T23:33:11,ETH,1904.1358
2024-01-02T23:33:12,ETH,1902.7428
2024-01-02T23:33:13,ETH,1903.7413
2024-01-02T23:33:14,ETH,1903.1519
2024-01-02T23:33:15,ETH,1901.6724
2024-01-02T23:33:16,ETH,1900.5252
2024-01-02T23:33:17,ETH,1899.478
2024-01-02T23:33:18,ETH,1898.5594
2024-01-02T23:33:19,ETH,1896.8575
2024-01-02T23:33:20,ETH,1895.0327
2024-01-02T23:33:21,ETH,1893.2311
2024-01-02T23:33:22,ETH,1892.2903
2024-01-02T23:33:23,ETH,1891.2648
2024-01-02T23:33:24,ETH,1889.631
2024-01-02T23:33:25,ETH,1888.7629
2024-01-02T23:33:26,ETH,1887.821
2024-01-02T23:33:27,ETH,1887.843
2024-01-02T23:33:28,ETH,1886.171
2024-01-02T23:33:29,ETH,1886.8229
2024-01-02T23:33:30,ETH,1886.9328
2024-01-02T23:33:31,ETH,1886.0783
2024-01-02T23:33:32,ETH,1884.9945
2024-01-02T23:33:33,ETH,1885.7616
2024-01-02T23:33:34,ETH,1884.7537
2024-01-02T23:33:35,ETH,1884.7064
2024-01-02T23:33:36,ETH,1885.0313
2024-01-02T23:33:37,ETH,1884.862
2024-01-02T23:33:38,ETH,1885.2682
2024-01-02T23:33:39,ETH,1885.8247
2024-01-02T23:33:40,ETH,1883.8068
2024-01-02T23:33:41,ETH,1883.4593
2024-01-02T23:33:42,ETH,1882.854
2024-01-02T23:33:43,ETH,1882.0237
2024-01-02T23:33:44,ETH,1881.7377
2024-01-02T23:33:45,ETH,1882.9317
2024-01-02T23:33:46,ETH,1882.4352
2024-01-02T23:33:47,ETH,1880.5124
2024-01-02T23:33:48,ETH,1880.392
2024-01-02T23:33:49,ETH,1880.4235
2024-01-02T23:33:50,ETH,1880.9284
2024-01-02T23:33:51,ETH,1878.6717
2024-01-02T23:33:52,ETH,1877.4994
2024-01-02T23:33:53,ETH,1878.0514
2024-01-02T23:33:54,ETH,1877.8551
2024-01-02T23:33:55,ETH,1875.7024
2024-01-02T23:33:56,ETH,1874.6103
2024-01-02T23:33:57,ETH,1874.5024
2024-01-02T23:33:58,ETH,1874.092
2024-01-02T23:33:59,ETH,1873.3215
2024-01-02T23:34:00,ETH,1873.404
2024-01-02T23:34:01,ETH,1873.2826
2024-01-02T23:34:02,ETH,1873.4268
2024-01-02T23:34:03,ETH,1872.0736
2024-01-02T23:34:04,ETH,1873.005
2024-01-02T23:34:05,ETH,1874.0105
2024-01-02T23:34:06,ETH,1874.7077
2024-01-02T23:34:07,ETH,1872.9745
2024-01-02T23:34:08,ETH,1872.6321
2024-01-02T23:34:09,ETH,1872.9439
2024-01-02T23:34:10,ETH,1873.8842
2024-01-02T23:34:11,ETH,1873.9142
2024-01-02T23:34:12,ETH,1873.8423
2024-01-02T23:34:13,ETH,1872.3255
2024-01-02T23:34:14,ETH,1871.9658
2024-01-02T23:34:15,ETH,1871.0688
2024-01-02T23:34:16,ETH,1870.7923
2024-01-02T23:34:17,ETH,1869.9108
2024-01-02T23:34:18,ETH,1870.9558
2024-01-02T23:34:19,ETH,1871.3992
2024-01-02T23:34:20,ETH,1870.3588
2024-01-02T23:34:21,ETH,1871.5922
2024-01-02T23:34:22,ETH,1870.4384
2024-01-02T23:34:23,ETH,1869.9682
2024-01-02T23:34:24,ETH,1869.8431
2024-01-02T23:34:25,ETH,1868.1669
2024-01-02T23:34:26,ETH,1868.4472
2024-01-02T23:34:27,ETH,1867.497
2024-01-02T23:34:28,ETH,1868.6016
2024-01-02T23:34:29,ETH,1867.5772
2024-01-02T23:34:30,ETH,1867.423
2024-01-02T23:34:31,ETH,1868.7345
2024-01-02T23:34:32,ETH,1867.5481
2024-01-02T23:34:33,ETH,1866.3357
2024-01-02T23:34:34,ETH,1864.9297
2024-01-02T23:34:35,ETH,1865.2442
2024-01-02T23:34:36,ETH,1865.412
2024-01-02T23:34:37,ETH,1863.5121
2024-01-02T23:34:38,ETH,1863.4262
2024-01-02T23:34:39,ETH,1864.2424
2024-01-02T23:34:40,ETH,1863.5775
2024-01-02T23:34:41,ETH,1861.5627
2024-01-02T23:34:42,ETH,1861.4719
2024-01-02T23:34:43,ETH,1860.3612
2024-01-02T23:34:44,ETH,1858.6783
2024-01-02T23:34:45,ETH,1857.8701
2024-01-02T23:34:46,ETH,1858.5015
2024-01-02T23:34:47,ETH,1858.5615
2024-01-02T23:34:48,ETH,1857.6253
2024-01-02T23:34:49,ETH,1858.365
2024-01-02T23:34:50,ETH,1858.9847
2024-01-02T23:34:51,ETH,1858.9944
2024-01-02T23:34:52,ETH,1859.6216
2024-01-02T23:34:53,ETH,1858.638
2024-01-02T23:34:54,ETH,1859.0442
2024-01-02T23:34:55,ETH,1858.7927
2024-01-02T23:34:56,ETH,1857.2124
2024-01-02T23:34:57,ETH,1856.7557
2024-01-02T23:34:58,ETH,1856.3693
2024-01-02T23:34:59,ETH,1856.0155
2024-01-02T23:35:00,ETH,1854.7313
2024-01-02T23:35:01,ETH,1855.0841
2024-01-02T23:35:02,ETH,1856.3647
2024-01-02T23:35:03,ETH,1857.398
2024-01-02T23:35:04,ETH,1855.7202
2024-01-02T23:35:05,ETH,1856.2395
2024-01-02T23:35:06,ETH,1856.8078
2024-01-02T23:35:07,ETH,1856.6623
2024-01-02T23:35:08,ETH,1855.0251
2024-01-02T23:35:09,ETH,1854.4619
2024-01-02T23:35:10,ETH,1854.3743
2024-01-02T23:35:11,ETH,1852.9172
2024-01-02T23:35:12,ETH,1851.7395
2024-01-02T23:35:13,ETH,1850.0914
2024-01-02T23:35:14,ETH,1849.4391
2024-01-02T23:35:15,ETH,1849.5445
2024-01-02T23:35:16,ETH,1848.6079
2024-01-02T23:35:17,ETH,1847.197
2024-01-02T23:35:18,ETH,1847.3088
2024-01-02T23:35:19,ETH,1846.9671
2024-01-02T23:35:20,ETH,1847.3571
2024-01-02T23:35:21,ETH,1848.2968
2024-01-02T23:35:22,ETH,1850.1473
2024-01-02T23:35:23,ETH,1849.9971
2024-01-02T23:35:24,ETH,1848.1037
2024-01-02T23:35:25,ETH,1847.8353
2024-01-02T23:35:26,ETH,1847.1602
2024-01-02T23:35:27,ETH,1846.3941
2024-01-02T23:35:28,ETH,1845.4051
2024-01-02T23:35:29,ETH,1844.147
2024-01-02T23:35:30,ETH,1842.474
2024-01-02T23:35:31,ETH,1841.95
2024-01-02T23:35:32,ETH,1842.4883
2024-01-02T23:35:33,ETH,1841.5822
2024-01-02T23:35:34,ETH,1841.8489
2024-01-02T23:35:35,ETH,1841.5719
2024-01-02T23:35:36,ETH,1841.8763
2024-01-02T23:35:37,ETH,1843.8813
2024-01-02T23:35:38,ETH,1843.9254
2024-01-02T23:35:39,ETH,1843.613
2024-01-02T23:35:40,ETH,1842.7687
2024-01-02T23:35:41,ETH,1842.1183
2024-01-02T23:35:42,ETH,1840.4692
2024-01-02T23:35:43,ETH,1841.5719
2024-01-02T23:35:44,ETH,1840.7669
2024-01-02T23:35:45,ETH,1840.9466
2024-01-02T23:35:46,ETH,1840.486
2024-01-02T23:35:47,ETH,1840.4934
2024-01-02T23:35:48,ETH,1841.9144
2024-01-02T23:35:49,ETH,1842.0707
2024-01-02T23:35:50,ETH,1841.0992
2024-01-02T23:35:51,ETH,1841.3581
2024-01-02T23:35:52,ETH,1842.531
2024-01-02T23:35:53,ETH,1841.3501
2024-01-02T23:35:54,ETH,1840.6345
2024-01-02T23:35:55,ETH,1840.2777
2024-01-02T23:35:56,ETH,1838.6618
2024-01-02T23:35:57,ETH,1838.4712
2024-01-02T23:35:58,ETH,1837.2769
2024-01-02T23:35:59,ETH,1837.6086
2024-01-02T23:36:00,ETH,1836.2572
2024-01-02T23:36:01,ETH,1834.6238
2024-01-02T23:36:02,ETH,1834.9898
2024-01-02T23:36:03,ETH,1833.3911
2024-01-02T23:36:04,ETH,1832.4666
2024-01-02T23:36:05,ETH,1830.5896
2024-01-02T23:36:06,ETH,1831.3082
2024-01-02T23:36:07,ETH,1830.4371
2024-01-02T23:36:08,ETH,1830.7247
2024-01-02T23:36:09,ETH,1830.655
2024-01-02T23:36:10,ETH,1830.6104
2024-01-02T23:36:11,ETH,1831.1056
2024-01-02T23:36:12,ETH,1830.0428
2024-01-02T23:36:13,ETH,1829.7562
2024-01-02T23:36:14,ETH,1828.9273
2024-01-02T23:36:15,ETH,1827.3447
2024-01-02T23:36:16,ETH,1826.3302
2024-01-02T23:36:17,ETH,1826.3558
2024-01-02T23:36:18,ETH,1825.2617
2024-01-02T23:36:19,ETH,1824.655
2024-01-02T23:36:20,ETH,1823.0901
2024-01-02T23:36:21,ETH,1823.6501
2024-01-02T23:36:22,ETH,1823.6235
2024-01-02T23:36:23,ETH,1822.6452
2024-01-02T23:36:24,ETH,1820.3041
2024-01-02T23:36:25,ETH,1818.9845
2024-01-02T23:36:26,ETH,1820.5032
2024-01-02T23:36:27,ETH,1819.6959
2024-01-02T23:36:28,ETH,1819.9729
2024-01-02T23:36:29,ETH,1820.2191
2024-01-02T23:36:30,ETH,1820.0872
2024-01-02T23:36:31,ETH,1819.6375
2024-01-02T23:36:32,ETH,1819.4698
2024-01-02T23:36:33,ETH,1819.305
2024-01-02T23:36:34,ETH,1818.7379
2024-01-02T23:36:35,ETH,1817.9232
2024-01-02T23:36:36,ETH,1817.5584
2024-01-02T23:36:37,ETH,1816.7164
2024-01-02T23:36:38,ETH,1813.7431
2024-01-02T23:36:39,ETH,1811.3746
2024-01-02T23:36:40,ETH,1810.5584
2024-01-02T23:36:41,ETH,1808.6078
2024-01-02T23:36:42,ETH,1809.26
2024-01-02T23:36:43,ETH,1808.7509
2024-01-02T23:36:44,ETH,1808.3349
2024-01-02T23:36:45,ETH,1809.3547
2024-01-02T23:36:46,ETH,1809.8056
2024-01-02T23:36:47,ETH,1808.8216
2024-01-02T23:36:48,ETH,1807.2208
2024-01-02T23:36:49,ETH,1807.5672
2024-01-02T23:36:50,ETH,1807.0134
2024-01-02T23:36:51,ETH,1806.8595
2024-01-02T23:36:52,ETH,1804.8135
2024-01-02T23:36:53,ETH,1805.0387
2024-01-02T23:36:54,ETH,1804.6445
2024-01-02T23:36:55,ETH,1802.6447
2024-01-02T23:36:56,ETH,1800.8498
2024-01-02T23:36:57,ETH,1799.2552
2024-01-02T23:36:58,ETH,1800.3411
2024-01-02T23:36:59,ETH,1800.8023
2024-01-02T23:37:00,ETH,1799.242
2024-01-02T23:37:01,ETH,1799.3596
2024-01-02T23:37:02,ETH,1798.8852
2024-01-02T23:37:03,ETH,1798.7803
2024-01-02T23:37:04,ETH,1798.5757
2024-01-02T23:37:05,ETH,1799.2379
2024-01-02T23:37:06,ETH,1798.8196
2024-01-02T23:37:07,ETH,1799.2634
2024-01-02T23:37:08,ETH,1798.3614
2024-01-02T23:37:09,ETH,1797.7388
2024-01-02T23:37:10,ETH,1796.5714
2024-01-02T23:37:11,ETH,1797.1777
2024-01-02T23:37:12,ETH,1797.5482
2024-01-02T23:37:13,ETH,1798.021
2024-01-02T23:37:14,ETH,1798.9808
2024-01-02T23:37:15,ETH,1798.0239
2024-01-02T23:37:16,ETH,1797.8382
2024-01-02T23:37:17,ETH,1796.5716
2024-01-02T23:37:18,ETH,1796.1357
2024-01-02T23:37:19,ETH,1796.714
2024-01-02T23:37:20,ETH,1795.8934
2024-01-02T23:37:21,ETH,1796.0996
2024-01-02T23:37:22,ETH,1795.5694
2024-01-02T23:37:23,ETH,1795.0034
2024-01-02T23:37:24,ETH,1795.0713
2024-01-02T23:37:25,ETH,1795.3097
2024-01-02T23:37:26,ETH,1796.4172
2024-01-02T23:37:27,ETH,1796.2725
2024-01-02T23:37:28,ETH,1794.4209
2024-01-02T23:37:29,ETH,1794.1029
2024-01-02T23:37:30,ETH,1794.6934
2024-01-02T23:37:31,ETH,1795.2984
2024-01-02T23:37:32,ETH,1795.2957
2024-01-02T23:37:33,ETH,1794.7092
2024-01-02T23:37:34,ETH,1793.69
2024-01-02T23:37:35,ETH,1792.6537
2024-01-02T23:37:36,ETH,1792.582
2024-01-02T23:37:37,ETH,1791.3085
2024-01-02T23:37:38,ETH,1791.4161
2024-01-02T23:37:39,ETH,1792.2292
2024-01-02T23:37:40,ETH,1791.2671
2024-01-02T23:37:41,ETH,1790.3549
2024-01-02T23:37:42,ETH,1789.9254
2024-01-02T23:37:43,ETH,1788.6266
2024-01-02T23:37:44,ETH,1788.297
2024-01-02T23:37:45,ETH,1788.0341
2024-01-02T23:37:46,ETH,1788.4898
2024-01-02T23:37:47,ETH,1787.7783
2024-01-02T23:37:48,ETH,1789.5944
2024-01-02T23:37:49,ETH,1790.6408
2024-01-02T23:37:50,ETH,1790.5405
2024-01-02T23:37:51,ETH,1789.9238
2024-01-02T23:37:52,ETH,1789.3253
2024-01-02T23:37:53,ETH,1789.0247
2024-01-02T23:37:54,ETH,1788.2787
2024-01-02T23:37:55,ETH,1788.9914
2024-01-02T23:37:56,ETH,1787.5462
2024-01-02T23:37:57,ETH,1787.4435
2024-01-02T23:37:58,ETH,1787.0333
2024-01-02T23:37:59,ETH,1785.8015
2024-01-02T23:38:00,ETH,1786.1143
2024-01-02T23:38:01,ETH,1785.5812
2024-01-02T23:38:02,ETH,1785.402
2024-01-02T23:38:03,ETH,1784.3755
2024-01-02T23:38:04,ETH,1783.3136
2024-01-02T23:38:05,ETH,1782.9972
2024-01-02T23:38:06,ETH,1781.696
2024-01-02T23:38:07,ETH,1781.712
2024-01-02T23:38:08,ETH,1783.5548
2024-01-02T23:38:09,ETH,1782.6312
2024-01-02T23:38:10,ETH,1783.111
2024-01-02T23:38:11,ETH,1781.7862
2024-01-02T23:38:12,ETH,1780.6788
2024-01-02T23:38:13,ETH,1780.2318
2024-01-02T23:38:14,ETH,1778.8977
2024-01-02T23:38:15,ETH,1778.8466
2024-01-02T23:38:16,ETH,1779.5771
2024-01-02T23:38:17,ETH,1779.819
2024-01-02T23:38:18,ETH,1779.9643
2024-01-02T23:38:19,ETH,1779.9988
2024-01-02T23:38:20,ETH,1779.1422
2024-01-02T23:38:21,ETH,1778.9504
2024-01-02T23:38:22,ETH,1779.8441
2024-01-02T23:38:23,ETH,1777.7322
2024-01-02T23:38:24,ETH,1777.6577
2024-01-02T23:38:25,ETH,1777.666
2024-01-02T23:38:26,ETH,1777.8112
2024-01-02T23:38:27,ETH,1778.9314
2024-01-02T23:38:28,ETH,1779.787
2024-01-02T23:38:29,ETH,1779.1786
2024-01-02T23:38:30,ETH,1779.1428
2024-01-02T23:38:31,ETH,1778.8355
2024-01-02T23:38:32,ETH,1778.211
2024-01-02T23:38:33,ETH,1777.595
2024-01-02T23:38:34,ETH,1776.6631
2024-01-02T23:38:35,ETH,1776.8689
2024-01-02T23:38:36,ETH,1776.8752
2024-01-02T23:38:37,ETH,1776.4332
2024-01-02T23:38:38,ETH,1775.1847
2024-01-02T23:38:39,ETH,1777.462
2024-01-02T23:38:40,ETH,1776.5616
2024-01-02T23:38:41,ETH,1777.1656
2024-01-02T23:38:42,ETH,1776.5735
2024-01-02T23:38:43,ETH,1776.5079
2024-01-02T23:38:44,ETH,1776.0342
2024-01-02T23:38:45,ETH,1776.26
2024-01-02T23:38:46,ETH,1776.3846
2024-01-02T23:38:47,ETH,1775.8467
2024-01-02T23:38:48,ETH,1773.4973
2024-01-02T23:38:49,ETH,1773.1214
2024-01-02T23:38:50,ETH,1772.6775
2024-01-02T23:38:51,ETH,1771.2995
2024-01-02T23:38:52,ETH,1770.1683
2024-01-02T23:38:53,ETH,1771.5847
2024-01-02T23:38:54,ETH,1772.1988
2024-01-02T23:38:55,ETH,1772.3684
2024-01-02T23:38:56,ETH,1772.1581
2024-01-02T23:38:57,ETH,1772.0323
2024-01-02T23:38:58,ETH,1774.2695
2024-01-02T23:38:59,ETH,1773.9653
2024-01-02T23:39:00,ETH,1772.7212
2024-01-03T02:37:00,ETH,1771.1638
2024-01-03T02:37:01,ETH,1770.959
2024-01-03T02:37:02,ETH,1771.1608
2024-01-03T02:37:03,ETH,1769.7493
2024-01-03T02:37:04,ETH,1769.781
2024-01-03T02:37:05,ETH,1769.0118
2024-01-03T02:37:06,ETH,1769.2648
2024-01-03T02:37:07,ETH,1768.2905
2024-01-03T02:37:08,ETH,1769.0682
2024-01-03T02:37:09,ETH,1768.9586
2024-01-03T02:37:10,ETH,1768.5478
2024-01-03T02:37:11,ETH,1768.3773
2024-01-03T02:37:12,ETH,1767.1357
2024-01-03T02:37:13,ETH,1766.1949
2024-01-03T02:37:14,ETH,1765.4924
2024-01-03T02:37:15,ETH,1764.8592
2024-01-03T02:37:16,ETH,1763.932
2024-01-03T02:37:17,ETH,1764.4699
2024-01-03T02:37:18,ETH,1764.2744
2024-01-03T02:37:19,ETH,1764.274
2024-01-03T02:37:20,ETH,1764.3652
2024-01-03T02:37:21,ETH,1763.3643
2024-01-03T02:37:22,ETH,1763.5342
2024-01-03T02:37:23,ETH,1763.4567
2024-01-03T02:37:24,ETH,1762.464
2024-01-03T02:37:25,ETH,1761.4311
2024-01-03T02:37:26,ETH,1761.2331
2024-01-03T02:37:27,ETH,1761.6315
2024-01-03T02:37:28,ETH,1760.448
2024-01-03T02:37:29,ETH,1759.5996
2024-01-03T02:37:30,ETH,1758.8895
2024-01-03T02:37:31,ETH,1757.5131
2024-01-03T02:37:32,ETH,1758.9044
2024-01-03T02:37:33,ETH,1758.5112
2024-01-03T02:37:34,ETH,1757.1252
2024-01-03T02:37:35,ETH,1756.6239
2024-01-03T02:37:36,ETH,1755.3293
2024-01-03T02:37:37,ETH,1755.3249
2024-01-03T02:37:38,ETH,1754.3203
2024-01-03T02:37:39,ETH,1754.8766
2024-01-03T02:37:40,ETH,1753.806
2024-01-03T02:37:41,ETH,1753.5153
2024-01-03T02:37:42,ETH,1752.2283
2024-01-03T02:37:43,ETH,1751.5335
2024-01-03T02:37:44,ETH,1749.9255
2024-01-03T02:37:45,ETH,1748.5958
2024-01-03T02:37:46,ETH,1749.1597
2024-01-03T02:37:47,ETH,1749.903
2024-01-03T02:37:48,ETH,1748.396
2024-01-03T02:37:49,ETH,1747.9459
2024-01-03T02:37:50,ETH,1748.2279
2024-01-03T02:37:51,ETH,1746.5508
2024-01-03T02:37:52,ETH,1747.0373
2024-01-03T02:37:53,ETH,1747.5663
2024-01-03T02:37:54,ETH,1746.5072
2024-01-03T02:37:55,ETH,1747.366
2024-01-03T02:37:56,ETH,1747.5188
2024-01-03T02:37:57,ETH,1745.9408
2024-01-03T02:37:58,ETH,1745.9551
2024-01-03T02:37:59,ETH,1746.0041
2024-01-03T02:38:00,ETH,1746.1798
2024-01-03T02:38:01,ETH,1746.8324
2024-01-03T02:38:02,ETH,1747.0723
2024-01-03T02:38:03,ETH,1745.7052
2024-01-03T02:38:04,ETH,1744.2652
2024-01-03T02:38:05,ETH,1744.8473
2024-01-03T02:38:06,ETH,1745.7728
2024-01-03T02:38:07,ETH,1745.0092
2024-01-03T02:38:08,ETH,1744.7517
2024-01-03T02:38:09,ETH,1743.4517
2024-01-03T02:38:10,ETH,1743.3213
2024-01-03T02:38:11,ETH,1744.3269
2024-01-03T02:38:12,ETH,1744.3001
2024-01-03T02:38:13,ETH,1745.4736
2024-01-03T02:38:14,ETH,1747.0512
2024-01-03T02:38:15,ETH,1747.6991
2024-01-03T02:38:16,ETH,1749.5529
2024-01-03T02:38:17,ETH,1749.5569
2024-01-03T02:38:18,ETH,1749.2591
2024-01-03T02:38:19,ETH,1748.7436
2024-01-03T02:38:20,ETH,1749.3571
2024-01-03T02:38:21,ETH,1749.3164
2024-01-03T02:38:22,ETH,1748.9941
2024-01-03T02:38:23,ETH,1748.5756
2024-01-03T02:38:24,ETH,1747.6485
2024-01-03T02:38:25,ETH,1747.8324
2024-01-03T02:38:26,ETH,1746.8084
2024-01-03T02:38:27,ETH,1744.6941
2024-01-03T02:38:28,ETH,1745.4883
2024-01-03T02:38:29,ETH,1744.0189
2024-01-03T02:38:30,ETH,1743.9095
2024-01-03T02:38:31,ETH,1743.4824
2024-01-03T02:38:32,ETH,1743.4442
2024-01-03T02:38:33,ETH,1742.7551
2024-01-03T02:38:34,ETH,1742.0762
2024-01-03T02:38:35,ETH,1741.2112
2024-01-03T02:38:36,ETH,1741.4297
2024-01-03T02:38:37,ETH,1741.2903
2024-01-03T02:38:38,ETH,1742.8734
2024-01-03T02:38:39,ETH,1741.6202
2024-01-03T02:38:40,ETH,1741.5915
2024-01-03T02:38:41,ETH,1743.2129
2024-01-03T02:38:42,ETH,1743.4442
2024-01-03T02:38:43,ETH,1742.3976
2024-01-03T02:38:44,ETH,1742.3436
2024-01-03T02:38:45,ETH,1743.0644
2024-01-03T02:38:46,ETH,1743.5346
2024-01-03T02:38:47,ETH,1743.6688
2024-01-03T02:38:48,ETH,1742.8126
2024-01-03T02:38:49,ETH,1742.5453
2024-01-03T02:38:50,ETH,1741.2171
2024-01-03T02:38:51,ETH,1741.3707
2024-01-03T02:38:52,ETH,1740.5684
2024-01-03T02:38:53,ETH,1740.5405
2024-01-03T02:38:54,ETH,1740.3339
2024-01-03T02:38:55,ETH,1741.0473
2024-01-03T02:38:56,ETH,1740.6723
2024-01-03T02:38:57,ETH,1740.472
2024-01-03T02:38:58,ETH,1740.2767
2024-01-03T02:38:59,ETH,1740.8105
2024-01-03T02:39:00,ETH,1739.7831
2024-01-03T02:39:01,ETH,1739.011
2024-01-03T02:39:02,ETH,1740.4268
2024-01-03T02:39:03,ETH,1739.4587
2024-01-03T02:39:04,ETH,1739.4565
2024-01-03T02:39:05,ETH,1738.5372
2024-01-03T02:39:06,ETH,1736.0484
2024-01-03T02:39:07,ETH,1735.4944
2024-01-03T02:39:08,ETH,1735.381
2024-01-03T02:39:09,ETH,1735.3117
2024-01-03T02:39:10,ETH,1734.8733
2024-01-03T02:39:11,ETH,1732.4139
2024-01-03T02:39:12,ETH,1731.801
2024-01-03T02:39:13,ETH,1731.633
2024-01-03T02:39:14,ETH,1733.0086
2024-01-03T02:39:15,ETH,1732.0055
2024-01-03T02:39:16,ETH,1731.0553
2024-01-03T02:39:17,ETH,1730.1225
2024-01-03T02:39:18,ETH,1729.181
2024-01-03T02:39:19,ETH,1729.767
2024-01-03T02:39:20,ETH,1729.3668
2024-01-03T02:39:21,ETH,1730.0663
2024-01-03T02:39:22,ETH,1729.0447
2024-01-03T02:39:23,ETH,1728.8746
2024-01-03T02:39:24,ETH,1727.533
2024-01-03T02:39:25,ETH,1727.2789
2024-01-03T02:39:26,ETH,1728.0149
2024-01-03T02:39:27,ETH,1728.3166
2024-01-03T02:39:28,ETH,1727.3407
2024-01-03T02:39:29,ETH,1727.5142
2024-01-03T02:39:30,ETH,1727.0978
2024-01-03T02:39:31,ETH,1727.2206
2024-01-03T02:39:32,ETH,1726.4113
2024-01-03T02:39:33,ETH,1724.7138
2024-01-03T02:39:34,ETH,1723.6355
2024-01-03T02:39:35,ETH,1722.4322
2024-01-03T02:39:36,ETH,1720.4049
2024-01-03T02:39:37,ETH,1719.7808
2024-01-03T02:39:38,ETH,1719.3541
2024-01-03T02:39:39,ETH,1718.4999
2024-01-03T02:39:40,ETH,1720.0223
2024-01-03T02:39:41,ETH,1719.6409
2024-01-03T02:39:42,ETH,1720.252
2024-01-03T02:39:43,ETH,1719.1561
2024-01-03T02:39:44,ETH,1718.2208
2024-01-03T02:39:45,ETH,1716.7976
2024-01-03T02:39:46,ETH,1715.671
2024-01-03T02:39:47,ETH,1715.1181
2024-01-03T02:39:48,ETH,1714.4539
2024-01-03T02:39:49,ETH,1713.3684
2024-01-03T02:39:50,ETH,1712.0947
2024-01-03T02:39:51,ETH,1712.0468
2024-01-03T02:39:52,ETH,1711.5062
2024-01-03T02:39:53,ETH,1711.4956
2024-01-03T02:39:54,ETH,1711.3452
2024-01-03T02:39:55,ETH,1711.9522
2024-01-03T02:39:56,ETH,1709.8483
2024-01-03T02:39:57,ETH,1709.7779
2024-01-03T02:39:58,ETH,1707.7214
2024-01-03T02:39:59,ETH,1708.2347
2024-01-03T02:40:00,ETH,1708.0401
2024-01-03T02:40:01,ETH,1707.6587
2024-01-03T02:40:02,ETH,1707.1063
2024-01-03T02:40:03,ETH,1706.7649
2024-01-03T02:40:04,ETH,1704.4968
2024-01-03T02:40:05,ETH,1703.669
2024-01-03T02:40:06,ETH,1702.4187
2024-01-03T02:40:07,ETH,1702.2195
2024-01-03T02:40:08,ETH,1700.9311
2024-01-03T02:40:09,ETH,1699.5141
2024-01-03T02:40:10,ETH,1699.3359
2024-01-03T02:40:11,ETH,1699.1171
2024-01-03T02:40:12,ETH,1698.4913
2024-01-03T02:40:13,ETH,1697.9929
2024-01-03T02:40:14,ETH,1698.5326
2024-01-03T02:40:15,ETH,1698.1235
2024-01-03T02:40:16,ETH,1697.5224
2024-01-03T02:40:17,ETH,1697.2289
2024-01-03T02:40:18,ETH,1697.7174
2024-01-03T02:40:19,ETH,1696.6447
2024-01-03T02:40:20,ETH,1697.9475
2024-01-03T02:40:21,ETH,1698.7566
2024-01-03T02:40:22,ETH,1697.7866
2024-01-03T02:40:23,ETH,1698.0438
2024-01-03T02:40:24,ETH,1699.1058
2024-01-03T02:40:25,ETH,1699.1083
2024-01-03T02:40:26,ETH,1697.8113
2024-01-03T02:40:27,ETH,1696.9348
2024-01-03T02:40:28,ETH,1696.4212
2024-01-03T02:40:29,ETH,1697.1264
2024-01-03T02:40:30,ETH,1695.7675
2024-01-03T02:40:31,ETH,1695.0568
2024-01-03T02:40:32,ETH,1693.4118
2024-01-03T02:40:33,ETH,1693.3241
2024-01-03T02:40:34,ETH,1691.887
2024-01-03T02:40:35,ETH,1690.6966
2024-01-03T02:40:36,ETH,1691.5891
2024-01-03T02:40:37,ETH,1689.9863
2024-01-03T02:40:38,ETH,1689.96
2024-01-03T02:40:39,ETH,1689.9361
2024-01-03T02:40:40,ETH,1688.9598
2024-01-03T02:40:41,ETH,1688.4511
2024-01-03T02:40:42,ETH,1688.8159
2024-01-03T02:40:43,ETH,1686.996
2024-01-03T02:40:44,ETH,1685.6034
2024-01-03T02:40:45,ETH,1684.6956
2024-01-03T02:40:46,ETH,1685.4955
2024-01-03T02:40:47,ETH,1683.6896
2024-01-03T02:40:48,ETH,1683.5306
2024-01-03T02:40:49,ETH,1683.8585
2024-01-03T02:40:50,ETH,1684.7294
2024-01-03T02:40:51,ETH,1684.4973
2024-01-03T02:40:52,ETH,1684.5539
2024-01-03T02:40:53,ETH,1683.4288
2024-01-03T02:40:54,ETH,1682.2356
2024-01-03T02:40:55,ETH,1681.873
2024-01-03T02:40:56,ETH,1680.8183
2024-01-03T02:40:57,ETH,1680.1639
2024-01-03T02:40:58,ETH,1680.5243
2024-01-03T02:40:59,ETH,1680.5607
2024-01-03T02:41:00,ETH,1678.9008
2024-01-03T02:41:01,ETH,1678.1989
2024-01-03T02:41:02,ETH,1679.0793
2024-01-03T02:41:03,ETH,1678.3427
2024-01-03T02:41:04,ETH,1677.9291
2024-01-03T02:41:05,ETH,1677.4968
2024-01-03T02:41:06,ETH,1678.2812
2024-01-03T02:41:07,ETH,1679.162
2024-01-03T02:41:08,ETH,1678.8413
2024-01-03T02:41:09,ETH,1677.6616
2024-01-03T02:41:10,ETH,1677.5253
2024-01-03T02:41:11,ETH,1677.3084
2024-01-03T02:41:12,ETH,1677.4823
2024-01-03T02:41:13,ETH,1676.4437
2024-01-03T02:41:14,ETH,1675.6648
2024-01-03T02:41:15,ETH,1673.5802
2024-01-03T02:41:16,ETH,1673.1774
2024-01-03T02:41:17,ETH,1672.0473
2024-01-03T02:41:18,ETH,1671.6732
2024-01-03T02:41:19,ETH,1670.4516
2024-01-03T02:41:20,ETH,1671.6171
2024-01-03T02:41:21,ETH,1670.2882
2024-01-03T02:41:22,ETH,1671.0695
2024-01-03T02:41:23,ETH,1671.7933
2024-01-03T02:41:24,ETH,1672.3232
2024-01-03T02:41:25,ETH,1672.9164
2024-01-03T02:41:26,ETH,1672.8108
2024-01-03T02:41:27,ETH,1670.7631
2024-01-03T02:41:28,ETH,1670.2217
2024-01-03T02:41:29,ETH,1669.852
2024-01-03T02:41:30,ETH,1668.339
2024-01-03T02:41:31,ETH,1668.2329
2024-01-03T02:41:32,ETH,1668.2737
2024-01-03T02:41:33,ETH,1667.4743
2024-01-03T02:41:34,ETH,1666.4521
2024-01-03T02:41:35,ETH,1666.62
2024-01-03T02:41:36,ETH,1666.3005
2024-01-03T02:41:37,ETH,1665.4839
2024-01-03T02:41:38,ETH,1663.7343
2024-01-03T02:41:39,ETH,1663.0148
2024-01-03T02:41:40,ETH,1663.3083
2024-01-03T02:41:41,ETH,1662.4683
2024-01-03T02:41:42,ETH,1662.8009
2024-01-03T02:41:43,ETH,1663.516
2024-01-03T02:41:44,ETH,1663.364
2024-01-03T02:41:45,ETH,1662.9531
2024-01-03T02:41:46,ETH,1662.8205
2024-01-03T02:41:47,ETH,1662.3626
2024-01-03T02:41:48,ETH,1661.0981
2024-01-03T02:41:49,ETH,1661.4488
2024-01-03T02:41:50,ETH,1660.289
2024-01-03T02:41:51,ETH,1659.9896
2024-01-03T02:41:52,ETH,1660.4183
2024-01-03T02:41:53,ETH,1659.3001
2024-01-03T02:41:54,ETH,1659.5778
2024-01-03T02:41:55,ETH,1658.8683
2024-01-03T02:41:56,ETH,1658.8087
2024-01-03T02:41:57,ETH,1659.295
2024-01-03T02:41:58,ETH,1659.7771
2024-01-03T02:41:59,ETH,1657.8526
2024-01-03T02:42:00,ETH,1657.4182
2024-01-03T02:42:01,ETH,1658.1129
2024-01-03T02:42:02,ETH,1658.9288
2024-01-03T02:42:03,ETH,1659.0126
2024-01-03T02:42:04,ETH,1657.1091
2024-01-03T02:42:05,ETH,1656.5495
2024-01-03T02:42:06,ETH,1655.9901
2024-01-03T02:42:07,ETH,1656.6738
2024-01-03T02:42:08,ETH,1656.5843
2024-01-03T02:42:09,ETH,1656.2185
2024-01-03T02:42:10,ETH,1655.2516
2024-01-03T02:42:11,ETH,1654.4112
2024-01-03T02:42:12,ETH,1655.0585
2024-01-03T02:42:13,ETH,1654.7664
2024-01-03T02:42:14,ETH,1653.5114
2024-01-03T02:42:15,ETH,1653.5378
2024-01-03T02:42:16,ETH,1653.4746
2024-01-03T02:42:17,ETH,1654.1307
2024-01-03T02:42:18,ETH,1655.7914
2024-01-03T02:42:19,ETH,1654.7373
2024-01-03T02:42:20,ETH,1654.9066
2024-01-03T02:42:21,ETH,1654.7702
2024-01-03T02:42:22,ETH,1655.0029
2024-01-03T02:42:23,ETH,1655.4823
2024-01-03T02:42:24,ETH,1653.7786
2024-01-03T02:42:25,ETH,1652.4691
2024-01-03T02:42:26,ETH,1652.5305
2024-01-03T02:42:27,ETH,1652.8053
2024-01-03T02:42:28,ETH,1652.8966
2024-01-03T02:42:29,ETH,1653.9485
2024-01-03T02:42:30,ETH,1655.5647
2024-01-03T02:42:31,ETH,1655.6114
2024-01-03T02:42:32,ETH,1654.8823
2024-01-03T02:42:33,ETH,1654.7345
2024-01-03T02:42:34,ETH,1656.5359
2024-01-03T02:42:35,ETH,1656.3538
2024-01-03T02:42:36,ETH,1656.7562
2024-01-03T02:42:37,ETH,1655.5585
2024-01-03T02:42:38,ETH,1654.4067
2024-01-03T02:42:39,ETH,1654.5527
2024-01-03T02:42:40,ETH,1653.5536
2024-01-03T02:42:41,ETH,1653.7825
2024-01-03T02:42:42,ETH,1652.9642
2024-01-03T02:42:43,ETH,1652.5224
2024-01-03T02:42:44,ETH,1651.7688
2024-01-03T02:42:45,ETH,1652.137
2024-01-03T02:42:46,ETH,1652.5719
2024-01-03T02:42:47,ETH,1651.8409
2024-01-03T02:42:48,ETH,1650.5858
2024-01-03T02:42:49,ETH,1650.4398
2024-01-03T02:42:50,ETH,1649.8963
2024-01-03T02:42:51,ETH,1649.9828
2024-01-03T02:42:52,ETH,1650.0864
2024-01-03T02:42:53,ETH,1650.0755
2024-01-03T02:42:54,ETH,1650.4497
2024-01-03T02:42:55,ETH,1649.7834
2024-01-03T02:42:56,ETH,1649.5618
2024-01-03T02:42:57,ETH,1648.9391
2024-01-03T02:42:58,ETH,1646.4326
2024-01-03T02:42:59,ETH,1645.1885
2024-01-03T02:43:00,ETH,1645.0716
2024-01-03T04:24:00,ETH,1644.7217
2024-01-03T04:24:01,ETH,1645.1401
2024-01-03T04:24:02,ETH,1645.3872
2024-01-03T04:24:03,ETH,1644.7827
2024-01-03T04:24:04,ETH,1644.428
2024-01-03T04:24:05,ETH,1644.7031
2024-01-03T04:24:06,ETH,1643.5685
2024-01-03T04:24:07,ETH,1643.7045
2024-01-03T04:24:08,ETH,1643.1432
2024-01-03T04:24:09,ETH,1641.5453
2024-01-03T04:24:10,ETH,1641.1163
2024-01-03T04:24:11,ETH,1638.871
2024-01-03T04:24:12,ETH,1639.8872
2024-01-03T04:24:13,ETH,1639.2445
2024-01-03T04:24:14,ETH,1639.21
2024-01-03T04:24:15,ETH,1638.3007
2024-01-03T04:24:16,ETH,1637.429
2024-01-03T04:24:17,ETH,1636.7316
2024-01-03T04:24:18,ETH,1637.4503
2024-01-03T04:24:19,ETH,1637.7008
2024-01-03T04:24:20,ETH,1636.6959
2024-01-03T04:24:21,ETH,1636.129
2024-01-03T04:24:22,ETH,1637.1295
2024-01-03T04:24:23,ETH,1638.2562
2024-01-03T04:24:24,ETH,1638.0723
2024-01-03T04:24:25,ETH,1637.5474
2024-01-03T04:24:26,ETH,1637.2011
2024-01-03T04:24:27,ETH,1638.2312
2024-01-03T04:24:28,ETH,1638.7545
2024-01-03T04:24:29,ETH,1637.6892
2024-01-03T04:24:30,ETH,1637.6786
2024-01-03T04:24:31,ETH,1637.811
2024-01-03T04:24:32,ETH,1636.8573
2024-01-03T04:24:33,ETH,1637.7245
2024-01-03T04:24:34,ETH,1638.4072
2024-01-03T04:24:35,ETH,1637.6479
2024-01-03T04:24:36,ETH,1638.3762
2024-01-03T04:24:37,ETH,1638.7622
2024-01-03T04:24:38,ETH,1638.7399
2024-01-03T04:24:39,ETH,1638.6752
2024-01-03T04:24:40,ETH,1637.9755
2024-01-03T04:24:41,ETH,1638.878
2024-01-03T04:24:42,ETH,1639.6331
2024-01-03T04:24:43,ETH,1641.1334
2024-01-03T04:24:44,ETH,1640.554
2024-01-03T04:24:45,ETH,1640.2291
2024-01-03T04:24:46,ETH,1640.6565
2024-01-03T04:24:47,ETH,1639.6789
2024-01-03T04:24:48,ETH,1638.9473
2024-01-03T04:24:49,ETH,1638.0277
2024-01-03T04:24:50,ETH,1637.9716
2024-01-03T04:24:51,ETH,1638.1
2024-01-03T04:24:52,ETH,1636.7404
2024-01-03T04:24:53,ETH,1636.6258
2024-01-03T04:24:54,ETH,1637.2445
2024-01-03T04:24:55,ETH,1637.2099
2024-01-03T04:24:56,ETH,1637.5492
2024-01-03T04:24:57,ETH,1638.7542
2024-01-03T04:24:58,ETH,1638.5788
2024-01-03T04:24:59,ETH,1638.9438
2024-01-03T04:25:00,ETH,1638.1599
2024-01-03T04:25:01,ETH,1639.1138
2024-01-03T04:25:02,ETH,1639.8828
2024-01-03T04:25:03,ETH,1639.6226
2024-01-03T04:25:04,ETH,1638.7072
2024-01-03T04:25:05,ETH,1638.4847
2024-01-03T04:25:06,ETH,1638.2834
2024-01-03T04:25:07,ETH,1638.1634
2024-01-03T04:25:08,ETH,1638.7128
2024-01-03T04:25:09,ETH,1639.5514
2024-01-03T04:25:10,ETH,1639.2169
2024-01-03T04:25:11,ETH,1638.0689
2024-01-03T04:25:12,ETH,1636.9975
2024-01-03T04:25:13,ETH,1638.0255
2024-01-03T04:25:14,ETH,1638.5796
2024-01-03T04:25:15,ETH,1638.9698
2024-01-03T04:25:16,ETH,1637.4394
2024-01-03T04:25:17,ETH,1636.8075
2024-01-03T04:25:18,ETH,1636.69
2024-01-03T04:25:19,ETH,1636.2799
2024-01-03T04:25:20,ETH,1636.6623
2024-01-03T04:25:21,ETH,1637.1548
2024-01-03T04:25:22,ETH,1637.2403
2024-01-03T04:25:23,ETH,1636.5542
2024-01-03T04:25:24,ETH,1637.6892
2024-01-03T04:25:25,ETH,1637.9282
2024-01-03T04:25:26,ETH,1639.014
2024-01-03T04:25:27,ETH,1640.3012
2024-01-03T04:25:28,ETH,1640.7631
2024-01-03T04:25:29,ETH,1641.9518
2024-01-03T04:25:30,ETH,1641.4056
2024-01-03T04:25:31,ETH,1640.8504
2024-01-03T04:25:32,ETH,1641.1775
2024-01-03T04:25:33,ETH,1639.032
2024-01-03T04:25:34,ETH,1638.707
2024-01-03T04:25:35,ETH,1638.1648
2024-01-03T04:25:36,ETH,1637.8798
2024-01-03T04:25:37,ETH,1638.9512
2024-01-03T04:25:38,ETH,1640.7287
2024-01-03T04:25:39,ETH,1640.7486
2024-01-03T04:25:40,ETH,1640.3272
2024-01-03T04:25:41,ETH,1641.5807
2024-01-03T04:25:42,ETH,1641.7088
2024-01-03T04:25:43,ETH,1641.7679
2024-01-03T04:25:44,ETH,1642.8649
2024-01-03T04:25:45,ETH,1643.1164
2024-01-03T04:25:46,ETH,1641.7485
2024-01-03T04:25:47,ETH,1643.2121
2024-01-03T04:25:48,ETH,1644.2275
2024-01-03T04:25:49,ETH,1643.9649
2024-01-03T04:25:50,ETH,1644.4493
2024-01-03T04:25:51,ETH,1645.3339
2024-01-03T04:25:52,ETH,1644.9243
2024-01-03T04:25:53,ETH,1644.6964
2024-01-03T04:25:54,ETH,1643.5248
2024-01-03T04:25:55,ETH,1643.8859
2024-01-03T04:25:56,ETH,1643.984
2024-01-03T04:25:57,ETH,1644.6835
2024-01-03T04:25:58,ETH,1645.0732
2024-01-03T04:25:59,ETH,1644.5437
2024-01-03T04:26:00,ETH,1644.8154
2024-01-03T04:26:01,ETH,1645.7261
2024-01-03T04:26:02,ETH,1646.6159
2024-01-03T04:26:03,ETH,1646.3861
2024-01-03T04:26:04,ETH,1645.263
2024-01-03T04:26:05,ETH,1644.1105
2024-01-03T04:26:06,ETH,1644.0269
2024-01-03T04:26:07,ETH,1645.1421
2024-01-03T04:26:08,ETH,1643.6238
2024-01-03T04:26:09,ETH,1642.8975
2024-01-03T04:26:10,ETH,1641.6228
2024-01-03T04:26:11,ETH,1641.9221
2024-01-03T04:26:12,ETH,1641.7598
2024-01-03T04:26:13,ETH,1642.0964
2024-01-03T04:26:14,ETH,1643.3876
2024-01-03T04:26:15,ETH,1642.6999
2024-01-03T04:26:16,ETH,1641.7294
2024-01-03T04:26:17,ETH,1642.0923
2024-01-03T04:26:18,ETH,1642.362
2024-01-03T04:26:19,ETH,1642.8754
2024-01-03T04:26:20,ETH,1640.9712
2024-01-03T04:26:21,ETH,1641.0507
2024-01-03T04:26:22,ETH,1641.2895
2024-01-03T04:26:23,ETH,1641.4264
2024-01-03T04:26:24,ETH,1641.1728
2024-01-03T04:26:25,ETH,1640.7966
2024-01-03T04:26:26,ETH,1641.2089
2024-01-03T04:26:27,ETH,1639.2604
2024-01-03T04:26:28,ETH,1640.5052
2024-01-03T04:26:29,ETH,1640.7209
2024-01-03T04:26:30,ETH,1640.6352
2024-01-03T04:26:31,ETH,1641.0022
2024-01-03T04:26:32,ETH,1640.6126
2024-01-03T04:26:33,ETH,1640.3459
2024-01-03T04:26:34,ETH,1640.7995
2024-01-03T04:26:35,ETH,1640.3428
2024-01-03T04:26:36,ETH,1640.1762
2024-01-03T04:26:37,ETH,1641.7587
2024-01-03T04:26:38,ETH,1642.1237
2024-01-03T04:26:39,ETH,1641.413
2024-01-03T04:26:40,ETH,1641.1569
2024-01-03T04:26:41,ETH,1641.255
2024-01-03T04:26:42,ETH,1642.1371
2024-01-03T04:26:43,ETH,1643.3587
2024-01-03T04:26:44,ETH,1643.9926
2024-01-03T04:26:45,ETH,1643.7126
2024-01-03T04:26:46,ETH,1644.7079
2024-01-03T04:26:47,ETH,1645.8192
2024-01-03T04:26:48,ETH,1644.7129
2024-01-03T04:26:49,ETH,1644.7695
2024-01-03T04:26:50,ETH,1645.6686
2024-01-03T04:26:51,ETH,1644.4313
2024-01-03T04:26:52,ETH,1646.5954
2024-01-03T04:26:53,ETH,1646.4435
2024-01-03T04:26:54,ETH,1645.4702
2024-01-03T04:26:55,ETH,1644.4936
2024-01-03T04:26:56,ETH,1644.7571
2024-01-03T04:26:57,ETH,1645.0615
2024-01-03T04:26:58,ETH,1645.1165
2024-01-03T04:26:59,ETH,1645.6551
2024-01-03T04:27:00,ETH,1646.6514
2024-01-03T04:27:01,ETH,1647.422
2024-01-03T04:27:02,ETH,1646.5663
2024-01-03T04:27:03,ETH,1646.0678
2024-01-03T04:27:04,ETH,1646.8208
2024-01-03T04:27:05,ETH,1646.1647
2024-01-03T04:27:06,ETH,1644.9177
2024-01-03T04:27:07,ETH,1644.4932
2024-01-03T04:27:08,ETH,1643.8773
2024-01-03T04:27:09,ETH,1644.8528
2024-01-03T04:27:10,ETH,1645.1431
2024-01-03T04:27:11,ETH,1645.567
2024-01-03T04:27:12,ETH,1644.9801
2024-01-03T04:27:13,ETH,1646.0561
2024-01-03T04:27:14,ETH,1645.0212
2024-01-03T04:27:15,ETH,1645.4529
2024-01-03T04:27:16,ETH,1646.4379
2024-01-03T04:27:17,ETH,1645.0047
2024-01-03T04:27:18,ETH,1646.3704
2024-01-03T04:27:19,ETH,1645.7954
2024-01-03T04:27:20,ETH,1644.8647
2024-01-03T04:27:21,ETH,1647.0493
2024-01-03T04:27:22,ETH,1647.6493
2024-01-03T04:27:23,ETH,1647.4297
2024-01-03T04:27:24,ETH,1647.7455
2024-01-03T04:27:25,ETH,1645.5394
2024-01-03T04:27:26,ETH,1645.2609
2024-01-03T04:27:27,ETH,1644.6838
2024-01-03T04:27:28,ETH,1645.123
2024-01-03T04:27:29,ETH,1645.5419
2024-01-03T04:27:30,ETH,1645.7267
2024-01-03T04:27:31,ETH,1645.7898
2024-01-03T04:27:32,ETH,1646.2384
2024-01-03T04:27:33,ETH,1647.0832
2024-01-03T04:27:34,ETH,1648.6898
2024-01-03T04:27:35,ETH,1648.4618
2024-01-03T04:27:36,ETH,1648.1046
2024-01-03T04:27:37,ETH,1647.9674
2024-01-03T04:27:38,ETH,1647.8587
2024-01-03T04:27:39,ETH,1647.8219
2024-01-03T04:27:40,ETH,1647.968
2024-01-03T04:27:41,ETH,1647.0733
2024-01-03T04:27:42,ETH,1648.4395
2024-01-03T04:27:43,ETH,1649.2397
2024-01-03T04:27:44,ETH,1650.5746
2024-01-03T04:27:45,ETH,1651.6129
2024-01-03T04:27:46,ETH,1650.4264
2024-01-03T04:27:47,ETH,1650.363
2024-01-03T04:27:48,ETH,1649.7383
2024-01-03T04:27:49,ETH,1651.5331
2024-01-03T04:27:50,ETH,1650.6484
2024-01-03T04:27:51,ETH,1649.7199
2024-01-03T04:27:52,ETH,1649.373
2024-01-03T04:27:53,ETH,1650.1842
2024-01-03T04:27:54,ETH,1648.7513
2024-01-03T04:27:55,ETH,1649.0077
2024-01-03T04:27:56,ETH,1649.1515
2024-01-03T04:27:57,ETH,1647.7292
2024-01-03T04:27:58,ETH,1647.2263
2024-01-03T04:27:59,ETH,1647.5745
2024-01-03T04:28:00,ETH,1647.1931
2024-01-03T04:28:01,ETH,1647.0058
2024-01-03T04:28:02,ETH,1647.7152
2024-01-03T04:28:03,ETH,1649.1567
2024-01-03T04:28:04,ETH,1647.9261
2024-01-03T04:28:05,ETH,1649.3591
2024-01-03T04:28:06,ETH,1648.6516
2024-01-03T04:28:07,ETH,1650.252
2024-01-03T04:28:08,ETH,1652.6898
2024-01-03T04:28:09,ETH,1652.8961
2024-01-03T04:28:10,ETH,1652.663
2024-01-03T04:28:11,ETH,1652.2738
2024-01-03T04:28:12,ETH,1651.4626
2024-01-03T04:28:13,ETH,1651.3295
2024-01-03T04:28:14,ETH,1651.6094
2024-01-03T04:28:15,ETH,1652.253
2024-01-03T04:28:16,ETH,1652.73
2024-01-03T04:28:17,ETH,1651.8622
2024-01-03T04:28:18,ETH,1652.9262
2024-01-03T04:28:19,ETH,1651.9967
2024-01-03T04:28:20,ETH,1650.6137
2024-01-03T04:28:21,ETH,1651.7545
2024-01-03T04:28:22,ETH,1651.8343
2024-01-03T04:28:23,ETH,1653.8131
2024-01-03T04:28:24,ETH,1653.1508
2024-01-03T04:28:25,ETH,1653.487
2024-01-03T04:28:26,ETH,1653.1768
2024-01-03T04:28:27,ETH,1653.1801
2024-01-03T04:28:28,ETH,1654.0945
2024-01-03T04:28:29,ETH,1654.6104
2024-01-03T04:28:30,ETH,1654.7497
2024-01-03T04:28:31,ETH,1655.4451
2024-01-03T04:28:32,ETH,1655.8782
2024-01-03T04:28:33,ETH,1657.3129
2024-01-03T04:28:34,ETH,1657.8285
2024-01-03T04:28:35,ETH,1658.7556
2024-01-03T04:28:36,ETH,1659.0458
2024-01-03T04:28:37,ETH,1658.409
2024-01-03T04:28:38,ETH,1659.6919
2024-01-03T04:28:39,ETH,1659.0974
2024-01-03T04:28:40,ETH,1659.365
2024-01-03T04:28:41,ETH,1660.3833
2024-01-03T04:28:42,ETH,1659.0198
2024-01-03T04:28:43,ETH,1658.5629
2024-01-03T04:28:44,ETH,1658.5939
2024-01-03T04:28:45,ETH,1657.5514
2024-01-03T04:28:46,ETH,1656.767
2024-01-03T04:28:47,ETH,1656.4454
2024-01-03T04:28:48,ETH,1656.8648
2024-01-03T04:28:49,ETH,1656.1575
2024-01-03T04:28:50,ETH,1656.4233
2024-01-03T04:28:51,ETH,1655.56
2024-01-03T04:28:52,ETH,1656.1107
2024-01-03T04:28:53,ETH,1655.4513
2024-01-03T04:28:54,ETH,1655.0208
2024-01-03T04:28:55,ETH,1654.342
2024-01-03T04:28:56,ETH,1652.7533
2024-01-03T04:28:57,ETH,1652.8253
2024-01-03T04:28:58,ETH,1651.5228
2024-01-03T04:28:59,ETH,1651.8385
2024-01-03T04:29:00,ETH,1653.3874
2024-01-03T04:29:01,ETH,1653.8743
2024-01-03T04:29:02,ETH,1652.6862
2024-01-03T04:29:03,ETH,1651.9328
2024-01-03T04:29:04,ETH,1653.2649
2024-01-03T04:29:05,ETH,1653.1231
2024-01-03T04:29:06,ETH,1653.8739
2024-01-03T04:29:07,ETH,1652.609
2024-01-03T04:29:08,ETH,1652.0428
2024-01-03T04:29:09,ETH,1651.8524
2024-01-03T04:29:10,ETH,1651.5083
2024-01-03T04:29:11,ETH,1650.8663
2024-01-03T04:29:12,ETH,1650.8709
2024-01-03T04:29:13,ETH,1650.531
2024-01-03T04:29:14,ETH,1650.8203
2024-01-03T04:29:15,ETH,1651.4814
2024-01-03T04:29:16,ETH,1653.3617
2024-01-03T04:29:17,ETH,1652.8963
2024-01-03T04:29:18,ETH,1652.5431
2024-01-03T04:29:19,ETH,1652.9276
2024-01-03T04:29:20,ETH,1653.4939
2024-01-03T04:29:21,ETH,1654.8807
2024-01-03T04:29:22,ETH,1655.3409
2024-01-03T04:29:23,ETH,1656.364
2024-01-03T04:29:24,ETH,1657.6623
2024-01-03T04:29:25,ETH,1658.919
2024-01-03T04:29:26,ETH,1658.429
2024-01-03T04:29:27,ETH,1659.6856
2024-01-03T04:29:28,ETH,1660.1439
2024-01-03T04:29:29,ETH,1660.5191
2024-01-03T04:29:30,ETH,1659.8171
2024-01-03T04:29:31,ETH,1658.5441
2024-01-03T04:29:32,ETH,1659.0438
2024-01-03T04:29:33,ETH,1657.9389
2024-01-03T04:29:34,ETH,1657.9233
2024-01-03T04:29:35,ETH,1658.8035
2024-01-03T04:29:36,ETH,1656.9968
2024-01-03T04:29:37,ETH,1656.9326
2024-01-03T04:29:38,ETH,1655.3268
2024-01-03T04:29:39,ETH,1655.7416
2024-01-03T04:29:40,ETH,1654.5076
2024-01-03T04:29:41,ETH,1654.4312
2024-01-03T04:29:42,ETH,1654.5132
2024-01-03T04:29:43,ETH,1653.7836
2024-01-03T04:29:44,ETH,1653.6453
2024-01-03T04:29:45,ETH,1652.9858
2024-01-03T04:29:46,ETH,1652.9774
2024-01-03T04:29:47,ETH,1653.3127
2024-01-03T04:29:48,ETH,1653.1673
2024-01-03T04:29:49,ETH,1652.8748
2024-01-03T04:29:50,ETH,1652.6426
2024-01-03T04:29:51,ETH,1653.1098
2024-01-03T04:29:52,ETH,1653.8644
2024-01-03T04:29:53,ETH,1655.5541
2024-01-03T04:29:54,ETH,1655.5431
2024-01-03T04:29:55,ETH,1656.8305
2024-01-03T04:29:56,ETH,1657.4955
2024-01-03T04:29:57,ETH,1656.8231
2024-01-03T04:29:58,ETH,1657.654
2024-01-03T04:29:59,ETH,1658.2865
2024-01-03T04:30:00,ETH,1656.97
2024-01-03T07:20:00,ETH,1656.0848
2024-01-03T07:20:01,ETH,1656.6337
2024-01-03T07:20:02,ETH,1656.2035
2024-01-03T07:20:03,ETH,1655.1659
2024-01-03T07:20:04,ETH,1654.5623
2024-01-03T07:20:05,ETH,1653.6886
2024-01-03T07:20:06,ETH,1652.9016
2024-01-03T07:20:07,ETH,1652.3548
2024-01-03T07:20:08,ETH,1652.518
2024-01-03T07:20:09,ETH,1652.5842
2024-01-03T07:20:10,ETH,1651.6956
2024-01-03T07:20:11,ETH,1651.3877
2024-01-03T07:20:12,ETH,1652.4581
2024-01-03T07:20:13,ETH,1651.8788
2024-01-03T07:20:14,ETH,1650.9181
2024-01-03T07:20:15,ETH,1650.1421
2024-01-03T07:20:16,ETH,1650.2205
2024-01-03T07:20:17,ETH,1649.2076
2024-01-03T07:20:18,ETH,1650.2479
2024-01-03T07:20:19,ETH,1649.4923
2024-01-03T07:20:20,ETH,1648.1601
2024-01-03T07:20:21,ETH,1647.8404
2024-01-03T07:20:22,ETH,1646.5672
2024-01-03T07:20:23,ETH,1647.5125
2024-01-03T07:20:24,ETH,1649.105
2024-01-03T07:20:25,ETH,1647.5956
2024-01-03T07:20:26,ETH,1647.8686
2024-01-03T07:20:27,ETH,1647.4945
2024-01-03T07:20:28,ETH,1647.7554
2024-01-03T07:20:29,ETH,1647.6646
2024-01-03T07:20:30,ETH,1646.223
2024-01-03T07:20:31,ETH,1645.4066
2024-01-03T07:20:32,ETH,1644.6816
2024-01-03T07:20:33,ETH,1643.482
2024-01-03T07:20:34,ETH,1643.2435
2024-01-03T07:20:35,ETH,1642.522
2024-01-03T07:20:36,ETH,1642.1289
2024-01-03T07:20:37,ETH,1640.4021
2024-01-03T07:20:38,ETH,1639.7928
2024-01-03T07:20:39,ETH,1638.51
2024-01-03T07:20:40,ETH,1638.5464
2024-01-03T07:20:41,ETH,1639.4056
2024-01-03T07:20:42,ETH,1640.7451
2024-01-03T07:20:43,ETH,1640.3517
2024-01-03T07:20:44,ETH,1639.2959
2024-01-03T07:20:45,ETH,1639.0797
2024-01-03T07:20:46,ETH,1637.9357
2024-01-03T07:20:47,ETH,1637.4618
2024-01-03T07:20:48,ETH,1638.1972
2024-01-03T07:20:49,ETH,1638.3759
2024-01-03T07:20:50,ETH,1638.6549
2024-01-03T07:20:51,ETH,1638.755
2024-01-03T07:20:52,ETH,1637.7334
2024-01-03T07:20:53,ETH,1637.1111
2024-01-03T07:20:54,ETH,1637.2623
2024-01-03T07:20:55,ETH,1635.6135
2024-01-03T07:20:56,ETH,1635.4717
2024-01-03T07:20:57,ETH,1636.5221
2024-01-03T07:20:58,ETH,1636.436
2024-01-03T07:20:59,ETH,1636.4078
2024-01-03T07:21:00,ETH,1635.8781
2024-01-03T07:21:01,ETH,1635.5627
2024-01-03T07:21:02,ETH,1636.5118
2024-01-03T07:21:03,ETH,1636.8186
2024-01-03T07:21:04,ETH,1635.0611
2024-01-03T07:21:05,ETH,1635.5553
2024-01-03T07:21:06,ETH,1636.6368
2024-01-03T07:21:07,ETH,1636.5617
2024-01-03T07:21:08,ETH,1636.4143
2024-01-03T07:21:09,ETH,1635.0668
2024-01-03T07:21:10,ETH,1634.6328
2024-01-03T07:21:11,ETH,1634.351
2024-01-03T07:21:12,ETH,1633.4463
2024-01-03T07:21:13,ETH,1632.9169
2024-01-03T07:21:14,ETH,1633.4031
2024-01-03T07:21:15,ETH,1633.2129
2024-01-03T07:21:16,ETH,1632.4915
2024-01-03T07:21:17,ETH,1634.1197
2024-01-03T07:21:18,ETH,1632.87
2024-01-03T07:21:19,ETH,1632.8848
2024-01-03T07:21:20,ETH,1633.6818
2024-01-03T07:21:21,ETH,1631.8469
2024-01-03T07:21:22,ETH,1631.3886
2024-01-03T07:21:23,ETH,1631.2146
2024-01-03T07:21:24,ETH,1632.7387
2024-01-03T07:21:25,ETH,1631.3523
2024-01-03T07:21:26,ETH,1630.9389
2024-01-03T07:21:27,ETH,1630.0875
2024-01-03T07:21:28,ETH,1631.7881
2024-01-03T07:21:29,ETH,1631.8073
2024-01-03T07:21:30,ETH,1632.221
2024-01-03T07:21:31,ETH,1631.1903
2024-01-03T07:21:32,ETH,1631.3735
2024-01-03T07:21:33,ETH,1630.9881
2024-01-03T07:21:34,ETH,1631.7795
2024-01-03T07:21:35,ETH,1631.8534
2024-01-03T07:21:36,ETH,1631.2518
2024-01-03T07:21:37,ETH,1631.4843
2024-01-03T07:21:38,ETH,1631.1174
2024-01-03T07:21:39,ETH,1630.1122
2024-01-03T07:21:40,ETH,1630.2822
2024-01-03T07:21:41,ETH,1630.1686
2024-01-03T07:21:42,ETH,1630.8079
2024-01-03T07:21:43,ETH,1630.7432
2024-01-03T07:21:44,ETH,1630.8105
2024-01-03T07:21:45,ETH,1630.0849
2024-01-03T07:21:46,ETH,1630.1861
2024-01-03T07:21:47,ETH,1628.3772
2024-01-03T07:21:48,ETH,1627.6665
2024-01-03T07:21:49,ETH,1627.7121
2024-01-03T07:21:50,ETH,1628.5656
2024-01-03T07:21:51,ETH,1628.2189
2024-01-03T07:21:52,ETH,1627.4801
2024-01-03T07:21:53,ETH,1626.6777
2024-01-03T07:21:54,ETH,1625.7446
2024-01-03T07:21:55,ETH,1626.8354
2024-01-03T07:21:56,ETH,1625.1758
2024-01-03T07:21:57,ETH,1625.2917
2024-01-03T07:21:58,ETH,1624.7856
2024-01-03T07:21:59,ETH,1623.6998
2024-01-03T07:22:00,ETH,1623.9315
2024-01-03T07:22:01,ETH,1625.0393
2024-01-03T07:22:02,ETH,1625.9612
2024-01-03T07:22:03,ETH,1626.4042
2024-01-03T07:22:04,ETH,1624.8408
2024-01-03T07:22:05,ETH,1623.1813
2024-01-03T07:22:06,ETH,1623.7391
2024-01-03T07:22:07,ETH,1623.482
2024-01-03T07:22:08,ETH,1623.1557
2024-01-03T07:22:09,ETH,1622.786
2024-01-03T07:22:10,ETH,1623.1171
2024-01-03T07:22:11,ETH,1623.0631
2024-01-03T07:22:12,ETH,1622.0159
2024-01-03T07:22:13,ETH,1622.8375
2024-01-03T07:22:14,ETH,1623.4792
2024-01-03T07:22:15,ETH,1623.1935
2024-01-03T07:22:16,ETH,1621.1018
2024-01-03T07:22:17,ETH,1620.3172
2024-01-03T07:22:18,ETH,1620.7655
2024-01-03T07:22:19,ETH,1619.5312
2024-01-03T07:22:20,ETH,1619.4085
2024-01-03T07:22:21,ETH,1618.9151
2024-01-03T07:22:22,ETH,1618.7013
2024-01-03T07:22:23,ETH,1619.1607
2024-01-03T07:22:24,ETH,1620.1797
2024-01-03T07:22:25,ETH,1619.4597
2024-01-03T07:22:26,ETH,1618.5884
2024-01-03T07:22:27,ETH,1618.9518
2024-01-03T07:22:28,ETH,1617.7463
2024-01-03T07:22:29,ETH,1618.0559
2024-01-03T07:22:30,ETH,1618.0987
2024-01-03T07:22:31,ETH,1616.6479
2024-01-03T07:22:32,ETH,1616.8401
2024-01-03T07:22:33,ETH,1615.5637
2024-01-03T07:22:34,ETH,1614.8475
2024-01-03T07:22:35,ETH,1614.0169
2024-01-03T07:22:36,ETH,1612.9964
2024-01-03T07:22:37,ETH,1615.0396
2024-01-03T07:22:38,ETH,1615.279
2024-01-03T07:22:39,ETH,1615.9043
2024-01-03T07:22:40,ETH,1614.4245
2024-01-03T07:22:41,ETH,1613.8179
2024-01-03T07:22:42,ETH,1612.4848
2024-01-03T07:22:43,ETH,1611.9662
2024-01-03T07:22:44,ETH,1611.809
2024-01-03T07:22:45,ETH,1610.8586
2024-01-03T07:22:46,ETH,1608.5092
2024-01-03T07:22:47,ETH,1607.6372
2024-01-03T07:22:48,ETH,1607.2293
2024-01-03T07:22:49,ETH,1605.0413
2024-01-03T07:22:50,ETH,1604.9626
2024-01-03T07:22:51,ETH,1605.1573
2024-01-03T07:22:52,ETH,1604.9586
2024-01-03T07:22:53,ETH,1605.7912
2024-01-03T07:22:54,ETH,1604.521
2024-01-03T07:22:55,ETH,1604.6007
2024-01-03T07:22:56,ETH,1604.6239
2024-01-03T07:22:57,ETH,1605.959
2024-01-03T07:22:58,ETH,1606.815
2024-01-03T07:22:59,ETH,1605.9967
2024-01-03T07:23:00,ETH,1606.0205
2024-01-03T07:23:01,ETH,1604.179
2024-01-03T07:23:02,ETH,1603.6171
2024-01-03T07:23:03,ETH,1603.5946
2024-01-03T07:23:04,ETH,1604.1845
2024-01-03T07:23:05,ETH,1603.2217
2024-01-03T07:23:06,ETH,1604.0075
2024-01-03T07:23:07,ETH,1603.529
2024-01-03T07:23:08,ETH,1603.0278
2024-01-03T07:23:09,ETH,1603.0083
2024-01-03T07:23:10,ETH,1603.1159
2024-01-03T07:23:11,ETH,1603.1181
2024-01-03T07:23:12,ETH,1603.7531
2024-01-03T07:23:13,ETH,1604.0392
2024-01-03T07:23:14,ETH,1603.0897
2024-01-03T07:23:15,ETH,1602.8357
2024-01-03T07:23:16,ETH,1603.7798
2024-01-03T07:23:17,ETH,1603.2959
2024-01-03T07:23:18,ETH,1603.9456
2024-01-03T07:23:19,ETH,1604.7553
2024-01-03T07:23:20,ETH,1604.706
2024-01-03T07:23:21,ETH,1604.2712
2024-01-03T07:23:22,ETH,1604.3585
2024-01-03T07:23:23,ETH,1604.4143
2024-01-03T07:23:24,ETH,1601.9781
2024-01-03T07:23:25,ETH,1602.7479
2024-01-03T07:23:26,ETH,1602.8795
2024-01-03T07:23:27,ETH,1603.4599
2024-01-03T07:23:28,ETH,1603.027
2024-01-03T07:23:29,ETH,1602.5935
2024-01-03T07:23:30,ETH,1602.5733
2024-01-03T07:23:31,ETH,1600.5907
2024-01-03T07:23:32,ETH,1600.2924
2024-01-03T07:23:33,ETH,1599.3059
2024-01-03T07:23:34,ETH,1597.5675
2024-01-03T07:23:35,ETH,1597.2015
2024-01-03T07:23:36,ETH,1596.2598
2024-01-03T07:23:37,ETH,1596.799
2024-01-03T07:23:38,ETH,1596.2082
2024-01-03T07:23:39,ETH,1595.8901
2024-01-03T07:23:40,ETH,1595.2635
2024-01-03T07:23:41,ETH,1594.4812
2024-01-03T07:23:42,ETH,1594.4333
2024-01-03T07:23:43,ETH,1593.8672
2024-01-03T07:23:44,ETH,1592.9013
2024-01-03T07:23:45,ETH,1592.1644
2024-01-03T07:23:46,ETH,1592.2319
2024-01-03T07:23:47,ETH,1591.9291
2024-01-03T07:23:48,ETH,1591.8544
2024-01-03T07:23:49,ETH,1591.7972
2024-01-03T07:23:50,ETH,1591.252
2024-01-03T07:23:51,ETH,1591.2522
2024-01-03T07:23:52,ETH,1591.1748
2024-01-03T07:23:53,ETH,1591.2755
2024-01-03T07:23:54,ETH,1590.1589
2024-01-03T07:23:55,ETH,1591.0185
2024-01-03T07:23:56,ETH,1590.7642
2024-01-03T07:23:57,ETH,1590.1172
2024-01-03T07:23:58,ETH,1589.6798
2024-01-03T07:23:59,ETH,1589.9944
2024-01-03T07:24:00,ETH,1588.3787
2024-01-03T07:24:01,ETH,1588.1419
2024-01-03T07:24:02,ETH,1590.029
2024-01-03T07:24:03,ETH,1590.1046
2024-01-03T07:24:04,ETH,1588.2667
2024-01-03T07:24:05,ETH,1587.8948
2024-01-03T07:24:06,ETH,1588.9536
2024-01-03T07:24:07,ETH,1588.5372
2024-01-03T07:24:08,ETH,1587.9075
2024-01-03T07:24:09,ETH,1586.6671
2024-01-03T07:24:10,ETH,1585.0464
2024-01-03T07:24:11,ETH,1584.0969
2024-01-03T07:24:12,ETH,1584.7872
2024-01-03T07:24:13,ETH,1584.2107
2024-01-03T07:24:14,ETH,1584.331
2024-01-03T07:24:15,ETH,1583.8178
2024-01-03T07:24:16,ETH,1582.7802
2024-01-03T07:24:17,ETH,1582.3556
2024-01-03T07:24:18,ETH,1581.1462
2024-01-03T07:24:19,ETH,1581.0945
2024-01-03T07:24:20,ETH,1580.7961
2024-01-03T07:24:21,ETH,1580.4387
2024-01-03T07:24:22,ETH,1579.9711
2024-01-03T07:24:23,ETH,1580.413
2024-01-03T07:24:24,ETH,1580.924
2024-01-03T07:24:25,ETH,1578.1279
2024-01-03T07:24:26,ETH,1577.6731
2024-01-03T07:24:27,ETH,1577.5299
2024-01-03T07:24:28,ETH,1577.2867
2024-01-03T07:24:29,ETH,1578.1361
2024-01-03T07:24:30,ETH,1577.892
2024-01-03T07:24:31,ETH,1576.7898
2024-01-03T07:24:32,ETH,1577.6244
2024-01-03T07:24:33,ETH,1576.9461
2024-01-03T07:24:34,ETH,1576.4874
2024-01-03T07:24:35,ETH,1575.6947
2024-01-03T07:24:36,ETH,1575.6925
2024-01-03T07:24:37,ETH,1575.9667
2024-01-03T07:24:38,ETH,1574.7141
2024-01-03T07:24:39,ETH,1575.3602
2024-01-03T07:24:40,ETH,1574.9744
2024-01-03T07:24:41,ETH,1575.2392
2024-01-03T07:24:42,ETH,1575.2018
2024-01-03T07:24:43,ETH,1574.4305
2024-01-03T07:24:44,ETH,1574.3545
2024-01-03T07:24:45,ETH,1574.905
2024-01-03T07:24:46,ETH,1574.4501
2024-01-03T07:24:47,ETH,1574.4608
2024-01-03T07:24:48,ETH,1574.5478
2024-01-03T07:24:49,ETH,1574.4244
2024-01-03T07:24:50,ETH,1573.5852
2024-01-03T07:24:51,ETH,1573.3518
2024-01-03T07:24:52,ETH,1572.7605
2024-01-03T07:24:53,ETH,1572.4339
2024-01-03T07:24:54,ETH,1572.8549
2024-01-03T07:24:55,ETH,1573.1605
2024-01-03T07:24:56,ETH,1572.4574
2024-01-03T07:24:57,ETH,1571.2689
2024-01-03T07:24:58,ETH,1568.633
2024-01-03T07:24:59,ETH,1566.7246
2024-01-03T07:25:00,ETH,1566.015
2024-01-03T07:25:01,ETH,1566.9031
2024-01-03T07:25:02,ETH,1565.5825
2024-01-03T07:25:03,ETH,1565.6724
2024-01-03T07:25:04,ETH,1565.3653
2024-01-03T07:25:05,ETH,1566.206
2024-01-03T07:25:06,ETH,1566.6659
2024-01-03T07:25:07,ETH,1567.0061
2024-01-03T07:25:08,ETH,1566.0878
2024-01-03T07:25:09,ETH,1567.417
2024-01-03T07:25:10,ETH,1566.6878
2024-01-03T07:25:11,ETH,1565.4383
2024-01-03T07:25:12,ETH,1565.24
2024-01-03T07:25:13,ETH,1564.0698
2024-01-03T07:25:14,ETH,1564.1245
2024-01-03T07:25:15,ETH,1565.5345
2024-01-03T07:25:16,ETH,1564.9709
2024-01-03T07:25:17,ETH,1563.4145
2024-01-03T07:25:18,ETH,1564.304
2024-01-03T07:25:19,ETH,1565.0186
2024-01-03T07:25:20,ETH,1564.6537
2024-01-03T07:25:21,ETH,1564.6135
2024-01-03T07:25:22,ETH,1565.6034
2024-01-03T07:25:23,ETH,1565.8896
2024-01-03T07:25:24,ETH,1566.7409
2024-01-03T07:25:25,ETH,1567.8329
2024-01-03T07:25:26,ETH,1566.8589
2024-01-03T07:25:27,ETH,1567.0854
2024-01-03T07:25:28,ETH,1567.412
2024-01-03T07:25:29,ETH,1567.0572
2024-01-03T07:25:30,ETH,1566.1591
2024-01-03T07:25:31,ETH,1566.2693
2024-01-03T07:25:32,ETH,1566.3272
2024-01-03T07:25:33,ETH,1567.2179
2024-01-03T07:25:34,ETH,1565.7284
2024-01-03T07:25:35,ETH,1566.8506
2024-01-03T07:25:36,ETH,1566.2066
2024-01-03T07:25:37,ETH,1564.3475
2024-01-03T07:25:38,ETH,1564.2535
2024-01-03T07:25:39,ETH,1562.819
2024-01-03T07:25:40,ETH,1562.2243
2024-01-03T07:25:41,ETH,1561.8511
2024-01-03T07:25:42,ETH,1562.1295
2024-01-03T07:25:43,ETH,1562.5786
2024-01-03T07:25:44,ETH,1562.8071
2024-01-03T07:25:45,ETH,1562.4562
2024-01-03T07:25:46,ETH,1563.2978
2024-01-03T07:25:47,ETH,1563.3328
2024-01-03T07:25:48,ETH,1563.0923
2024-01-03T07:25:49,ETH,1563.2503
2024-01-03T07:25:50,ETH,1562.1117
2024-01-03T07:25:51,ETH,1560.9038
2024-01-03T07:25:52,ETH,1561.1339
2024-01-03T07:25:53,ETH,1560.9375
2024-01-03T07:25:54,ETH,1560.3479
2024-01-03T07:25:55,ETH,1561.5873
2024-01-03T07:25:56,ETH,1562.6168
2024-01-03T07:25:57,ETH,1562.6137
2024-01-03T07:25:58,ETH,1561.5919
2024-01-03T07:25:59,ETH,1562.0888
2024-01-03T07:26:00,ETH,1561.7427
2024-01-03T09:19:00,ETH,1561.2464
2024-01-03T09:19:01,ETH,1560.2381
2024-01-03T09:19:02,ETH,1559.5966
2024-01-03T09:19:03,ETH,1559.5935
2024-01-03T09:19:04,ETH,1559.1564
2024-01-03T09:19:05,ETH,1559.7394
2024-01-03T09:19:06,ETH,1559.4806
2024-01-03T09:19:07,ETH,1560.6355
2024-01-03T09:19:08,ETH,1560.0993
2024-01-03T09:19:09,ETH,1559.1255
2024-01-03T09:19:10,ETH,1559.3452
2024-01-03T09:19:11,ETH,1559.4308
2024-01-03T09:19:12,ETH,1559.1054
2024-01-03T09:19:13,ETH,1558.994
2024-01-03T09:19:14,ETH,1557.8626
2024-01-03T09:19:15,ETH,1557.8155
2024-01-03T09:19:16,ETH,1558.2012
2024-01-03T09:19:17,ETH,1558.8649
2024-01-03T09:19:18,ETH,1558.0445
2024-01-03T09:19:19,ETH,1556.8473
2024-01-03T09:19:20,ETH,1557.6145
2024-01-03T09:19:21,ETH,1557.7709
2024-01-03T09:19:22,ETH,1557.4697
2024-01-03T09:19:23,ETH,1555.9447
2024-01-03T09:19:24,ETH,1556.28
2024-01-03T09:19:25,ETH,1557.4217
2024-01-03T09:19:26,ETH,1557.2214
2024-01-03T09:19:27,ETH,1558.4788
2024-01-03T09:19:28,ETH,1557.5516
2024-01-03T09:19:29,ETH,1556.9823
2024-01-03T09:19:30,ETH,1557.2338
2024-01-03T09:19:31,ETH,1557.1819
2024-01-03T09:19:32,ETH,1556.5804
2024-01-03T09:19:33,ETH,1556.5697
2024-01-03T09:19:34,ETH,1555.6947
2024-01-03T09:19:35,ETH,1555.0464
2024-01-03T09:19:36,ETH,1555.6713
2024-01-03T09:19:37,ETH,1555.1831
2024-01-03T09:19:38,ETH,1555.9408
2024-01-03T09:19:39,ETH,1554.2418
2024-01-03T09:19:40,ETH,1553.6265
2024-01-03T09:19:41,ETH,1552.2991
2024-01-03T09:19:42,ETH,1553.5617
2024-01-03T09:19:43,ETH,1552.6855
2024-01-03T09:19:44,ETH,1552.7901
2024-01-03T09:19:45,ETH,1552.3795
2024-01-03T09:19:46,ETH,1552.1008
2024-01-03T09:19:47,ETH,1551.7757
2024-01-03T09:19:48,ETH,1551.6703
2024-01-03T09:19:49,ETH,1551.2049
2024-01-03T09:19:50,ETH,1552.6587
2024-01-03T09:19:51,ETH,1552.3703
2024-01-03T09:19:52,ETH,1550.9998
2024-01-03T09:19:53,ETH,1549.873
2024-01-03T09:19:54,ETH,1549.4563
2024-01-03T09:19:55,ETH,1549.8653
2024-01-03T09:19:56,ETH,1549.5691
2024-01-03T09:19:57,ETH,1550.1686
2024-01-03T09:19:58,ETH,1550.1833
2024-01-03T09:19:59,ETH,1548.998
2024-01-03T09:20:00,ETH,1548.3212
2024-01-03T09:20:01,ETH,1548.2541
2024-01-03T09:20:02,ETH,1546.7143
2024-01-03T09:20:03,ETH,1548.148
2024-01-03T09:20:04,ETH,1548.0359
2024-01-03T09:20:05,ETH,1547.4223
2024-01-03T09:20:06,ETH,1545.5468
2024-01-03T09:20:07,ETH,1546.4728
2024-01-03T09:20:08,ETH,1546.7634
2024-01-03T09:20:09,ETH,1547.3259
2024-01-03T09:20:10,ETH,1547.8659
2024-01-03T09:20:11,ETH,1546.994
2024-01-03T09:20:12,ETH,1546.3353
2024-01-03T09:20:13,ETH,1546.4872
2024-01-03T09:20:14,ETH,1545.2481
2024-01-03T09:20:15,ETH,1545.4374
2024-01-03T09:20:16,ETH,1545.8462
2024-01-03T09:20:17,ETH,1545.648
2024-01-03T09:20:18,ETH,1545.5366
2024-01-03T09:20:19,ETH,1546.3821
2024-01-03T09:20:20,ETH,1546.0255
2024-01-03T09:20:21,ETH,1545.3179
2024-01-03T09:20:22,ETH,1544.455
2024-01-03T09:20:23,ETH,1544.4294
2024-01-03T09:20:24,ETH,1543.8273
2024-01-03T09:20:25,ETH,1544.5942
2024-01-03T09:20:26,ETH,1544.9656
2024-01-03T09:20:27,ETH,1545.2686
2024-01-03T09:20:28,ETH,1546.0054
2024-01-03T09:20:29,ETH,1547.1439
2024-01-03T09:20:30,ETH,1547.2323
2024-01-03T09:20:31,ETH,1547.3056
2024-01-03T09:20:32,ETH,1546.0687
2024-01-03T09:20:33,ETH,1545.1377
2024-01-03T09:20:34,ETH,1543.8539
2024-01-03T09:20:35,ETH,1544.3007
2024-01-03T09:20:36,ETH,1544.9802
2024-01-03T09:20:37,ETH,1543.5797
2024-01-03T09:20:38,ETH,1543.0945
2024-01-03T09:20:39,ETH,1544.1998
2024-01-03T09:20:40,ETH,1544.2893
2024-01-03T09:20:41,ETH,1542.8354
2024-01-03T09:20:42,ETH,1543.4852
2024-01-03T09:20:43,ETH,1543.4364
2024-01-03T09:20:44,ETH,1542.5427
2024-01-03T09:20:45,ETH,1542.7359
2024-01-03T09:20:46,ETH,1542.5409
2024-01-03T09:20:47,ETH,1541.2417
2024-01-03T09:20:48,ETH,1540.7121
2024-01-03T09:20:49,ETH,1539.5663
2024-01-03T09:20:50,ETH,1537.7854
2024-01-03T09:20:51,ETH,1536.1834
2024-01-03T09:20:52,ETH,1536.0363
2024-01-03T09:20:53,ETH,1535.3884
2024-01-03T09:20:54,ETH,1534.4941
2024-01-03T09:20:55,ETH,1534.3614
2024-01-03T09:20:56,ETH,1535.3742
2024-01-03T09:20:57,ETH,1536.3492
2024-01-03T09:20:58,ETH,1535.6957
2024-01-03T09:20:59,ETH,1535.0914
2024-01-03T09:21:00,ETH,1533.2546
2024-01-03T09:21:01,ETH,1533.0014
2024-01-03T09:21:02,ETH,1532.663
2024-01-03T09:21:03,ETH,1532.908
2024-01-03T09:21:04,ETH,1531.6246
2024-01-03T09:21:05,ETH,1531.0787
2024-01-03T09:21:06,ETH,1530.7392
2024-01-03T09:21:07,ETH,1532.0695
2024-01-03T09:21:08,ETH,1531.3325
2024-01-03T09:21:09,ETH,1531.1485
2024-01-03T09:21:10,ETH,1531.1177
2024-01-03T09:21:11,ETH,1529.1854
2024-01-03T09:21:12,ETH,1528.3383
2024-01-03T09:21:13,ETH,1529.0035
2024-01-03T09:21:14,ETH,1528.6681
2024-01-03T09:21:15,ETH,1529.0701
2024-01-03T09:21:16,ETH,1528.8785
2024-01-03T09:21:17,ETH,1528.2269
2024-01-03T09:21:18,ETH,1528.5911
2024-01-03T09:21:19,ETH,1528.7478
2024-01-03T09:21:20,ETH,1529.5807
2024-01-03T09:21:21,ETH,1528.8474
2024-01-03T09:21:22,ETH,1529.7306
2024-01-03T09:21:23,ETH,1529.4787
2024-01-03T09:21:24,ETH,1527.7263
2024-01-03T09:21:25,ETH,1528.5291
2024-01-03T09:21:26,ETH,1527.4352
2024-01-03T09:21:27,ETH,1526.8195
2024-01-03T09:21:28,ETH,1526.962
2024-01-03T09:21:29,ETH,1527.3809
2024-01-03T09:21:30,ETH,1526.3341
2024-01-03T09:21:31,ETH,1525.0228
2024-01-03T09:21:32,ETH,1525.893
2024-01-03T09:21:33,ETH,1525.4473
2024-01-03T09:21:34,ETH,1525.1397
2024-01-03T09:21:35,ETH,1525.3467
2024-01-03T09:21:36,ETH,1525.8873
2024-01-03T09:21:37,ETH,1525.7092
2024-01-03T09:21:38,ETH,1525.5004
2024-01-03T09:21:39,ETH,1524.9127
2024-01-03T09:21:40,ETH,1524.6748
2024-01-03T09:21:41,ETH,1523.5098
2024-01-03T09:21:42,ETH,1522.7377
2024-01-03T09:21:43,ETH,1521.9338
2024-01-03T09:21:44,ETH,1520.6502
2024-01-03T09:21:45,ETH,1519.6721
2024-01-03T09:21:46,ETH,1519.4896
2024-01-03T09:21:47,ETH,1519.745
2024-01-03T09:21:48,ETH,1518.4489
2024-01-03T09:21:49,ETH,1518.6544
2024-01-03T09:21:50,ETH,1517.9523
2024-01-03T09:21:51,ETH,1518.2454
2024-01-03T09:21:52,ETH,1517.9311
2024-01-03T09:21:53,ETH,1517.3745
2024-01-03T09:21:54,ETH,1518.2435
2024-01-03T09:21:55,ETH,1518.0702
2024-01-03T09:21:56,ETH,1517.9102
2024-01-03T09:21:57,ETH,1517.301
2024-01-03T09:21:58,ETH,1516.2593
2024-01-03T09:21:59,ETH,1515.966
2024-01-03T09:22:00,ETH,1517.4766
2024-01-03T09:22:01,ETH,1517.6065
2024-01-03T09:22:02,ETH,1517.7005
2024-01-03T09:22:03,ETH,1515.9266
2024-01-03T09:22:04,ETH,1515.429
2024-01-03T09:22:05,ETH,1515.5195
2024-01-03T09:22:06,ETH,1515.1144
2024-01-03T09:22:07,ETH,1514.8583
2024-01-03T09:22:08,ETH,1515.1981
2024-01-03T09:22:09,ETH,1514.2108
2024-01-03T09:22:10,ETH,1514.0357
2024-01-03T09:22:11,ETH,1514.2044
2024-01-03T09:22:12,ETH,1514.6228
2024-01-03T09:22:13,ETH,1514.3628
2024-01-03T09:22:14,ETH,1513.777
2024-01-03T09:22:15,ETH,1512.4055
2024-01-03T09:22:16,ETH,1512.2615
2024-01-03T09:22:17,ETH,1510.9111
2024-01-03T09:22:18,ETH,1510.893
2024-01-03T09:22:19,ETH,1508.9807
2024-01-03T09:22:20,ETH,1509.6914
2024-01-03T09:22:21,ETH,1509.169
2024-01-03T09:22:22,ETH,1509.7625
2024-01-03T09:22:23,ETH,1508.677
2024-01-03T09:22:24,ETH,1509.151
2024-01-03T09:22:25,ETH,1508.8776
2024-01-03T09:22:26,ETH,1507.434
2024-01-03T09:22:27,ETH,1506.7673
2024-01-03T09:22:28,ETH,1507.0096
2024-01-03T09:22:29,ETH,1506.1331
2024-01-03T09:22:30,ETH,1505.9184
2024-01-03T09:22:31,ETH,1504.7661
2024-01-03T09:22:32,ETH,1504.3114
2024-01-03T09:22:33,ETH,1502.6439
2024-01-03T09:22:34,ETH,1502.2185
2024-01-03T09:22:35,ETH,1502.2657
2024-01-03T09:22:36,ETH,1501.9035
2024-01-03T09:22:37,ETH,1504.1903
2024-01-03T09:22:38,ETH,1503.2438
2024-01-03T09:22:39,ETH,1503.3974
2024-01-03T09:22:40,ETH,1503.5441
2024-01-03T09:22:41,ETH,1503.5786
2024-01-03T09:22:42,ETH,1503.0314
2024-01-03T09:22:43,ETH,1502.0282
2024-01-03T09:22:44,ETH,1502.2586
2024-01-03T09:22:45,ETH,1501.1144
2024-01-03T09:22:46,ETH,1499.9115
2024-01-03T09:22:47,ETH,1499.8403
2024-01-03T09:22:48,ETH,1499.7062
2024-01-03T09:22:49,ETH,1498.4327
2024-01-03T09:22:50,ETH,1498.3216
2024-01-03T09:22:51,ETH,1499.02
2024-01-03T09:22:52,ETH,1499.7269
2024-01-03T09:22:53,ETH,1497.903
2024-01-03T09:22:54,ETH,1498.1652
2024-01-03T09:22:55,ETH,1497.8535
2024-01-03T09:22:56,ETH,1498.1027
2024-01-03T09:22:57,ETH,1496.428
2024-01-03T09:22:58,ETH,1496.9037
2024-01-03T09:22:59,ETH,1496.9933
2024-01-03T09:23:00,ETH,1497.2013
2024-01-03T09:23:01,ETH,1497.1488
2024-01-03T09:23:02,ETH,1496.1484
2024-01-03T09:23:03,ETH,1496.1632
2024-01-03T09:23:04,ETH,1495.0918
2024-01-03T09:23:05,ETH,1494.6822
2024-01-03T09:23:06,ETH,1494.5078
2024-01-03T09:23:07,ETH,1494.1875
2024-01-03T09:23:08,ETH,1494.6236
2024-01-03T09:23:09,ETH,1494.777
2024-01-03T09:23:10,ETH,1495.3899
2024-01-03T09:23:11,ETH,1494.071
2024-01-03T09:23:12,ETH,1492.0764
2024-01-03T09:23:13,ETH,1491.9602
2024-01-03T09:23:14,ETH,1491.3853
2024-01-03T09:23:15,ETH,1490.7187
2024-01-03T09:23:16,ETH,1489.3736
2024-01-03T09:23:17,ETH,1490.2663
2024-01-03T09:23:18,ETH,1489.4734
2024-01-03T09:23:19,ETH,1489.7627
2024-01-03T09:23:20,ETH,1489.5227
2024-01-03T09:23:21,ETH,1489.6692
2024-01-03T09:23:22,ETH,1488.5963
2024-01-03T09:23:23,ETH,1488.1469
2024-01-03T09:23:24,ETH,1486.2688
2024-01-03T09:23:25,ETH,1486.725
2024-01-03T09:23:26,ETH,1486.2934
2024-01-03T09:23:27,ETH,1486.5693
2024-01-03T09:23:28,ETH,1486.1295
2024-01-03T09:23:29,ETH,1484.2479
2024-01-03T09:23:30,ETH,1484.5416
2024-01-03T09:23:31,ETH,1484.2319
2024-01-03T09:23:32,ETH,1483.2878
2024-01-03T09:23:33,ETH,1483.2823
2024-01-03T09:23:34,ETH,1483.9932
2024-01-03T09:23:35,ETH,1483.6823
2024-01-03T09:23:36,ETH,1482.4416
2024-01-03T09:23:37,ETH,1481.9829
2024-01-03T09:23:38,ETH,1480.7424
2024-01-03T09:23:39,ETH,1480.1153
2024-01-03T09:23:40,ETH,1479.4947
2024-01-03T09:23:41,ETH,1479.2328
2024-01-03T09:23:42,ETH,1478.7156
2024-01-03T09:23:43,ETH,1478.4568
2024-01-03T09:23:44,ETH,1478.3995
2024-01-03T09:23:45,ETH,1478.2847
2024-01-03T09:23:46,ETH,1477.8316
2024-01-03T09:23:47,ETH,1477.5673
2024-01-03T09:23:48,ETH,1476.5642
2024-01-03T09:23:49,ETH,1475.4668
2024-01-03T09:23:50,ETH,1475.549
2024-01-03T09:23:51,ETH,1474.9974
2024-01-03T09:23:52,ETH,1474.1825
2024-01-03T09:23:53,ETH,1473.9043
2024-01-03T09:23:54,ETH,1473.1663
2024-01-03T09:23:55,ETH,1472.9152
2024-01-03T09:23:56,ETH,1474.1191
2024-01-03T09:23:57,ETH,1474.4141
2024-01-03T09:23:58,ETH,1473.6964
2024-01-03T09:23:59,ETH,1473.6471
2024-01-03T09:24:00,ETH,1473.0098
2024-01-03T09:24:01,ETH,1473.2197
2024-01-03T09:24:02,ETH,1473.5168
2024-01-03T09:24:03,ETH,1473.6951
2024-01-03T09:24:04,ETH,1474.2798
2024-01-03T09:24:05,ETH,1473.9463
2024-01-03T09:24:06,ETH,1474.0614
2024-01-03T09:24:07,ETH,1473.4103
2024-01-03T09:24:08,ETH,1472.1648
2024-01-03T09:24:09,ETH,1472.3124
2024-01-03T09:24:10,ETH,1470.8565
2024-01-03T09:24:11,ETH,1471.0021
2024-01-03T09:24:12,ETH,1470.9194
2024-01-03T09:24:13,ETH,1471.0935
2024-01-03T09:24:14,ETH,1470.7389
2024-01-03T09:24:15,ETH,1469.6734
2024-01-03T09:24:16,ETH,1469.2767
2024-01-03T09:24:17,ETH,1469.2651
2024-01-03T09:24:18,ETH,1468.6208
2024-01-03T09:24:19,ETH,1469.0551
2024-01-03T09:24:20,ETH,1470.624
2024-01-03T09:24:21,ETH,1471.07
2024-01-03T09:24:22,ETH,1471.6053
2024-01-03T09:24:23,ETH,1470.0911
2024-01-03T09:24:24,ETH,1469.7275
2024-01-03T09:24:25,ETH,1468.0335
2024-01-03T09:24:26,ETH,1467.1418
2024-01-03T09:24:27,ETH,1465.7427
2024-01-03T09:24:28,ETH,1465.7673
2024-01-03T09:24:29,ETH,1465.0717
2024-01-03T09:24:30,ETH,1464.3767
2024-01-03T09:24:31,ETH,1463.6814
2024-01-03T09:24:32,ETH,1463.3087
2024-01-03T09:24:33,ETH,1462.3129
2024-01-03T09:24:34,ETH,1462.133
2024-01-03T09:24:35,ETH,1461.6189
2024-01-03T09:24:36,ETH,1460.5055
2024-01-03T09:24:37,ETH,1460.2844
2024-01-03T09:24:38,ETH,1458.6832
2024-01-03T09:24:39,ETH,1458.7465
2024-01-03T09:24:40,ETH,1457.8111
2024-01-03T09:24:41,ETH,1458.5295
2024-01-03T09:24:42,ETH,1457.0892
2024-01-03T09:24:43,ETH,1457.3193
2024-01-03T09:24:44,ETH,1457.2992
2024-01-03T09:24:45,ETH,1457.3051
2024-01-03T09:24:46,ETH,1456.2262
2024-01-03T09:24:47,ETH,1455.7602
2024-01-03T09:24:48,ETH,1455.2022
2024-01-03T09:24:49,ETH,1454.2758
2024-01-03T09:24:50,ETH,1453.6821
2024-01-03T09:24:51,ETH,1453.4677
2024-01-03T09:24:52,ETH,1453.1313
2024-01-03T09:24:53,ETH,1452.6299
2024-01-03T09:24:54,ETH,1451.8116
2024-01-03T09:24:55,ETH,1449.9995
2024-01-03T09:24:56,ETH,1449.2881
2024-01-03T09:24:57,ETH,1449.2537
2024-01-03T09:24:58,ETH,1448.0995
2024-01-03T09:24:59,ETH,1447.4274
2024-01-03T09:25:00,ETH,1446.6548
2024-01-03T10:05:00,ETH,1446.768
2024-01-03T10:05:01,ETH,1446.9784
2024-01-03T10:05:02,ETH,1446.6081
2024-01-03T10:05:03,ETH,1445.6422
2024-01-03T10:05:04,ETH,1446.2172
2024-01-03T10:05:05,ETH,1446.135
2024-01-03T10:05:06,ETH,1443.9367
2024-01-03T10:05:07,ETH,1443.7246
2024-01-03T10:05:08,ETH,1443.0056
2024-01-03T10:05:09,ETH,1441.7977
2024-01-03T10:05:10,ETH,1441.1215
2024-01-03T10:05:11,ETH,1440.8911
2024-01-03T10:05:12,ETH,1440.9665
2024-01-03T10:05:13,ETH,1440.4201
2024-01-03T10:05:14,ETH,1440.4445
2024-01-03T10:05:15,ETH,1439.072
2024-01-03T10:05:16,ETH,1438.4713
2024-01-03T10:05:17,ETH,1439.1354
2024-01-03T10:05:18,ETH,1437.7683
2024-01-03T10:05:19,ETH,1437.0379
2024-01-03T10:05:20,ETH,1437.3928
2024-01-03T10:05:21,ETH,1436.3973
2024-01-03T10:05:22,ETH,1436.5842
2024-01-03T10:05:23,ETH,1435.9764
2024-01-03T10:05:24,ETH,1436.2351
2024-01-03T10:05:25,ETH,1436.7332
2024-01-03T10:05:26,ETH,1436.4916
2024-01-03T10:05:27,ETH,1436.1669
2024-01-03T10:05:28,ETH,1435.6641
2024-01-03T10:05:29,ETH,1434.9148
2024-01-03T10:05:30,ETH,1434.6145
2024-01-03T10:05:31,ETH,1433.6711
2024-01-03T10:05:32,ETH,1434.0369
2024-01-03T10:05:33,ETH,1433.9324
2024-01-03T10:05:34,ETH,1433.2096
2024-01-03T10:05:35,ETH,1432.252
2024-01-03T10:05:36,ETH,1433.2292
2024-01-03T10:05:37,ETH,1434.1311
2024-01-03T10:05:38,ETH,1433.6596
2024-01-03T10:05:39,ETH,1433.9495
2024-01-03T10:05:40,ETH,1433.4959
2024-01-03T10:05:41,ETH,1433.2344
2024-01-03T10:05:42,ETH,1433.5556
2024-01-03T10:05:43,ETH,1432.704
2024-01-03T10:05:44,ETH,1431.8175
2024-01-03T10:05:45,ETH,1432.4171
2024-01-03T10:05:46,ETH,1430.8702
2024-01-03T10:05:47,ETH,1430.7079
2024-01-03T10:05:48,ETH,1430.6916
2024-01-03T10:05:49,ETH,1429.9084
2024-01-03T10:05:50,ETH,1430.7735
2024-01-03T10:05:51,ETH,1431.2672
2024-01-03T10:05:52,ETH,1432.8862
2024-01-03T10:05:53,ETH,1433.3756
2024-01-03T10:05:54,ETH,1434.6234
2024-01-03T10:05:55,ETH,1433.5537
2024-01-03T10:05:56,ETH,1433.8309
2024-01-03T10:05:57,ETH,1434.0104
2024-01-03T10:05:58,ETH,1434.9437
2024-01-03T10:05:59,ETH,1434.9951
2024-01-03T10:06:00,ETH,1435.749
2024-01-03T10:06:01,ETH,1435.9403
2024-01-03T10:06:02,ETH,1436.7047
2024-01-03T10:06:03,ETH,1435.7946
2024-01-03T10:06:04,ETH,1435.2135
2024-01-03T10:06:05,ETH,1434.1724
2024-01-03T10:06:06,ETH,1433.0054
2024-01-03T10:06:07,ETH,1432.3741
2024-01-03T10:06:08,ETH,1432.545
2024-01-03T10:06:09,ETH,1432.2566
2024-01-03T10:06:10,ETH,1431.6578
2024-01-03T10:06:11,ETH,1431.0012
2024-01-03T10:06:12,ETH,1430.4883
2024-01-03T10:06:13,ETH,1430.066
2024-01-03T10:06:14,ETH,1430.1888
2024-01-03T10:06:15,ETH,1430.3489
2024-01-03T10:06:16,ETH,1428.7604
2024-01-03T10:06:17,ETH,1429.0061
2024-01-03T10:06:18,ETH,1429.193
2024-01-03T10:06:19,ETH,1429.1627
2024-01-03T10:06:20,ETH,1429.0285
2024-01-03T10:06:21,ETH,1429.5908
2024-01-03T10:06:22,ETH,1429.3389
2024-01-03T10:06:23,ETH,1428.7773
2024-01-03T10:06:24,ETH,1427.9294
2024-01-03T10:06:25,ETH,1427.3589
2024-01-03T10:06:26,ETH,1427.3397
2024-01-03T10:06:27,ETH,1427.1405
2024-01-03T10:06:28,ETH,1426.5504
2024-01-03T10:06:29,ETH,1425.4552
2024-01-03T10:06:30,ETH,1425.5919
2024-01-03T10:06:31,ETH,1425.9291
2024-01-03T10:06:32,ETH,1425.8435
2024-01-03T10:06:33,ETH,1424.2211
2024-01-03T10:06:34,ETH,1424.0518
2024-01-03T10:06:35,ETH,1424.3934
2024-01-03T10:06:36,ETH,1423.5807
2024-01-03T10:06:37,ETH,1422.552
2024-01-03T10:06:38,ETH,1422.6525
2024-01-03T10:06:39,ETH,1422.4557
2024-01-03T10:06:40,ETH,1423.1767
2024-01-03T10:06:41,ETH,1423.7474
2024-01-03T10:06:42,ETH,1423.5061
2024-01-03T10:06:43,ETH,1423.764
2024-01-03T10:06:44,ETH,1423.1118
2024-01-03T10:06:45,ETH,1423.8251
2024-01-03T10:06:46,ETH,1423.5417
2024-01-03T10:06:47,ETH,1423.0068
2024-01-03T10:06:48,ETH,1423.598
2024-01-03T10:06:49,ETH,1422.9113
2024-01-03T10:06:50,ETH,1421.1601
2024-01-03T10:06:51,ETH,1421.0268
2024-01-03T10:06:52,ETH,1420.523
2024-01-03T10:06:53,ETH,1419.4795
2024-01-03T10:06:54,ETH,1419.1901
2024-01-03T10:06:55,ETH,1419.7794
2024-01-03T10:06:56,ETH,1420.6058
2024-01-03T10:06:57,ETH,1419.8489
2024-01-03T10:06:58,ETH,1420.0085
2024-01-03T10:06:59,ETH,1419.6433
2024-01-03T10:07:00,ETH,1418.5499
2024-01-03T10:07:01,ETH,1417.2031
2024-01-03T10:07:02,ETH,1417.2902
2024-01-03T10:07:03,ETH,1416.0739
2024-01-03T10:07:04,ETH,1416.0829
2024-01-03T10:07:05,ETH,1416.9159
2024-01-03T10:07:06,ETH,1417.1551
2024-01-03T10:07:07,ETH,1417.1873
2024-01-03T10:07:08,ETH,1417.8479
2024-01-03T10:07:09,ETH,1417.2158
2024-01-03T10:07:10,ETH,1416.9843
2024-01-03T10:07:11,ETH,1417.1778
2024-01-03T10:07:12,ETH,1416.8634
2024-01-03T10:07:13,ETH,1417.1978
2024-01-03T10:07:14,ETH,1416.3082
2024-01-03T10:07:15,ETH,1415.0939
2024-01-03T10:07:16,ETH,1414.7131
2024-01-03T10:07:17,ETH,1413.8901
2024-01-03T10:07:18,ETH,1413.2398
2024-01-03T10:07:19,ETH,1412.6249
2024-01-03T10:07:20,ETH,1411.6136
2024-01-03T10:07:21,ETH,1411.0807
2024-01-03T10:07:22,ETH,1411.3694
2024-01-03T10:07:23,ETH,1410.0619
2024-01-03T10:07:24,ETH,1410.1874
2024-01-03T10:07:25,ETH,1409.5421
2024-01-03T10:07:26,ETH,1409.649
2024-01-03T10:07:27,ETH,1409.5063
2024-01-03T10:07:28,ETH,1410.008
2024-01-03T10:07:29,ETH,1410.8144
2024-01-03T10:07:30,ETH,1411.0086
2024-01-03T10:07:31,ETH,1410.1924
2024-01-03T10:07:32,ETH,1409.0842
2024-01-03T10:07:33,ETH,1407.3964
2024-01-03T10:07:34,ETH,1406.7173
2024-01-03T10:07:35,ETH,1405.6904
2024-01-03T10:07:36,ETH,1404.9354
2024-01-03T10:07:37,ETH,1405.558
2024-01-03T10:07:38,ETH,1406.594
2024-01-03T10:07:39,ETH,1406.5434
2024-01-03T10:07:40,ETH,1406.102
2024-01-03T10:07:41,ETH,1405.4066
2024-01-03T10:07:42,ETH,1406.8216
2024-01-03T10:07:43,ETH,1407.7205
2024-01-03T10:07:44,ETH,1408.2492
2024-01-03T10:07:45,ETH,1407.7823
2024-01-03T10:07:46,ETH,1408.8932
2024-01-03T10:07:47,ETH,1407.762
2024-01-03T10:07:48,ETH,1406.6488
2024-01-03T10:07:49,ETH,1406.9433
2024-01-03T10:07:50,ETH,1406.5624
2024-01-03T10:07:51,ETH,1406.3167
2024-01-03T10:07:52,ETH,1406.1535
2024-01-03T10:07:53,ETH,1405.5383
2024-01-03T10:07:54,ETH,1404.7882
2024-01-03T10:07:55,ETH,1405.2396
2024-01-03T10:07:56,ETH,1405.9272
2024-01-03T10:07:57,ETH,1405.6786
2024-01-03T10:07:58,ETH,1404.4635
2024-01-03T10:07:59,ETH,1404.0999
2024-01-03T10:08:00,ETH,1404.764
2024-01-03T10:08:01,ETH,1404.6584
2024-01-03T10:08:02,ETH,1404.7798
2024-01-03T10:08:03,ETH,1405.3347
2024-01-03T10:08:04,ETH,1404.6967
2024-01-03T10:08:05,ETH,1404.7862
2024-01-03T10:08:06,ETH,1404.1158
2024-01-03T10:08:07,ETH,1404.5529
2024-01-03T10:08:08,ETH,1405.0102
2024-01-03T10:08:09,ETH,1404.0392
2024-01-03T10:08:10,ETH,1404.0062
2024-01-03T10:08:11,ETH,1403.8376
2024-01-03T10:08:12,ETH,1402.0122
2024-01-03T10:08:13,ETH,1400.1843
2024-01-03T10:08:14,ETH,1400.8006
2024-01-03T10:08:15,ETH,1400.5576
2024-01-03T10:08:16,ETH,1401.3134
2024-01-03T10:08:17,ETH,1400.626
2024-01-03T10:08:18,ETH,1399.6699
2024-01-03T10:08:19,ETH,1399.4687
2024-01-03T10:08:20,ETH,1399.214
2024-01-03T10:08:21,ETH,1398.195
2024-01-03T10:08:22,ETH,1397.0663
2024-01-03T10:08:23,ETH,1396.3275
2024-01-03T10:08:24,ETH,1394.3638
2024-01-03T10:08:25,ETH,1394.9763
2024-01-03T10:08:26,ETH,1394.8293
2024-01-03T10:08:27,ETH,1394.2886
2024-01-03T10:08:28,ETH,1394.653
2024-01-03T10:08:29,ETH,1394.8606
2024-01-03T10:08:30,ETH,1393.5329
2024-01-03T10:08:31,ETH,1393.5033
2024-01-03T10:08:32,ETH,1393.0321
2024-01-03T10:08:33,ETH,1392.8488
2024-01-03T10:08:34,ETH,1393.258
2024-01-03T10:08:35,ETH,1392.88
2024-01-03T10:08:36,ETH,1391.8085
2024-01-03T10:08:37,ETH,1391.1785
2024-01-03T10:08:38,ETH,1391.5529
2024-01-03T10:08:39,ETH,1392.9843
2024-01-03T10:08:40,ETH,1392.5515
2024-01-03T10:08:41,ETH,1393.0532
2024-01-03T10:08:42,ETH,1392.3108
2024-01-03T10:08:43,ETH,1391.5051
2024-01-03T10:08:44,ETH,1391.6945
2024-01-03T10:08:45,ETH,1391.1284
2024-01-03T10:08:46,ETH,1390.347
2024-01-03T10:08:47,ETH,1388.5804
2024-01-03T10:08:48,ETH,1388.3561
2024-01-03T10:08:49,ETH,1387.5515
2024-01-03T10:08:50,ETH,1387.6395
2024-01-03T10:08:51,ETH,1386.8441
2024-01-03T10:08:52,ETH,1385.918
2024-01-03T10:08:53,ETH,1385.6658
2024-01-03T10:08:54,ETH,1385.1452
2024-01-03T10:08:55,ETH,1384.2843
2024-01-03T10:08:56,ETH,1384.0121
2024-01-03T10:08:57,ETH,1383.8769
2024-01-03T10:08:58,ETH,1384.1375
2024-01-03T10:08:59,ETH,1384.5061
2024-01-03T10:09:00,ETH,1383.7768
2024-01-03T10:09:01,ETH,1383.1186
2024-01-03T10:09:02,ETH,1382.5369
2024-01-03T10:09:03,ETH,1380.7251
2024-01-03T10:09:04,ETH,1381.0576
2024-01-03T10:09:05,ETH,1381.4913
2024-01-03T10:09:06,ETH,1381.1029
2024-01-03T10:09:07,ETH,1380.6651
2024-01-03T10:09:08,ETH,1380.9117
2024-01-03T10:09:09,ETH,1380.3148
2024-01-03T10:09:10,ETH,1380.4852
2024-01-03T10:09:11,ETH,1380.3903
2024-01-03T10:09:12,ETH,1380.5667
2024-01-03T10:09:13,ETH,1380.0641
2024-01-03T10:09:14,ETH,1380.3805
2024-01-03T10:09:15,ETH,1378.5937
2024-01-03T10:09:16,ETH,1377.3457
2024-01-03T10:09:17,ETH,1377.9784
2024-01-03T10:09:18,ETH,1377.6114
2024-01-03T10:09:19,ETH,1376.4363
2024-01-03T10:09:20,ETH,1375.6512
2024-01-03T10:09:21,ETH,1375.5694
2024-01-03T10:09:22,ETH,1375.127
2024-01-03T10:09:23,ETH,1375.2733
2024-01-03T10:09:24,ETH,1374.4613
2024-01-03T10:09:25,ETH,1375.4071
2024-01-03T10:09:26,ETH,1374.9985
2024-01-03T10:09:27,ETH,1373.7085
2024-01-03T10:09:28,ETH,1373.0056
2024-01-03T10:09:29,ETH,1372.7889
2024-01-03T10:09:30,ETH,1373.2572
2024-01-03T10:09:31,ETH,1373.8918
2024-01-03T10:09:32,ETH,1372.9841
2024-01-03T10:09:33,ETH,1372.8924
2024-01-03T10:09:34,ETH,1371.8026
2024-01-03T10:09:35,ETH,1371.4088
2024-01-03T10:09:36,ETH,1370.5395
2024-01-03T10:09:37,ETH,1369.4298
2024-01-03T10:09:38,ETH,1368.332
2024-01-03T10:09:39,ETH,1368.6215
2024-01-03T10:09:40,ETH,1368.0225
2024-01-03T10:09:41,ETH,1367.4036
2024-01-03T10:09:42,ETH,1367.6341
2024-01-03T10:09:43,ETH,1367.3279
2024-01-03T10:09:44,ETH,1368.1431
2024-01-03T10:09:45,ETH,1367.1968
2024-01-03T10:09:46,ETH,1367.8651
2024-01-03T10:09:47,ETH,1367.3712
2024-01-03T10:09:48,ETH,1367.0383
2024-01-03T10:09:49,ETH,1365.6492
2024-01-03T10:09:50,ETH,1365.1812
2024-01-03T10:09:51,ETH,1364.9936
2024-01-03T10:09:52,ETH,1365.0042
2024-01-03T10:09:53,ETH,1363.3876
2024-01-03T10:09:54,ETH,1363.7877
2024-01-03T10:09:55,ETH,1363.0047
2024-01-03T10:09:56,ETH,1361.6077
2024-01-03T10:09:57,ETH,1361.2247
2024-01-03T10:09:58,ETH,1359.7674
2024-01-03T10:09:59,ETH,1358.0615
2024-01-03T10:10:00,ETH,1359.1288
2024-01-03T10:10:01,ETH,1359.9339
2024-01-03T10:10:02,ETH,1360.2963
2024-01-03T10:10:03,ETH,1360.3442
2024-01-03T10:10:04,ETH,1360.7424
2024-01-03T10:10:05,ETH,1359.8035
2024-01-03T10:10:06,ETH,1360.3601
2024-01-03T10:10:07,ETH,1360.3008
2024-01-03T10:10:08,ETH,1358.7245
2024-01-03T10:10:09,ETH,1357.5625
2024-01-03T10:10:10,ETH,1358.2022
2024-01-03T10:10:11,ETH,1358.9725
2024-01-03T10:10:12,ETH,1358.9986
2024-01-03T10:10:13,ETH,1359.4667
2024-01-03T10:10:14,ETH,1359.1553
2024-01-03T10:10:15,ETH,1359.2049
2024-01-03T10:10:16,ETH,1358.8821
2024-01-03T10:10:17,ETH,1358.2955
2024-01-03T10:10:18,ETH,1358.325
2024-01-03T10:10:19,ETH,1358.003
2024-01-03T10:10:20,ETH,1359.2648
2024-01-03T10:10:21,ETH,1359.6323
2024-01-03T10:10:22,ETH,1360.3433
2024-01-03T10:10:23,ETH,1360.0429
2024-01-03T10:10:24,ETH,1360.0086
2024-01-03T10:10:25,ETH,1360.9116
2024-01-03T10:10:26,ETH,1361.1523
2024-01-03T10:10:27,ETH,1360.7573
2024-01-03T10:10:28,ETH,1361.0543
2024-01-03T10:10:29,ETH,1361.2039
2024-01-03T10:10:30,ETH,1361.8179
2024-01-03T10:10:31,ETH,1360.9601
2024-01-03T10:10:32,ETH,1361.0893
2024-01-03T10:10:33,ETH,1361.0432
2024-01-03T10:10:34,ETH,1361.0347
2024-01-03T10:10:35,ETH,1361.0134
2024-01-03T10:10:36,ETH,1361.3887
2024-01-03T10:10:37,ETH,1361.2102
2024-01-03T10:10:38,ETH,1361.2288
2024-01-03T10:10:39,ETH,1361.1508
2024-01-03T10:10:40,ETH,1360.7841
2024-01-03T10:10:41,ETH,1360.8918
2024-01-03T10:10:42,ETH,1360.9137
2024-01-03T10:10:43,ETH,1361.1927
2024-01-03T10:10:44,ETH,1360.9014
2024-01-03T10:10:45,ETH,1361.2963
2024-01-03T10:10:46,ETH,1360.86
2024-01-03T10:10:47,ETH,1361.6659
2024-01-03T10:10:48,ETH,1362.1857
2024-01-03T10:10:49,ETH,1361.2204
2024-01-03T10:10:50,ETH,1361.9878
2024-01-03T10:10:51,ETH,1361.982
2024-01-03T10:10:52,ETH,1362.1975
2024-01-03T10:10:53,ETH,1362.209
2024-01-03T10:10:54,ETH,1361.2446
2024-01-03T10:10:55,ETH,1361.6621
2024-01-03T10:10:56,ETH,1360.3405
2024-01-03T10:10:57,ETH,1361.004
2024-01-03T10:10:58,ETH,1360.6224
2024-01-03T10:10:59,ETH,1360.9374
2024-01-03T10:11:00,ETH,1360.6212
2024-01-03T12:05:00,ETH,1361.4119
2024-01-03T12:05:01,ETH,1361.1368
2024-01-03T12:05:02,ETH,1361.2089
2024-01-03T12:05:03,ETH,1360.3791
2024-01-03T12:05:04,ETH,1359.2291
2024-01-03T12:05:05,ETH,1358.786
2024-01-03T12:05:06,ETH,1357.8666
2024-01-03T12:05:07,ETH,1357.1817
2024-01-03T12:05:08,ETH,1356.7184
2024-01-03T12:05:09,ETH,1357.2695
2024-01-03T12:05:10,ETH,1357.9553
2024-01-03T12:05:11,ETH,1358.4205
2024-01-03T12:05:12,ETH,1358.0611
2024-01-03T12:05:13,ETH,1357.323
2024-01-03T12:05:14,ETH,1357.0227
2024-01-03T12:05:15,ETH,1358.4662
2024-01-03T12:05:16,ETH,1360.1922
2024-01-03T12:05:17,ETH,1360.3435
2024-01-03T12:05:18,ETH,1359.7887
2024-01-03T12:05:19,ETH,1360.0151
2024-01-03T12:05:20,ETH,1360.7568
2024-01-03T12:05:21,ETH,1359.6717
2024-01-03T12:05:22,ETH,1359.2113
2024-01-03T12:05:23,ETH,1359.7629
2024-01-03T12:05:24,ETH,1360.2193
2024-01-03T12:05:25,ETH,1360.2752
2024-01-03T12:05:26,ETH,1360.0722
2024-01-03T12:05:27,ETH,1358.78
2024-01-03T12:05:28,ETH,1359.5407
2024-01-03T12:05:29,ETH,1358.7573
2024-01-03T12:05:30,ETH,1359.029
2024-01-03T12:05:31,ETH,1358.8602
2024-01-03T12:05:32,ETH,1358.4072
2024-01-03T12:05:33,ETH,1358.8021
2024-01-03T12:05:34,ETH,1359.4073
2024-01-03T12:05:35,ETH,1360.0461
2024-01-03T12:05:36,ETH,1360.6535
2024-01-03T12:05:37,ETH,1361.2522
2024-01-03T12:05:38,ETH,1360.8166
2024-01-03T12:05:39,ETH,1361.6117
2024-01-03T12:05:40,ETH,1362.1348
2024-01-03T12:05:41,ETH,1362.1197
2024-01-03T12:05:42,ETH,1362.3324
2024-01-03T12:05:43,ETH,1361.5913
2024-01-03T12:05:44,ETH,1361.9344
2024-01-03T12:05:45,ETH,1362.0841
2024-01-03T12:05:46,ETH,1363.0003
2024-01-03T12:05:47,ETH,1361.7477
2024-01-03T12:05:48,ETH,1362.587
2024-01-03T12:05:49,ETH,1362.6633
2024-01-03T12:05:50,ETH,1361.9255
2024-01-03T12:05:51,ETH,1361.9127
2024-01-03T12:05:52,ETH,1360.9895
2024-01-03T12:05:53,ETH,1360.9298
2024-01-03T12:05:54,ETH,1361.634
2024-01-03T12:05:55,ETH,1362.4842
2024-01-03T12:05:56,ETH,1362.4683
2024-01-03T12:05:57,ETH,1361.3302
2024-01-03T12:05:58,ETH,1361.0228
2024-01-03T12:05:59,ETH,1360.709
2024-01-03T12:06:00,ETH,1359.4512
2024-01-03T12:06:01,ETH,1358.8892
2024-01-03T12:06:02,ETH,1359.076
2024-01-03T12:06:03,ETH,1359.5409
2024-01-03T12:06:04,ETH,1360.1036
2024-01-03T12:06:05,ETH,1360.6777
2024-01-03T12:06:06,ETH,1360.798
2024-01-03T12:06:07,ETH,1361.0674
2024-01-03T12:06:08,ETH,1360.7818
2024-01-03T12:06:09,ETH,1360.5977
2024-01-03T12:06:10,ETH,1360.8246
2024-01-03T12:06:11,ETH,1360.8377
2024-01-03T12:06:12,ETH,1360.3401
2024-01-03T12:06:13,ETH,1360.4545
2024-01-03T12:06:14,ETH,1359.4558
2024-01-03T12:06:15,ETH,1359.6021
2024-01-03T12:06:16,ETH,1359.4329
2024-01-03T12:06:17,ETH,1359.6556
2024-01-03T12:06:18,ETH,1360.3815
2024-01-03T12:06:19,ETH,1360.1643
2024-01-03T12:06:20,ETH,1360.3301
2024-01-03T12:06:21,ETH,1360.5185
2024-01-03T12:06:22,ETH,1360.1456
2024-01-03T12:06:23,ETH,1359.4639
2024-01-03T12:06:24,ETH,1358.8706
2024-01-03T12:06:25,ETH,1358.1252
2024-01-03T12:06:26,ETH,1358.2389
2024-01-03T12:06:27,ETH,1359.4292
2024-01-03T12:06:28,ETH,1358.2484
2024-01-03T12:06:29,ETH,1357.8102
2024-01-03T12:06:30,ETH,1357.9618
2024-01-03T12:06:31,ETH,1358.0544
2024-01-03T12:06:32,ETH,1357.2257
2024-01-03T12:06:33,ETH,1356.5867
2024-01-03T12:06:34,ETH,1356.2336
2024-01-03T12:06:35,ETH,1355.579
2024-01-03T12:06:36,ETH,1356.3366
2024-01-03T12:06:37,ETH,1356.2913
2024-01-03T12:06:38,ETH,1356.0319
2024-01-03T12:06:39,ETH,1355.702
2024-01-03T12:06:40,ETH,1355.5364
2024-01-03T12:06:41,ETH,1355.6432
2024-01-03T12:06:42,ETH,1356.4832
2024-01-03T12:06:43,ETH,1356.3082
2024-01-03T12:06:44,ETH,1355.5451
2024-01-03T12:06:45,ETH,1356.6335
2024-01-03T12:06:46,ETH,1356.5205
2024-01-03T12:06:47,ETH,1356.7354
2024-01-03T12:06:48,ETH,1356.3958
2024-01-03T12:06:49,ETH,1356.6683
2024-01-03T12:06:50,ETH,1357.1818
2024-01-03T12:06:51,ETH,1357.117
2024-01-03T12:06:52,ETH,1357.0342
2024-01-03T12:06:53,ETH,1356.0779
2024-01-03T12:06:54,ETH,1356.2279
2024-01-03T12:06:55,ETH,1356.9015
2024-01-03T12:06:56,ETH,1357.7608
2024-01-03T12:06:57,ETH,1358.7931
2024-01-03T12:06:58,ETH,1358.5634
2024-01-03T12:06:59,ETH,1359.1758
2024-01-03T12:07:00,ETH,1358.5229
2024-01-03T12:07:01,ETH,1357.6942
2024-01-03T12:07:02,ETH,1356.7724
2024-01-03T12:07:03,ETH,1356.4038
2024-01-03T12:07:04,ETH,1355.2638
2024-01-03T12:07:05,ETH,1355.8603
2024-01-03T12:07:06,ETH,1355.7762
2024-01-03T12:07:07,ETH,1355.4798
2024-01-03T12:07:08,ETH,1356.2239
2024-01-03T12:07:09,ETH,1356.395
2024-01-03T12:07:10,ETH,1356.4438
2024-01-03T12:07:11,ETH,1356.3447
2024-01-03T12:07:12,ETH,1355.6581
2024-01-03T12:07:13,ETH,1353.6316
2024-01-03T12:07:14,ETH,1352.5899
2024-01-03T12:07:15,ETH,1353.3022
2024-01-03T12:07:16,ETH,1353.082
2024-01-03T12:07:17,ETH,1354.1267
2024-01-03T12:07:18,ETH,1354.1598
2024-01-03T12:07:19,ETH,1354.5057
2024-01-03T12:07:20,ETH,1355.4136
2024-01-03T12:07:21,ETH,1355.3967
2024-01-03T12:07:22,ETH,1354.9931
2024-01-03T12:07:23,ETH,1354.907
2024-01-03T12:07:24,ETH,1355.6639
2024-01-03T12:07:25,ETH,1355.5476
2024-01-03T12:07:26,ETH,1354.9883
2024-01-03T12:07:27,ETH,1354.1699
2024-01-03T12:07:28,ETH,1353.8267
2024-01-03T12:07:29,ETH,1353.3637
2024-01-03T12:07:30,ETH,1353.67
2024-01-03T12:07:31,ETH,1354.189
2024-01-03T12:07:32,ETH,1354.381
2024-01-03T12:07:33,ETH,1355.351
2024-01-03T12:07:34,ETH,1355.1283
2024-01-03T12:07:35,ETH,1356.2888
2024-01-03T12:07:36,ETH,1356.1135
2024-01-03T12:07:37,ETH,1356.7473
2024-01-03T12:07:38,ETH,1355.4761
2024-01-03T12:07:39,ETH,1355.2536
2024-01-03T12:07:40,ETH,1354.851
2024-01-03T12:07:41,ETH,1354.4232
2024-01-03T12:07:42,ETH,1354.4018
2024-01-03T12:07:43,ETH,1354.7336
2024-01-03T12:07:44,ETH,1353.2708
2024-01-03T12:07:45,ETH,1354.1738
2024-01-03T12:07:46,ETH,1354.2774
2024-01-03T12:07:47,ETH,1353.8063
2024-01-03T12:07:48,ETH,1355.0748
2024-01-03T12:07:49,ETH,1355.4978
2024-01-03T12:07:50,ETH,1356.2584
2024-01-03T12:07:51,ETH,1356.0786
2024-01-03T12:07:52,ETH,1356.7402
2024-01-03T12:07:53,ETH,1356.7318
2024-01-03T12:07:54,ETH,1356.3524
2024-01-03T12:07:55,ETH,1356.5277
2024-01-03T12:07:56,ETH,1355.2863
2024-01-03T12:07:57,ETH,1354.6196
2024-01-03T12:07:58,ETH,1355.3678
2024-01-03T12:07:59,ETH,1356.1078
2024-01-03T12:08:00,ETH,1357.0142
2024-01-03T12:08:01,ETH,1356.5532
2024-01-03T12:08:02,ETH,1357.0761
2024-01-03T12:08:03,ETH,1357.6081
2024-01-03T12:08:04,ETH,1357.7219
2024-01-03T12:08:05,ETH,1357.2019
2024-01-03T12:08:06,ETH,1357.3633
2024-01-03T12:08:07,ETH,1357.7436
2024-01-03T12:08:08,ETH,1356.8626
2024-01-03T12:08:09,ETH,1355.624
2024-01-03T12:08:10,ETH,1354.984
2024-01-03T12:08:11,ETH,1355.3174
2024-01-03T12:08:12,ETH,1356.4647
2024-01-03T12:08:13,ETH,1356.2397
2024-01-03T12:08:14,ETH,1357.768
2024-01-03T12:08:15,ETH,1357.6054
2024-01-03T12:08:16,ETH,1356.6695
2024-01-03T12:08:17,ETH,1357.0279
2024-01-03T12:08:18,ETH,1355.6815
2024-01-03T12:08:19,ETH,1355.3188
2024-01-03T12:08:20,ETH,1354.8732
2024-01-03T12:08:21,ETH,1354.652
2024-01-03T12:08:22,ETH,1352.8761
2024-01-03T12:08:23,ETH,1352.7661
2024-01-03T12:08:24,ETH,1352.1391
2024-01-03T12:08:25,ETH,1352.0348
2024-01-03T12:08:26,ETH,1352.1554
2024-01-03T12:08:27,ETH,1352.9064
2024-01-03T12:08:28,ETH,1352.685
2024-01-03T12:08:29,ETH,1353.6119
2024-01-03T12:08:30,ETH,1353.9506
2024-01-03T12:08:31,ETH,1353.7059
2024-01-03T12:08:32,ETH,1354.2164
2024-01-03T12:08:33,ETH,1354.984
2024-01-03T12:08:34,ETH,1355.7891
2024-01-03T12:08:35,ETH,1355.842
2024-01-03T12:08:36,ETH,1355.5349
2024-01-03T12:08:37,ETH,1355.7236
2024-01-03T12:08:38,ETH,1356.0777
2024-01-03T12:08:39,ETH,1354.8926
2024-01-03T12:08:40,ETH,1355.1258
2024-01-03T12:08:41,ETH,1355.1846
2024-01-03T12:08:42,ETH,1355.6024
2024-01-03T12:08:43,ETH,1356.1728
2024-01-03T12:08:44,ETH,1355.3337
2024-01-03T12:08:45,ETH,1354.0893
2024-01-03T12:08:46,ETH,1353.3831
2024-01-03T12:08:47,ETH,1353.5373
2024-01-03T12:08:48,ETH,1351.6024
2024-01-03T12:08:49,ETH,1351.5812
2024-01-03T12:08:50,ETH,1350.8625
2024-01-03T12:08:51,ETH,1351.1521
2024-01-03T12:08:52,ETH,1351.9567
2024-01-03T12:08:53,ETH,1351.8589
2024-01-03T12:08:54,ETH,1351.9309
2024-01-03T12:08:55,ETH,1353.0648
2024-01-03T12:08:56,ETH,1354.1152
2024-01-03T12:08:57,ETH,1355.4322
2024-01-03T12:08:58,ETH,1354.2019
2024-01-03T12:08:59,ETH,1354.0021
2024-01-03T12:09:00,ETH,1353.1493
2024-01-03T12:09:01,ETH,1353.9725
2024-01-03T12:09:02,ETH,1354.03
2024-01-03T12:09:03,ETH,1353.5028
2024-01-03T12:09:04,ETH,1353.9054
2024-01-03T12:09:05,ETH,1354.44
2024-01-03T12:09:06,ETH,1355.6129
2024-01-03T12:09:07,ETH,1356.4387
2024-01-03T12:09:08,ETH,1356.3021
2024-01-03T12:09:09,ETH,1355.9105
2024-01-03T12:09:10,ETH,1357.0851
2024-01-03T12:09:11,ETH,1356.0868
2024-01-03T12:09:12,ETH,1355.0593
2024-01-03T12:09:13,ETH,1354.1754
2024-01-03T12:09:14,ETH,1354.9821
2024-01-03T12:09:15,ETH,1354.9984
2024-01-03T12:09:16,ETH,1354.7674
2024-01-03T12:09:17,ETH,1354.8432
2024-01-03T12:09:18,ETH,1355.0774
2024-01-03T12:09:19,ETH,1354.7378
2024-01-03T12:09:20,ETH,1354.2353
2024-01-03T12:09:21,ETH,1353.3686
2024-01-03T12:09:22,ETH,1353.3303
2024-01-03T12:09:23,ETH,1353.2998
2024-01-03T12:09:24,ETH,1353.6787
2024-01-03T12:09:25,ETH,1353.5405
2024-01-03T12:09:26,ETH,1353.6184
2024-01-03T12:09:27,ETH,1352.9932
2024-01-03T12:09:28,ETH,1352.2565
2024-01-03T12:09:29,ETH,1352.4865
2024-01-03T12:09:30,ETH,1351.5584
2024-01-03T12:09:31,ETH,1352.3525
2024-01-03T12:09:32,ETH,1352.7277
2024-01-03T12:09:33,ETH,1352.7406
2024-01-03T12:09:34,ETH,1351.9439
2024-01-03T12:09:35,ETH,1352.5584
2024-01-03T12:09:36,ETH,1352.334
2024-01-03T12:09:37,ETH,1351.8982
2024-01-03T12:09:38,ETH,1350.6867
2024-01-03T12:09:39,ETH,1351.8818
2024-01-03T12:09:40,ETH,1353.3594
2024-01-03T12:09:41,ETH,1354.5005
2024-01-03T12:09:42,ETH,1354.1573
2024-01-03T12:09:43,ETH,1354.2203
2024-01-03T12:09:44,ETH,1354.8046
2024-01-03T12:09:45,ETH,1355.1941
2024-01-03T12:09:46,ETH,1355.0007
2024-01-03T12:09:47,ETH,1355.5933
2024-01-03T12:09:48,ETH,1355.964
2024-01-03T12:09:49,ETH,1354.8725
2024-01-03T12:09:50,ETH,1354.7619
2024-01-03T12:09:51,ETH,1354.8291
2024-01-03T12:09:52,ETH,1354.6594
2024-01-03T12:09:53,ETH,1354.8078
2024-01-03T12:09:54,ETH,1354.5056
2024-01-03T12:09:55,ETH,1354.7932
2024-01-03T12:09:56,ETH,1356.1079
2024-01-03T12:09:57,ETH,1356.4192
2024-01-03T12:09:58,ETH,1356.8815
2024-01-03T12:09:59,ETH,1355.1266
2024-01-03T12:10:00,ETH,1355.6896
2024-01-03T12:10:01,ETH,1356.1118
2024-01-03T12:10:02,ETH,1356.285
2024-01-03T12:10:03,ETH,1356.5823
2024-01-03T12:10:04,ETH,1355.7491
2024-01-03T12:10:05,ETH,1355.8777
2024-01-03T12:10:06,ETH,1356.3323
2024-01-03T12:10:07,ETH,1356.1619
2024-01-03T12:10:08,ETH,1357.579
2024-01-03T12:10:09,ETH,1358.0026
2024-01-03T12:10:10,ETH,1358.2357
2024-01-03T12:10:11,ETH,1359.3053
2024-01-03T12:10:12,ETH,1357.8596
2024-01-03T12:10:13,ETH,1359.299
2024-01-03T12:10:14,ETH,1358.3935
2024-01-03T12:10:15,ETH,1358.0819
2024-01-03T12:10:16,ETH,1357.9197
2024-01-03T12:10:17,ETH,1358.6117
2024-01-03T12:10:18,ETH,1358.8549
2024-01-03T12:10:19,ETH,1359.7081
2024-01-03T12:10:20,ETH,1359.3977
2024-01-03T12:10:21,ETH,1359.4481
2024-01-03T12:10:22,ETH,1358.875
2024-01-03T12:10:23,ETH,1358.8708
2024-01-03T12:10:24,ETH,1359.7052
2024-01-03T12:10:25,ETH,1359.664
2024-01-03T12:10:26,ETH,1359.6043
2024-01-03T12:10:27,ETH,1360.1399
2024-01-03T12:10:28,ETH,1359.0304
2024-01-03T12:10:29,ETH,1358.8195
2024-01-03T12:10:30,ETH,1359.9768
2024-01-03T12:10:31,ETH,1359.6461
2024-01-03T12:10:32,ETH,1360.1551
2024-01-03T12:10:33,ETH,1360.2911
2024-01-03T12:10:34,ETH,1361.378
2024-01-03T12:10:35,ETH,1361.8493
2024-01-03T12:10:36,ETH,1362.1565
2024-01-03T12:10:37,ETH,1361.5275
2024-01-03T12:10:38,ETH,1361.305
2024-01-03T12:10:39,ETH,1361.8546
2024-01-03T12:10:40,ETH,1362.603
2024-01-03T12:10:41,ETH,1362.7302
2024-01-03T12:10:42,ETH,1362.9293
2024-01-03T12:10:43,ETH,1361.9932
2024-01-03T12:10:44,ETH,1361.9653
2024-01-03T12:10:45,ETH,1361.89
2024-01-03T12:10:46,ETH,1363.0576
2024-01-03T12:10:47,ETH,1363.2091
2024-01-03T12:10:48,ETH,1363.3235
2024-01-03T12:10:49,ETH,1363.7837
2024-01-03T12:10:50,ETH,1364.0554
2024-01-03T12:10:51,ETH,1363.6876
2024-01-03T12:10:52,ETH,1363.6363
2024-01-03T12:10:53,ETH,1363.6471
2024-01-03T12:10:54,ETH,1363.7276
2024-01-03T12:10:55,ETH,1363.613
2024-01-03T12:10:56,ETH,1364.2486
2024-01-03T12:10:57,ETH,1363.784
2024-01-03T12:10:58,ETH,1363.4449
2024-01-03T12:10:59,ETH,1365.1616
2024-01-03T12:11:00,ETH,1364.6741
2024-01-03T16:37:00,ETH,1365.2461
2024-01-03T16:37:01,ETH,1364.7941
2024-01-03T16:37:02,ETH,1364.9234
2024-01-03T16:37:03,ETH,1363.5853
2024-01-03T16:37:04,ETH,1362.6351
2024-01-03T16:37:05,ETH,1362.4449
2024-01-03T16:37:06,ETH,1361.2816
2024-01-03T16:37:07,ETH,1361.5131
2024-01-03T16:37:08,ETH,1361.7401
2024-01-03T16:37:09,ETH,1361.5681
2024-01-03T16:37:10,ETH,1361.6776
2024-01-03T16:37:11,ETH,1361.4524
2024-01-03T16:37:12,ETH,1361.0069
2024-01-03T16:37:13,ETH,1360.5738
2024-01-03T16:37:14,ETH,1358.784
2024-01-03T16:37:15,ETH,1358.1941
2024-01-03T16:37:16,ETH,1357.2924
2024-01-03T16:37:17,ETH,1357.5034
2024-01-03T16:37:18,ETH,1356.9942
2024-01-03T16:37:19,ETH,1356.4523
2024-01-03T16:37:20,ETH,1356.9184
2024-01-03T16:37:21,ETH,1356.8406
2024-01-03T16:37:22,ETH,1356.8499
2024-01-03T16:37:23,ETH,1357.1822
2024-01-03T16:37:24,ETH,1356.6775
2024-01-03T16:37:25,ETH,1357.5167
2024-01-03T16:37:26,ETH,1356.5364
2024-01-03T16:37:27,ETH,1357.1
2024-01-03T16:37:28,ETH,1357.8928
2024-01-03T16:37:29,ETH,1358.3855
2024-01-03T16:37:30,ETH,1358.3342
2024-01-03T16:37:31,ETH,1357.3854
2024-01-03T16:37:32,ETH,1356.1778
2024-01-03T16:37:33,ETH,1356.4519
2024-01-03T16:37:34,ETH,1356.4298
2024-01-03T16:37:35,ETH,1356.4093
2024-01-03T16:37:36,ETH,1356.0026
2024-01-03T16:37:37,ETH,1355.3323
2024-01-03T16:37:38,ETH,1354.4535
2024-01-03T16:37:39,ETH,1354.6831
2024-01-03T16:37:40,ETH,1355.1466
2024-01-03T16:37:41,ETH,1355.35
2024-01-03T16:37:42,ETH,1355.6041
2024-01-03T16:37:43,ETH,1356.7554
2024-01-03T16:37:44,ETH,1356.1766
2024-01-03T16:37:45,ETH,1356.2644
2024-01-03T16:37:46,ETH,1355.034
2024-01-03T16:37:47,ETH,1355.3567
2024-01-03T16:37:48,ETH,1354.5462
2024-01-03T16:37:49,ETH,1353.1965
2024-01-03T16:37:50,ETH,1353.0105
2024-01-03T16:37:51,ETH,1353.619
2024-01-03T16:37:52,ETH,1352.4421
2024-01-03T16:37:53,ETH,1352.4163
2024-01-03T16:37:54,ETH,1352.163
2024-01-03T16:37:55,ETH,1350.8822
2024-01-03T16:37:56,ETH,1349.6882
2024-01-03T16:37:57,ETH,1349.4712
2024-01-03T16:37:58,ETH,1349.2377
2024-01-03T16:37:59,ETH,1348.8403
2024-01-03T16:38:00,ETH,1349.1772
2024-01-03T16:38:01,ETH,1348.5609
2024-01-03T16:38:02,ETH,1349.8218
2024-01-03T16:38:03,ETH,1350.0608
2024-01-03T16:38:04,ETH,1349.3328
2024-01-03T16:38:05,ETH,1348.7844
2024-01-03T16:38:06,ETH,1349.0705
2024-01-03T16:38:07,ETH,1348.4512
2024-01-03T16:38:08,ETH,1348.0504
2024-01-03T16:38:09,ETH,1347.1809
2024-01-03T16:38:10,ETH,1346.9854
2024-01-03T16:38:11,ETH,1346.7825
2024-01-03T16:38:12,ETH,1347.8575
2024-01-03T16:38:13,ETH,1347.3716
2024-01-03T16:38:14,ETH,1346.571
2024-01-03T16:38:15,ETH,1346.6464
2024-01-03T16:38:16,ETH,1346.7125
2024-01-03T16:38:17,ETH,1346.477
2024-01-03T16:38:18,ETH,1346.6929
2024-01-03T16:38:19,ETH,1345.8401
2024-01-03T16:38:20,ETH,1344.1921
2024-01-03T16:38:21,ETH,1343.2127
2024-01-03T16:38:22,ETH,1343.5045
2024-01-03T16:38:23,ETH,1344.1006
2024-01-03T16:38:24,ETH,1343.6101
2024-01-03T16:38:25,ETH,1342.8697
2024-01-03T16:38:26,ETH,1342.243
2024-01-03T16:38:27,ETH,1340.8112
2024-01-03T16:38:28,ETH,1340.3993
2024-01-03T16:38:29,ETH,1340.1144
2024-01-03T16:38:30,ETH,1340.5472
2024-01-03T16:38:31,ETH,1340.7933
2024-01-03T16:38:32,ETH,1339.4739
2024-01-03T16:38:33,ETH,1339.8944
2024-01-03T16:38:34,ETH,1339.8655
2024-01-03T16:38:35,ETH,1338.8063
2024-01-03T16:38:36,ETH,1339.4903
2024-01-03T16:38:37,ETH,1339.4537
2024-01-03T16:38:38,ETH,1339.2348
2024-01-03T16:38:39,ETH,1340.0503
2024-01-03T16:38:40,ETH,1339.5405
2024-01-03T16:38:41,ETH,1338.1275
2024-01-03T16:38:42,ETH,1337.7943
2024-01-03T16:38:43,ETH,1339.3162
2024-01-03T16:38:44,ETH,1339.5171
2024-01-03T16:38:45,ETH,1339.0805
2024-01-03T16:38:46,ETH,1339.1807
2024-01-03T16:38:47,ETH,1338.657
2024-01-03T16:38:48,ETH,1338.4884
2024-01-03T16:38:49,ETH,1337.9898
2024-01-03T16:38:50,ETH,1338.9116
2024-01-03T16:38:51,ETH,1338.278
2024-01-03T16:38:52,ETH,1338.0821
2024-01-03T16:38:53,ETH,1337.1373
2024-01-03T16:38:54,ETH,1337.4689
2024-01-03T16:38:55,ETH,1337.3852
2024-01-03T16:38:56,ETH,1337.5886
2024-01-03T16:38:57,ETH,1336.3742
2024-01-03T16:38:58,ETH,1336.3906
2024-01-03T16:38:59,ETH,1336.2454
2024-01-03T16:39:00,ETH,1335.6222
2024-01-03T16:39:01,ETH,1335.6556
2024-01-03T16:39:02,ETH,1334.2027
2024-01-03T16:39:03,ETH,1334.1084
2024-01-03T16:39:04,ETH,1334.2791
2024-01-03T16:39:05,ETH,1333.6995
2024-01-03T16:39:06,ETH,1333.1774
2024-01-03T16:39:07,ETH,1333.03
2024-01-03T16:39:08,ETH,1333.7089
2024-01-03T16:39:09,ETH,1333.3447
2024-01-03T16:39:10,ETH,1332.7176
2024-01-03T16:39:11,ETH,1331.2625
2024-01-03T16:39:12,ETH,1330.5714
2024-01-03T16:39:13,ETH,1329.9958
2024-01-03T16:39:14,ETH,1330.3266
2024-01-03T16:39:15,ETH,1329.2174
2024-01-03T16:39:16,ETH,1327.2723
2024-01-03T16:39:17,ETH,1326.4788
2024-01-03T16:39:18,ETH,1326.908
2024-01-03T16:39:19,ETH,1327.1966
2024-01-03T16:39:20,ETH,1327.5174
2024-01-03T16:39:21,ETH,1325.5327
2024-01-03T16:39:22,ETH,1327.1526
2024-01-03T16:39:23,ETH,1326.7662
2024-01-03T16:39:24,ETH,1327.987
2024-01-03T16:39:25,ETH,1327.6742
2024-01-03T16:39:26,ETH,1327.7972
2024-01-03T16:39:27,ETH,1328.4878
2024-01-03T16:39:28,ETH,1327.46
2024-01-03T16:39:29,ETH,1325.8983
2024-01-03T16:39:30,ETH,1325.4891
2024-01-03T16:39:31,ETH,1326.674
2024-01-03T16:39:32,ETH,1326.0135
2024-01-03T16:39:33,ETH,1326.1228
2024-01-03T16:39:34,ETH,1325.9292
2024-01-03T16:39:35,ETH,1325.5709
2024-01-03T16:39:36,ETH,1325.5449
2024-01-03T16:39:37,ETH,1324.8119
2024-01-03T16:39:38,ETH,1324.3264
2024-01-03T16:39:39,ETH,1323.2285
2024-01-03T16:39:40,ETH,1322.3772
2024-01-03T16:39:41,ETH,1321.8963
2024-01-03T16:39:42,ETH,1320.8632
2024-01-03T16:39:43,ETH,1321.1405
2024-01-03T16:39:44,ETH,1321.0689
2024-01-03T16:39:45,ETH,1322.2518
2024-01-03T16:39:46,ETH,1323.2311
2024-01-03T16:39:47,ETH,1323.5421
2024-01-03T16:39:48,ETH,1322.5822
2024-01-03T16:39:49,ETH,1321.2593
2024-01-03T16:39:50,ETH,1321.5573
2024-01-03T16:39:51,ETH,1321.8292
2024-01-03T16:39:52,ETH,1322.0443
2024-01-03T16:39:53,ETH,1321.5504
2024-01-03T16:39:54,ETH,1322.4774
2024-01-03T16:39:55,ETH,1321.5208
2024-01-03T16:39:56,ETH,1320.5391
2024-01-03T16:39:57,ETH,1319.227
2024-01-03T16:39:58,ETH,1318.9289
2024-01-03T16:39:59,ETH,1319.419
2024-01-03T16:40:00,ETH,1318.159
2024-01-03T16:40:01,ETH,1318.2767
2024-01-03T16:40:02,ETH,1318.9087
2024-01-03T16:40:03,ETH,1318.8833
2024-01-03T16:40:04,ETH,1319.1799
2024-01-03T16:40:05,ETH,1320.0908
2024-01-03T16:40:06,ETH,1320.493
2024-01-03T16:40:07,ETH,1320.8164
2024-01-03T16:40:08,ETH,1320.4154
2024-01-03T16:40:09,ETH,1319.6544
2024-01-03T16:40:10,ETH,1320.4624
2024-01-03T16:40:11,ETH,1320.5668
2024-01-03T16:40:12,ETH,1320.7051
2024-01-03T16:40:13,ETH,1319.8166
2024-01-03T16:40:14,ETH,1320.3527
2024-01-03T16:40:15,ETH,1320.2928
2024-01-03T16:40:16,ETH,1319.4083
2024-01-03T16:40:17,ETH,1319.4257
2024-01-03T16:40:18,ETH,1318.6711
2024-01-03T16:40:19,ETH,1318.5311
2024-01-03T16:40:20,ETH,1318.6832
2024-01-03T16:40:21,ETH,1317.5195
2024-01-03T16:40:22,ETH,1318.0486
2024-01-03T16:40:23,ETH,1318.0433
2024-01-03T16:40:24,ETH,1316.4736
2024-01-03T16:40:25,ETH,1315.674
2024-01-03T16:40:26,ETH,1314.8533
2024-01-03T16:40:27,ETH,1314.6525
2024-01-03T16:40:28,ETH,1314.0976
2024-01-03T16:40:29,ETH,1314.7454
2024-01-03T16:40:30,ETH,1313.7574
2024-01-03T16:40:31,ETH,1313.1731
2024-01-03T16:40:32,ETH,1312.5651
2024-01-03T16:40:33,ETH,1312.03
2024-01-03T16:40:34,ETH,1311.1895
2024-01-03T16:40:35,ETH,1312.0688
2024-01-03T16:40:36,ETH,1311.9309
2024-01-03T16:40:37,ETH,1311.9057
2024-01-03T16:40:38,ETH,1311.3926
2024-01-03T16:40:39,ETH,1311.2961
2024-01-03T16:40:40,ETH,1311.8141
2024-01-03T16:40:41,ETH,1311.1909
2024-01-03T16:40:42,ETH,1312.6449
2024-01-03T16:40:43,ETH,1312.555
2024-01-03T16:40:44,ETH,1311.3483
2024-01-03T16:40:45,ETH,1311.2353
2024-01-03T16:40:46,ETH,1310.4561
2024-01-03T16:40:47,ETH,1310.0927
2024-01-03T16:40:48,ETH,1309.7288
2024-01-03T16:40:49,ETH,1309.4995
2024-01-03T16:40:50,ETH,1308.9999
2024-01-03T16:40:51,ETH,1308.9905
2024-01-03T16:40:52,ETH,1307.7
2024-01-03T16:40:53,ETH,1309.1729
2024-01-03T16:40:54,ETH,1308.8101
2024-01-03T16:40:55,ETH,1307.9768
2024-01-03T16:40:56,ETH,1309.043
2024-01-03T16:40:57,ETH,1307.913
2024-01-03T16:40:58,ETH,1307.0635
2024-01-03T16:40:59,ETH,1305.6521
2024-01-03T16:41:00,ETH,1304.308
2024-01-03T16:41:01,ETH,1303.6322
2024-01-03T16:41:02,ETH,1303.4873
2024-01-03T16:41:03,ETH,1304.7717
2024-01-03T16:41:04,ETH,1303.8551
2024-01-03T16:41:05,ETH,1302.726
2024-01-03T16:41:06,ETH,1302.2462
2024-01-03T16:41:07,ETH,1301.9725
2024-01-03T16:41:08,ETH,1301.6645
2024-01-03T16:41:09,ETH,1300.8939
2024-01-03T16:41:10,ETH,1301.4144
2024-01-03T16:41:11,ETH,1300.6407
2024-01-03T16:41:12,ETH,1300.2648
2024-01-03T16:41:13,ETH,1300.2334
2024-01-03T16:41:14,ETH,1300.1558
2024-01-03T16:41:15,ETH,1299.8645
2024-01-03T16:41:16,ETH,1298.6162
2024-01-03T16:41:17,ETH,1299.0438
2024-01-03T16:41:18,ETH,1298.5018
2024-01-03T16:41:19,ETH,1297.1292
2024-01-03T16:41:20,ETH,1297.2124
2024-01-03T16:41:21,ETH,1297.5094
2024-01-03T16:41:22,ETH,1296.5682
2024-01-03T16:41:23,ETH,1296.1343
2024-01-03T16:41:24,ETH,1296.4811
2024-01-03T16:41:25,ETH,1295.1106
2024-01-03T16:41:26,ETH,1293.8838
2024-01-03T16:41:27,ETH,1294.0906
2024-01-03T16:41:28,ETH,1294.6061
2024-01-03T16:41:29,ETH,1292.9456
2024-01-03T16:41:30,ETH,1292.3563
2024-01-03T16:41:31,ETH,1291.8906
2024-01-03T16:41:32,ETH,1291.462
2024-01-03T16:41:33,ETH,1291.0015
2024-01-03T16:41:34,ETH,1290.5391
2024-01-03T16:41:35,ETH,1290.2254
2024-01-03T16:41:36,ETH,1290.0985
2024-01-03T16:41:37,ETH,1290.2751
2024-01-03T16:41:38,ETH,1290.3394
2024-01-03T16:41:39,ETH,1289.8549
2024-01-03T16:41:40,ETH,1289.2558
2024-01-03T16:41:41,ETH,1287.8064
2024-01-03T16:41:42,ETH,1287.3608
2024-01-03T16:41:43,ETH,1287.5
2024-01-03T16:41:44,ETH,1285.8865
2024-01-03T16:41:45,ETH,1285.9328
2024-01-03T16:41:46,ETH,1285.26
2024-01-03T16:41:47,ETH,1284.4018
2024-01-03T16:41:48,ETH,1283.6138
2024-01-03T16:41:49,ETH,1283.3414
2024-01-03T16:41:50,ETH,1282.9584
2024-01-03T16:41:51,ETH,1283.0652
2024-01-03T16:41:52,ETH,1283.2656
2024-01-03T16:41:53,ETH,1283.4542
2024-01-03T16:41:54,ETH,1283.8854
2024-01-03T16:41:55,ETH,1283.2461
2024-01-03T16:41:56,ETH,1283.1555
2024-01-03T16:41:57,ETH,1282.8181
2024-01-03T16:41:58,ETH,1281.6963
2024-01-03T16:41:59,ETH,1281.095
2024-01-03T16:42:00,ETH,1281.4311
2024-01-03T16:42:01,ETH,1280.5924
2024-01-03T16:42:02,ETH,1279.844
2024-01-03T16:42:03,ETH,1279.4451
2024-01-03T16:42:04,ETH,1279.6701
2024-01-03T16:42:05,ETH,1280.2727
2024-01-03T16:42:06,ETH,1279.3048
2024-01-03T16:42:07,ETH,1278.1655
2024-01-03T16:42:08,ETH,1277.6387
2024-01-03T16:42:09,ETH,1277.7053
2024-01-03T16:42:10,ETH,1277.0919
2024-01-03T16:42:11,ETH,1277.056
2024-01-03T16:42:12,ETH,1277.2135
2024-01-03T16:42:13,ETH,1277.3286
2024-01-03T16:42:14,ETH,1277.2979
2024-01-03T16:42:15,ETH,1276.3451
2024-01-03T16:42:16,ETH,1276.9404
2024-01-03T16:42:17,ETH,1276.3787
2024-01-03T16:42:18,ETH,1274.9555
2024-01-03T16:42:19,ETH,1274.3912
2024-01-03T16:42:20,ETH,1275.5026
2024-01-03T16:42:21,ETH,1275.2056
2024-01-03T16:42:22,ETH,1274.7121
2024-01-03T16:42:23,ETH,1274.5946
2024-01-03T16:42:24,ETH,1274.4736
2024-01-03T16:42:25,ETH,1273.3285
2024-01-03T16:42:26,ETH,1273.328
2024-01-03T16:42:27,ETH,1272.4304
2024-01-03T16:42:28,ETH,1272.9492
2024-01-03T16:42:29,ETH,1274.0105
2024-01-03T16:42:30,ETH,1273.5663
2024-01-03T16:42:31,ETH,1272.497
2024-01-03T16:42:32,ETH,1271.744
2024-01-03T16:42:33,ETH,1271.7939
2024-01-03T16:42:34,ETH,1271.3057
2024-01-03T16:42:35,ETH,1271.3876
2024-01-03T16:42:36,ETH,1270.91
2024-01-03T16:42:37,ETH,1271.8297
2024-01-03T16:42:38,ETH,1271.1684
2024-01-03T16:42:39,ETH,1270.8716
2024-01-03T16:42:40,ETH,1269.6025
2024-01-03T16:42:41,ETH,1269.3232
2024-01-03T16:42:42,ETH,1269.3086
2024-01-03T16:42:43,ETH,1267.9973
2024-01-03T16:42:44,ETH,1267.677
2024-01-03T16:42:45,ETH,1267.3931
2024-01-03T16:42:46,ETH,1268.1009
2024-01-03T16:42:47,ETH,1267.7428
2024-01-03T16:42:48,ETH,1266.881
2024-01-03T16:42:49,ETH,1266.8674
2024-01-03T16:42:50,ETH,1266.9054
2024-01-03T16:42:51,ETH,1265.2169
2024-01-03T16:42:52,ETH,1265.065
2024-01-03T16:42:53,ETH,1265.4414
2024-01-03T16:42:54,ETH,1266.2631
2024-01-03T16:42:55,ETH,1265.99
2024-01-03T16:42:56,ETH,1266.2739
2024-01-03T16:42:57,ETH,1265.4754
2024-01-03T16:42:58,ETH,1264.6843
2024-01-03T16:42:59,ETH,1264.9543
2024-01-03T16:43:00,ETH,1263.711
2024-01-03T20:45:00,ETH,1264.4934
2024-01-03T20:45:01,ETH,1265.1163
2024-01-03T20:45:02,ETH,1264.757
2024-01-03T20:45:03,ETH,1264.8419
2024-01-03T20:45:04,ETH,1263.9198
2024-01-03T20:45:05,ETH,1263.94
2024-01-03T20:45:06,ETH,1264.07
2024-01-03T20:45:07,ETH,1263.968
2024-01-03T20:45:08,ETH,1264.1802
2024-01-03T20:45:09,ETH,1263.9437
2024-01-03T20:45:10,ETH,1264.3468
2024-01-03T20:45:11,ETH,1263.6181
2024-01-03T20:45:12,ETH,1263.6233
2024-01-03T20:45:13,ETH,1262.9998
2024-01-03T20:45:14,ETH,1263.8635
2024-01-03T20:45:15,ETH,1264.0638
2024-01-03T20:45:16,ETH,1264.4538
2024-01-03T20:45:17,ETH,1265.2936
2024-01-03T20:45:18,ETH,1263.69
2024-01-03T20:45:19,ETH,1263.1719
2024-01-03T20:45:20,ETH,1262.4924
2024-01-03T20:45:21,ETH,1262.3531
2024-01-03T20:45:22,ETH,1263.0845
2024-01-03T20:45:23,ETH,1262.7779
2024-01-03T20:45:24,ETH,1263.8468
2024-01-03T20:45:25,ETH,1263.0148
2024-01-03T20:45:26,ETH,1264.0395
2024-01-03T20:45:27,ETH,1264.4323
2024-01-03T20:45:28,ETH,1264.3153
2024-01-03T20:45:29,ETH,1264.6877
2024-01-03T20:45:30,ETH,1265.2567
2024-01-03T20:45:31,ETH,1265.4104
2024-01-03T20:45:32,ETH,1264.5925
2024-01-03T20:45:33,ETH,1265.2748
2024-01-03T20:45:34,ETH,1266.5785
2024-01-03T20:45:35,ETH,1266.165
2024-01-03T20:45:36,ETH,1266.1405
2024-01-03T20:45:37,ETH,1266.7944
2024-01-03T20:45:38,ETH,1266.9303
2024-01-03T20:45:39,ETH,1266.4681
2024-01-03T20:45:40,ETH,1266.4119
2024-01-03T20:45:41,ETH,1266.8151
2024-01-03T20:45:42,ETH,1266.2233
2024-01-03T20:45:43,ETH,1266.2088
2024-01-03T20:45:44,ETH,1266.756
2024-01-03T20:45:45,ETH,1267.1093
2024-01-03T20:45:46,ETH,1266.4908
2024-01-03T20:45:47,ETH,1266.0154
2024-01-03T20:45:48,ETH,1266.5561
2024-01-03T20:45:49,ETH,1266.4246
2024-01-03T20:45:50,ETH,1266.3292
2024-01-03T20:45:51,ETH,1266.7506
2024-01-03T20:45:52,ETH,1266.2808
2024-01-03T20:45:53,ETH,1266.5943
2024-01-03T20:45:54,ETH,1266.3645
2024-01-03T20:45:55,ETH,1265.265
2024-01-03T20:45:56,ETH,1265.9779
2024-01-03T20:45:57,ETH,1266.3919
2024-01-03T20:45:58,ETH,1266.6742
2024-01-03T20:45:59,ETH,1266.5011
2024-01-03T20:46:00,ETH,1266.0124
2024-01-03T20:46:01,ETH,1265.9223
2024-01-03T20:46:02,ETH,1266.8052
2024-01-03T20:46:03,ETH,1266.1766
2024-01-03T20:46:04,ETH,1266.6598
2024-01-03T20:46:05,ETH,1265.7563
2024-01-03T20:46:06,ETH,1264.9774
2024-01-03T20:46:07,ETH,1265.1678
2024-01-03T20:46:08,ETH,1265.4526
2024-01-03T20:46:09,ETH,1266.527
2024-01-03T20:46:10,ETH,1266.2931
2024-01-03T20:46:11,ETH,1266.4688
2024-01-03T20:46:12,ETH,1266.4644
2024-01-03T20:46:13,ETH,1266.7462
2024-01-03T20:46:14,ETH,1265.8738
2024-01-03T20:46:15,ETH,1265.7844
2024-01-03T20:46:16,ETH,1265.7062
2024-01-03T20:46:17,ETH,1266.0484
2024-01-03T20:46:18,ETH,1266.5837
2024-01-03T20:46:19,ETH,1264.4827
2024-01-03T20:46:20,ETH,1263.5112
2024-01-03T20:46:21,ETH,1263.358
2024-01-03T20:46:22,ETH,1263.5767
2024-01-03T20:46:23,ETH,1263.5699
2024-01-03T20:46:24,ETH,1262.3431
2024-01-03T20:46:25,ETH,1262.3146
2024-01-03T20:46:26,ETH,1261.8478
2024-01-03T20:46:27,ETH,1261.5353
2024-01-03T20:46:28,ETH,1261.5953
2024-01-03T20:46:29,ETH,1260.7615
2024-01-03T20:46:30,ETH,1261.491
2024-01-03T20:46:31,ETH,1261.3795
2024-01-03T20:46:32,ETH,1261.9585
2024-01-03T20:46:33,ETH,1262.7039
2024-01-03T20:46:34,ETH,1262.6811
2024-01-03T20:46:35,ETH,1262.8101
2024-01-03T20:46:36,ETH,1262.1156
2024-01-03T20:46:37,ETH,1261.7655
2024-01-03T20:46:38,ETH,1261.8729
2024-01-03T20:46:39,ETH,1260.6552
2024-01-03T20:46:40,ETH,1259.5456
2024-01-03T20:46:41,ETH,1260.4104
2024-01-03T20:46:42,ETH,1260.7613
2024-01-03T20:46:43,ETH,1260.8073
2024-01-03T20:46:44,ETH,1261.0238
2024-01-03T20:46:45,ETH,1260.0557
2024-01-03T20:46:46,ETH,1260.3017
2024-01-03T20:46:47,ETH,1260.3572
2024-01-03T20:46:48,ETH,1260.3623
2024-01-03T20:46:49,ETH,1260.2386
2024-01-03T20:46:50,ETH,1259.712
2024-01-03T20:46:51,ETH,1259.7609
2024-01-03T20:46:52,ETH,1260.1425
2024-01-03T20:46:53,ETH,1260.9362
2024-01-03T20:46:54,ETH,1260.7861
2024-01-03T20:46:55,ETH,1260.0603
2024-01-03T20:46:56,ETH,1260.2303
2024-01-03T20:46:57,ETH,1259.6274
2024-01-03T20:46:58,ETH,1259.025
2024-01-03T20:46:59,ETH,1259.6997
2024-01-03T20:47:00,ETH,1259.3826
2024-01-03T20:47:01,ETH,1259.6217
2024-01-03T20:47:02,ETH,1260.1175
2024-01-03T20:47:03,ETH,1262.1011
2024-01-03T20:47:04,ETH,1262.3119
2024-01-03T20:47:05,ETH,1262.9252
2024-01-03T20:47:06,ETH,1264.0275
2024-01-03T20:47:07,ETH,1263.9499
2024-01-03T20:47:08,ETH,1263.8105
2024-01-03T20:47:09,ETH,1263.7231
2024-01-03T20:47:10,ETH,1264.1102
2024-01-03T20:47:11,ETH,1264.3353
2024-01-03T20:47:12,ETH,1264.3728
2024-01-03T20:47:13,ETH,1265.2891
2024-01-03T20:47:14,ETH,1265.3396
2024-01-03T20:47:15,ETH,1265.4065
2024-01-03T20:47:16,ETH,1265.2268
2024-01-03T20:47:17,ETH,1264.7061
2024-01-03T20:47:18,ETH,1264.3089
2024-01-03T20:47:19,ETH,1263.9496
2024-01-03T20:47:20,ETH,1264.1149
2024-01-03T20:47:21,ETH,1264.8725
2024-01-03T20:47:22,ETH,1264.5625
2024-01-03T20:47:23,ETH,1264.3132
2024-01-03T20:47:24,ETH,1264.2778
2024-01-03T20:47:25,ETH,1263.3596
2024-01-03T20:47:26,ETH,1262.9724
2024-01-03T20:47:27,ETH,1262.1681
2024-01-03T20:47:28,ETH,1261.4118
2024-01-03T20:47:29,ETH,1261.3339
2024-01-03T20:47:30,ETH,1261.4679
2024-01-03T20:47:31,ETH,1261.1931
2024-01-03T20:47:32,ETH,1260.1403
2024-01-03T20:47:33,ETH,1260.6732
2024-01-03T20:47:34,ETH,1260.9568
2024-01-03T20:47:35,ETH,1261.2289
2024-01-03T20:47:36,ETH,1261.2843
2024-01-03T20:47:37,ETH,1261.2671
2024-01-03T20:47:38,ETH,1262.0506
2024-01-03T20:47:39,ETH,1262.1602
2024-01-03T20:47:40,ETH,1262.1603
2024-01-03T20:47:41,ETH,1261.4807
2024-01-03T20:47:42,ETH,1260.9393
2024-01-03T20:47:43,ETH,1261.1535
2024-01-03T20:47:44,ETH,1261.2186
2024-01-03T20:47:45,ETH,1260.3442
2024-01-03T20:47:46,ETH,1260.9654
2024-01-03T20:47:47,ETH,1260.7681
2024-01-03T20:47:48,ETH,1260.5005
2024-01-03T20:47:49,ETH,1260.4802
2024-01-03T20:47:50,ETH,1260.8193
2024-01-03T20:47:51,ETH,1260.2548
2024-01-03T20:47:52,ETH,1259.9383
2024-01-03T20:47:53,ETH,1259.5581
2024-01-03T20:47:54,ETH,1259.1603
2024-01-03T20:47:55,ETH,1258.6189
2024-01-03T20:47:56,ETH,1258.8793
2024-01-03T20:47:57,ETH,1259.4463
2024-01-03T20:47:58,ETH,1259.5529
2024-01-03T20:47:59,ETH,1259.4513
2024-01-03T20:48:00,ETH,1259.5292
2024-01-03T20:48:01,ETH,1258.1024
2024-01-03T20:48:02,ETH,1257.7311
2024-01-03T20:48:03,ETH,1258.4954
2024-01-03T20:48:04,ETH,1259.1466
2024-01-03T20:48:05,ETH,1259.4219
2024-01-03T20:48:06,ETH,1258.7238
2024-01-03T20:48:07,ETH,1259.0831
2024-01-03T20:48:08,ETH,1258.2561
2024-01-03T20:48:09,ETH,1258.3356
2024-01-03T20:48:10,ETH,1258.3509
2024-01-03T20:48:11,ETH,1258.9387
2024-01-03T20:48:12,ETH,1258.7884
2024-01-03T20:48:13,ETH,1258.6064
2024-01-03T20:48:14,ETH,1260.0745
2024-01-03T20:48:15,ETH,1259.7358
2024-01-03T20:48:16,ETH,1259.1257
2024-01-03T20:48:17,ETH,1259.9264
2024-01-03T20:48:18,ETH,1261.1635
2024-01-03T20:48:19,ETH,1261.1804
2024-01-03T20:48:20,ETH,1262.0184
2024-01-03T20:48:21,ETH,1263.0858
2024-01-03T20:48:22,ETH,1263.604
2024-01-03T20:48:23,ETH,1264.0036
2024-01-03T20:48:24,ETH,1264.0828
2024-01-03T20:48:25,ETH,1264.2389
2024-01-03T20:48:26,ETH,1263.4188
2024-01-03T20:48:27,ETH,1263.4375
2024-01-03T20:48:28,ETH,1263.4581
2024-01-03T20:48:29,ETH,1263.2002
2024-01-03T20:48:30,ETH,1263.992
2024-01-03T20:48:31,ETH,1263.542
2024-01-03T20:48:32,ETH,1263.1439
2024-01-03T20:48:33,ETH,1263.8492
2024-01-03T20:48:34,ETH,1263.4716
2024-01-03T20:48:35,ETH,1263.3578
2024-01-03T20:48:36,ETH,1262.9897
2024-01-03T20:48:37,ETH,1263.3329
2024-01-03T20:48:38,ETH,1263.737
2024-01-03T20:48:39,ETH,1264.3834
2024-01-03T20:48:40,ETH,1264.2499
2024-01-03T20:48:41,ETH,1264.2183
2024-01-03T20:48:42,ETH,1265.6423
2024-01-03T20:48:43,ETH,1265.0738
2024-01-03T20:48:44,ETH,1265.0356
2024-01-03T20:48:45,ETH,1265.6392
2024-01-03T20:48:46,ETH,1265.2951
2024-01-03T20:48:47,ETH,1266.2882
2024-01-03T20:48:48,ETH,1266.3527
2024-01-03T20:48:49,ETH,1266.3472
2024-01-03T20:48:50,ETH,1265.9654
2024-01-03T20:48:51,ETH,1266.251
2024-01-03T20:48:52,ETH,1265.6089
2024-01-03T20:48:53,ETH,1264.8599
2024-01-03T20:48:54,ETH,1264.3502
2024-01-03T20:48:55,ETH,1264.97
2024-01-03T20:48:56,ETH,1265.4188
2024-01-03T20:48:57,ETH,1265.9978
2024-01-03T20:48:58,ETH,1265.9063
2024-01-03T20:48:59,ETH,1266.5828
2024-01-03T20:49:00,ETH,1266.7359
2024-01-03T20:49:01,ETH,1267.9021
2024-01-03T20:49:02,ETH,1267.0564
2024-01-03T20:49:03,ETH,1267.2874
2024-01-03T20:49:04,ETH,1266.0131
2024-01-03T20:49:05,ETH,1266.6774
2024-01-03T20:49:06,ETH,1266.1613
2024-01-03T20:49:07,ETH,1266.8586
2024-01-03T20:49:08,ETH,1266.4811
2024-01-03T20:49:09,ETH,1266.5088
2024-01-03T20:49:10,ETH,1266.5581
2024-01-03T20:49:11,ETH,1266.9916
2024-01-03T20:49:12,ETH,1267.104
2024-01-03T20:49:13,ETH,1266.71
2024-01-03T20:49:14,ETH,1266.8285
2024-01-03T20:49:15,ETH,1267.0989
2024-01-03T20:49:16,ETH,1267.4034
2024-01-03T20:49:17,ETH,1267.315
2024-01-03T20:49:18,ETH,1265.5247
2024-01-03T20:49:19,ETH,1265.6393
2024-01-03T20:49:20,ETH,1264.5251
2024-01-03T20:49:21,ETH,1264.4252
2024-01-03T20:49:22,ETH,1264.5476
2024-01-03T20:49:23,ETH,1263.4547
2024-01-03T20:49:24,ETH,1263.6228
2024-01-03T20:49:25,ETH,1263.2022
2024-01-03T20:49:26,ETH,1262.5081
2024-01-03T20:49:27,ETH,1261.1192
2024-01-03T20:49:28,ETH,1260.3035
2024-01-03T20:49:29,ETH,1260.1932
2024-01-03T20:49:30,ETH,1260.4628
2024-01-03T20:49:31,ETH,1260.7434
2024-01-03T20:49:32,ETH,1260.0097
2024-01-03T20:49:33,ETH,1259.7382
2024-01-03T20:49:34,ETH,1259.3609
2024-01-03T20:49:35,ETH,1259.5462
2024-01-03T20:49:36,ETH,1260.4201
2024-01-03T20:49:37,ETH,1260.6481
2024-01-03T20:49:38,ETH,1260.0958
2024-01-03T20:49:39,ETH,1259.5763
2024-01-03T20:49:40,ETH,1260.1781
2024-01-03T20:49:41,ETH,1259.1537
2024-01-03T20:49:42,ETH,1258.2146
2024-01-03T20:49:43,ETH,1258.2514
2024-01-03T20:49:44,ETH,1258.0419
2024-01-03T20:49:45,ETH,1257.8587
2024-01-03T20:49:46,ETH,1257.3724
2024-01-03T20:49:47,ETH,1256.8071
2024-01-03T20:49:48,ETH,1257.2044
2024-01-03T20:49:49,ETH,1258.1523
2024-01-03T20:49:50,ETH,1257.6108
2024-01-03T20:49:51,ETH,1257.9885
2024-01-03T20:49:52,ETH,1258.7501
2024-01-03T20:49:53,ETH,1259.3292
2024-01-03T20:49:54,ETH,1259.3111
2024-01-03T20:49:55,ETH,1258.2321
2024-01-03T20:49:56,ETH,1257.7071
2024-01-03T20:49:57,ETH,1257.376
2024-01-03T20:49:58,ETH,1258.685
2024-01-03T20:49:59,ETH,1258.1148
2024-01-03T20:50:00,ETH,1258.5784
2024-01-03T20:50:01,ETH,1257.7461
2024-01-03T20:50:02,ETH,1257.8473
2024-01-03T20:50:03,ETH,1257.7881
2024-01-03T20:50:04,ETH,1256.8235
2024-01-03T20:50:05,ETH,1255.8216
2024-01-03T20:50:06,ETH,1255.7431
2024-01-03T20:50:07,ETH,1255.5761
2024-01-03T20:50:08,ETH,1255.8432
2024-01-03T20:50:09,ETH,1255.084
2024-01-03T20:50:10,ETH,1253.8188
2024-01-03T20:50:11,ETH,1254.3091
2024-01-03T20:50:12,ETH,1254.7711
2024-01-03T20:50:13,ETH,1255.3224
2024-01-03T20:50:14,ETH,1254.9279
2024-01-03T20:50:15,ETH,1253.967
2024-01-03T20:50:16,ETH,1253.2532
2024-01-03T20:50:17,ETH,1253.6529
2024-01-03T20:50:18,ETH,1254.327
2024-01-03T20:50:19,ETH,1255.2478
2024-01-03T20:50:20,ETH,1255.5237
2024-01-03T20:50:21,ETH,1254.7986
2024-01-03T20:50:22,ETH,1254.5061
2024-01-03T20:50:23,ETH,1254.2625
2024-01-03T20:50:24,ETH,1254.3366
2024-01-03T20:50:25,ETH,1254.2616
2024-01-03T20:50:26,ETH,1254.2392
2024-01-03T20:50:27,ETH,1254.2964
2024-01-03T20:50:28,ETH,1253.8883
2024-01-03T20:50:29,ETH,1253.6226
2024-01-03T20:50:30,ETH,1254.4138
2024-01-03T20:50:31,ETH,1254.5397
2024-01-03T20:50:32,ETH,1253.7966
2024-01-03T20:50:33,ETH,1252.682
2024-01-03T20:50:34,ETH,1252.6779
2024-01-03T20:50:35,ETH,1252.5826
2024-01-03T20:50:36,ETH,1252.7285
2024-01-03T20:50:37,ETH,1251.4589
2024-01-03T20:50:38,ETH,1250.7635
2024-01-03T20:50:39,ETH,1250.5124
2024-01-03T20:50:40,ETH,1249.9953
2024-01-03T20:50:41,ETH,1248.8211
2024-01-03T20:50:42,ETH,1249.0299
2024-01-03T20:50:43,ETH,1248.9049
2024-01-03T20:50:44,ETH,1248.7243
2024-01-03T20:50:45,ETH,1247.8279
2024-01-03T20:50:46,ETH,1248.5722
2024-01-03T20:50:47,ETH,1248.2714
2024-01-03T20:50:48,ETH,1248.4163
2024-01-03T20:50:49,ETH,1248.632
2024-01-03T20:50:50,ETH,1249.7926
2024-01-03T20:50:51,ETH,1249.9097
2024-01-03T20:50:52,ETH,1250.0241
2024-01-03T20:50:53,ETH,1249.6997
2024-01-03T20:50:54,ETH,1248.5197
2024-01-03T20:50:55,ETH,1248.1765
2024-01-03T20:50:56,ETH,1248.0809
2024-01-03T20:50:57,ETH,1248.0672
2024-01-03T20:50:58,ETH,1247.7299
2024-01-03T20:50:59,ETH,1247.9912
2024-01-03T20:51:00,ETH,1247.3172
2024-01-03T23:33:00,ETH,1246.4797
2024-01-03T23:33:01,ETH,1246.2433
2024-01-03T23:33:02,ETH,1247.1806
2024-01-03T23:33:03,ETH,1248.0282
2024-01-03T23:33:04,ETH,1246.9732
2024-01-03T23:33:05,ETH,1246.2242
2024-01-03T23:33:06,ETH,1245.7131
2024-01-03T23:33:07,ETH,1244.7834
2024-01-03T23:33:08,ETH,1244.6738
2024-01-03T23:33:09,ETH,1244.475
2024-01-03T23:33:10,ETH,1244.1437
2024-01-03T23:33:11,ETH,1244.3952
2024-01-03T23:33:12,ETH,1243.5978
2024-01-03T23:33:13,ETH,1243.3669
2024-01-03T23:33:14,ETH,1242.6035
2024-01-03T23:33:15,ETH,1241.6174
2024-01-03T23:33:16,ETH,1241.1733
2024-01-03T23:33:17,ETH,1242.8126
2024-01-03T23:33:18,ETH,1243.0231
2024-01-03T23:33:19,ETH,1243.3425
2024-01-03T23:33:20,ETH,1242.784
2024-01-03T23:33:21,ETH,1244.035
2024-01-03T23:33:22,ETH,1243.2189
2024-01-03T23:33:23,ETH,1243.9884
2024-01-03T23:33:24,ETH,1243.0839
2024-01-03T23:33:25,ETH,1243.6081
2024-01-03T23:33:26,ETH,1243.7813
2024-01-03T23:33:27,ETH,1243.8058
2024-01-03T23:33:28,ETH,1244.1531
2024-01-03T23:33:29,ETH,1243.5601
2024-01-03T23:33:30,ETH,1244.1861
2024-01-03T23:33:31,ETH,1244.3738
2024-01-03T23:33:32,ETH,1244.3614
2024-01-03T23:33:33,ETH,1243.8229
2024-01-03T23:33:34,ETH,1244.1603
2024-01-03T23:33:35,ETH,1243.2649
2024-01-03T23:33:36,ETH,1243.7066
2024-01-03T23:33:37,ETH,1243.9352
2024-01-03T23:33:38,ETH,1243.7782
2024-01-03T23:33:39,ETH,1243.7777
2024-01-03T23:33:40,ETH,1242.4907
2024-01-03T23:33:41,ETH,1242.5724
2024-01-03T23:33:42,ETH,1242.7803
2024-01-03T23:33:43,ETH,1243.3136
2024-01-03T23:33:44,ETH,1243.4241
2024-01-03T23:33:45,ETH,1244.0289
2024-01-03T23:33:46,ETH,1243.2637
2024-01-03T23:33:47,ETH,1243.785
2024-01-03T23:33:48,ETH,1244.0039
2024-01-03T23:33:49,ETH,1243.2355
2024-01-03T23:33:50,ETH,1242.93
2024-01-03T23:33:51,ETH,1242.699
2024-01-03T23:33:52,ETH,1243.5133
2024-01-03T23:33:53,ETH,1243.1951
2024-01-03T23:33:54,ETH,1243.2047
2024-01-03T23:33:55,ETH,1243.3078
2024-01-03T23:33:56,ETH,1243.7761
2024-01-03T23:33:57,ETH,1243.733
2024-01-03T23:33:58,ETH,1243.3971
2024-01-03T23:33:59,ETH,1243.847
2024-01-03T23:34:00,ETH,1245.3414
2024-01-03T23:34:01,ETH,1244.8851
2024-01-03T23:34:02,ETH,1245.2759
2024-01-03T23:34:03,ETH,1245.9922
2024-01-03T23:34:04,ETH,1246.0475
2024-01-03T23:34:05,ETH,1246.0905
2024-01-03T23:34:06,ETH,1246.7121
2024-01-03T23:34:07,ETH,1246.2341
2024-01-03T23:34:08,ETH,1246.352
2024-01-03T23:34:09,ETH,1246.7068
2024-01-03T23:34:10,ETH,1246.3875
2024-01-03T23:34:11,ETH,1247.2975
2024-01-03T23:34:12,ETH,1246.8115
2024-01-03T23:34:13,ETH,1246.9558
2024-01-03T23:34:14,ETH,1246.6435
2024-01-03T23:34:15,ETH,1246.802
2024-01-03T23:34:16,ETH,1245.5701
2024-01-03T23:34:17,ETH,1245.4043
2024-01-03T23:34:18,ETH,1245.8089
2024-01-03T23:34:19,ETH,1246.0407
2024-01-03T23:34:20,ETH,1245.708
2024-01-03T23:34:21,ETH,1244.7076
2024-01-03T23:34:22,ETH,1244.5229
2024-01-03T23:34:23,ETH,1243.8624
2024-01-03T23:34:24,ETH,1243.8969
2024-01-03T23:34:25,ETH,1244.9476
2024-01-03T23:34:26,ETH,1245.038
2024-01-03T23:34:27,ETH,1244.8986
2024-01-03T23:34:28,ETH,1244.6455
2024-01-03T23:34:29,ETH,1245.5098
2024-01-03T23:34:30,ETH,1246.4145
2024-01-03T23:34:31,ETH,1245.8497
2024-01-03T23:34:32,ETH,1245.5471
2024-01-03T23:34:33,ETH,1247.057
2024-01-03T23:34:34,ETH,1246.1469
2024-01-03T23:34:35,ETH,1246.0835
2024-01-03T23:34:36,ETH,1245.3028
2024-01-03T23:34:37,ETH,1245.078
2024-01-03T23:34:38,ETH,1245.7019
2024-01-03T23:34:39,ETH,1245.3699
2024-01-03T23:34:40,ETH,1245.2157
2024-01-03T23:34:41,ETH,1245.4514
2024-01-03T23:34:42,ETH,1246.5171
2024-01-03T23:34:43,ETH,1245.5365
2024-01-03T23:34:44,ETH,1245.6747
2024-01-03T23:34:45,ETH,1245.9805
2024-01-03T23:34:46,ETH,1246.808
2024-01-03T23:34:47,ETH,1245.1829
2024-01-03T23:34:48,ETH,1244.7905
2024-01-03T23:34:49,ETH,1244.8103
2024-01-03T23:34:50,ETH,1245.3618
2024-01-03T23:34:51,ETH,1245.8806
2024-01-03T23:34:52,ETH,1246.2374
2024-01-03T23:34:53,ETH,1247.5818
2024-01-03T23:34:54,ETH,1247.4407
2024-01-03T23:34:55,ETH,1248.7079
2024-01-03T23:34:56,ETH,1249.477
2024-01-03T23:34:57,ETH,1248.7984
2024-01-03T23:34:58,ETH,1248.3547
2024-01-03T23:34:59,ETH,1250.1719
2024-01-03T23:35:00,ETH,1250.1275
2024-01-03T23:35:01,ETH,1249.6728
2024-01-03T23:35:02,ETH,1249.9861
2024-01-03T23:35:03,ETH,1249.7278
2024-01-03T23:35:04,ETH,1249.2175
2024-01-03T23:35:05,ETH,1248.9796
2024-01-03T23:35:06,ETH,1247.9644
2024-01-03T23:35:07,ETH,1248.3952
2024-01-03T23:35:08,ETH,1247.6967
2024-01-03T23:35:09,ETH,1247.4517
2024-01-03T23:35:10,ETH,1247.8407
2024-01-03T23:35:11,ETH,1247.4504
2024-01-03T23:35:12,ETH,1246.6607
2024-01-03T23:35:13,ETH,1246.5932
2024-01-03T23:35:14,ETH,1246.8894
2024-01-03T23:35:15,ETH,1246.849
2024-01-03T23:35:16,ETH,1247.6649
2024-01-03T23:35:17,ETH,1247.4552
2024-01-03T23:35:18,ETH,1248.4914
2024-01-03T23:35:19,ETH,1248.6824
2024-01-03T23:35:20,ETH,1249.2138
2024-01-03T23:35:21,ETH,1249.4182
2024-01-03T23:35:22,ETH,1249.7358
2024-01-03T23:35:23,ETH,1248.3752
2024-01-03T23:35:24,ETH,1248.1243
2024-01-03T23:35:25,ETH,1246.7739
2024-01-03T23:35:26,ETH,1247.427
2024-01-03T23:35:27,ETH,1246.5038
2024-01-03T23:35:28,ETH,1246.6828
2024-01-03T23:35:29,ETH,1246.7862
2024-01-03T23:35:30,ETH,1247.1127
2024-01-03T23:35:31,ETH,1247.6432
2024-01-03T23:35:32,ETH,1247.7537
2024-01-03T23:35:33,ETH,1248.4788
2024-01-03T23:35:34,ETH,1247.6809
2024-01-03T23:35:35,ETH,1246.9529
2024-01-03T23:35:36,ETH,1246.5781
2024-01-03T23:35:37,ETH,1246.6318
2024-01-03T23:35:38,ETH,1245.6693
2024-01-03T23:35:39,ETH,1245.5693
2024-01-03T23:35:40,ETH,1245.8339
2024-01-03T23:35:41,ETH,1246.4968
2024-01-03T23:35:42,ETH,1246.6563
2024-01-03T23:35:43,ETH,1246.7839
2024-01-03T23:35:44,ETH,1247.0577
2024-01-03T23:35:45,ETH,1247.0799
2024-01-03T23:35:46,ETH,1248.1446
2024-01-03T23:35:47,ETH,1247.4047
2024-01-03T23:35:48,ETH,1247.9063
2024-01-03T23:35:49,ETH,1246.9833
2024-01-03T23:35:50,ETH,1246.4375
2024-01-03T23:35:51,ETH,1245.8917
2024-01-03T23:35:52,ETH,1246.0845
2024-01-03T23:35:53,ETH,1246.8669
2024-01-03T23:35:54,ETH,1247.873
2024-01-03T23:35:55,ETH,1247.8185
2024-01-03T23:35:56,ETH,1248.5093
2024-01-03T23:35:57,ETH,1247.7398
2024-01-03T23:35:58,ETH,1247.0237
2024-01-03T23:35:59,ETH,1247.1462
2024-01-03T23:36:00,ETH,1246.6832
2024-01-03T23:36:01,ETH,1245.9571
2024-01-03T23:36:02,ETH,1245.8935
2024-01-03T23:36:03,ETH,1245.7486
2024-01-03T23:36:04,ETH,1246.0203
2024-01-03T23:36:05,ETH,1246.0413
2024-01-03T23:36:06,ETH,1246.5659
2024-01-03T23:36:07,ETH,1246.5581
2024-01-03T23:36:08,ETH,1246.1736
2024-01-03T23:36:09,ETH,1245.3744
2024-01-03T23:36:10,ETH,1244.7632
2024-01-03T23:36:11,ETH,1244.7682
2024-01-03T23:36:12,ETH,1244.1301
2024-01-03T23:36:13,ETH,1242.7557
2024-01-03T23:36:14,ETH,1243.5472
2024-01-03T23:36:15,ETH,1243.5149
2024-01-03T23:36:16,ETH,1243.2226
2024-01-03T23:36:17,ETH,1242.9527
2024-01-03T23:36:18,ETH,1241.8125
2024-01-03T23:36:19,ETH,1241.9966
2024-01-03T23:36:20,ETH,1242.0469
2024-01-03T23:36:21,ETH,1240.9152
2024-01-03T23:36:22,ETH,1241.0901
2024-01-03T23:36:23,ETH,1240.5295
2024-01-03T23:36:24,ETH,1238.8018
2024-01-03T23:36:25,ETH,1238.6641
2024-01-03T23:36:26,ETH,1238.5015
2024-01-03T23:36:27,ETH,1238.492
2024-01-03T23:36:28,ETH,1239.2087
2024-01-03T23:36:29,ETH,1240.4421
2024-01-03T23:36:30,ETH,1241.5701
2024-01-03T23:36:31,ETH,1241.5141
2024-01-03T23:36:32,ETH,1242.1975
2024-01-03T23:36:33,ETH,1241.7282
2024-01-03T23:36:34,ETH,1241.5721
2024-01-03T23:36:35,ETH,1241.9505
2024-01-03T23:36:36,ETH,1242.2082
2024-01-03T23:36:37,ETH,1242.2226
2024-01-03T23:36:38,ETH,1241.8326
2024-01-03T23:36:39,ETH,1241.9727
2024-01-03T23:36:40,ETH,1242.1442
2024-01-03T23:36:41,ETH,1241.7704
2024-01-03T23:36:42,ETH,1241.785
2024-01-03T23:36:43,ETH,1241.1092
2024-01-03T23:36:44,ETH,1240.3433
2024-01-03T23:36:45,ETH,1240.7601
2024-01-03T23:36:46,ETH,1240.0428
2024-01-03T23:36:47,ETH,1240.6214
2024-01-03T23:36:48,ETH,1239.873
2024-01-03T23:36:49,ETH,1240.6961
2024-01-03T23:36:50,ETH,1240.8775
2024-01-03T23:36:51,ETH,1241.5031
2024-01-03T23:36:52,ETH,1242.4819
2024-01-03T23:36:53,ETH,1243.3696
2024-01-03T23:36:54,ETH,1242.4599
2024-01-03T23:36:55,ETH,1242.8161
2024-01-03T23:36:56,ETH,1243.4078
2024-01-03T23:36:57,ETH,1243.7353
2024-01-03T23:36:58,ETH,1244.9532
2024-01-03T23:36:59,ETH,1245.8338
2024-01-03T23:37:00,ETH,1246.0062
2024-01-03T23:37:01,ETH,1245.9731
2024-01-03T23:37:02,ETH,1245.0333
2024-01-03T23:37:03,ETH,1245.5034
2024-01-03T23:37:04,ETH,1245.2252
2024-01-03T23:37:05,ETH,1244.5137
2024-01-03T23:37:06,ETH,1244.3936
2024-01-03T23:37:07,ETH,1243.4853
2024-01-03T23:37:08,ETH,1245.0433
2024-01-03T23:37:09,ETH,1244.871
2024-01-03T23:37:10,ETH,1245.09
2024-01-03T23:37:11,ETH,1244.2379
2024-01-03T23:37:12,ETH,1244.6135
2024-01-03T23:37:13,ETH,1245.2814
2024-01-03T23:37:14,ETH,1244.5542
2024-01-03T23:37:15,ETH,1245.1802
2024-01-03T23:37:16,ETH,1244.5394
2024-01-03T23:37:17,ETH,1244.5486
2024-01-03T23:37:18,ETH,1243.6653
2024-01-03T23:37:19,ETH,1243.6229
2024-01-03T23:37:20,ETH,1242.6737
2024-01-03T23:37:21,ETH,1242.8612
2024-01-03T23:37:22,ETH,1242.5793
2024-01-03T23:37:23,ETH,1243.0141
2024-01-03T23:37:24,ETH,1243.469
2024-01-03T23:37:25,ETH,1243.4586
2024-01-03T23:37:26,ETH,1243.3263
2024-01-03T23:37:27,ETH,1242.5319
2024-01-03T23:37:28,ETH,1242.7986
2024-01-03T23:37:29,ETH,1243.751
2024-01-03T23:37:30,ETH,1243.6222
2024-01-03T23:37:31,ETH,1243.978
2024-01-03T23:37:32,ETH,1242.9152
2024-01-03T23:37:33,ETH,1242.4593
2024-01-03T23:37:34,ETH,1242.0632
2024-01-03T23:37:35,ETH,1241.9781
2024-01-03T23:37:36,ETH,1241.9919
2024-01-03T23:37:37,ETH,1241.0224
2024-01-03T23:37:38,ETH,1241.8205
2024-01-03T23:37:39,ETH,1241.4909
2024-01-03T23:37:40,ETH,1242.7362
2024-01-03T23:37:41,ETH,1242.6044
2024-01-03T23:37:42,ETH,1242.215
2024-01-03T23:37:43,ETH,1243.2556
2024-01-03T23:37:44,ETH,1243.674
2024-01-03T23:37:45,ETH,1243.601
2024-01-03T23:37:46,ETH,1243.8688
2024-01-03T23:37:47,ETH,1244.587
2024-01-03T23:37:48,ETH,1245.2006
2024-01-03T23:37:49,ETH,1245.0313
2024-01-03T23:37:50,ETH,1245.3723
2024-01-03T23:37:51,ETH,1244.7513
2024-01-03T23:37:52,ETH,1245.802
2024-01-03T23:37:53,ETH,1246.5988
2024-01-03T23:37:54,ETH,1246.6125
2024-01-03T23:37:55,ETH,1246.852
2024-01-03T23:37:56,ETH,1247.1148
2024-01-03T23:37:57,ETH,1246.5758
2024-01-03T23:37:58,ETH,1248.071
2024-01-03T23:37:59,ETH,1248.6288
2024-01-03T23:38:00,ETH,1248.7131
2024-01-03T23:38:01,ETH,1249.8417
2024-01-03T23:38:02,ETH,1249.9609
2024-01-03T23:38:03,ETH,1250.2612
2024-01-03T23:38:04,ETH,1250.0186
2024-01-03T23:38:05,ETH,1249.7264
2024-01-03T23:38:06,ETH,1250.0506
2024-01-03T23:38:07,ETH,1249.9136
2024-01-03T23:38:08,ETH,1250.3491
2024-01-03T23:38:09,ETH,1249.5246
2024-01-03T23:38:10,ETH,1249.9695
2024-01-03T23:38:11,ETH,1249.7551
2024-01-03T23:38:12,ETH,1249.7264
2024-01-03T23:38:13,ETH,1248.8315
2024-01-03T23:38:14,ETH,1248.6172
2024-01-03T23:38:15,ETH,1249.6843
2024-01-03T23:38:16,ETH,1248.5683
2024-01-03T23:38:17,ETH,1247.403
2024-01-03T23:38:18,ETH,1247.0517
2024-01-03T23:38:19,ETH,1247.4081
2024-01-03T23:38:20,ETH,1247.2875
2024-01-03T23:38:21,ETH,1247.5526
2024-01-03T23:38:22,ETH,1247.9183
2024-01-03T23:38:23,ETH,1248.0365
2024-01-03T23:38:24,ETH,1247.7194
2024-01-03T23:38:25,ETH,1247.6445
2024-01-03T23:38:26,ETH,1247.659
2024-01-03T23:38:27,ETH,1248.3478
2024-01-03T23:38:28,ETH,1248.0973
2024-01-03T23:38:29,ETH,1247.8749
2024-01-03T23:38:30,ETH,1247.9359
2024-01-03T23:38:31,ETH,1247.4593
2024-01-03T23:38:32,ETH,1248.9775
2024-01-03T23:38:33,ETH,1248.1835
2024-01-03T23:38:34,ETH,1247.8931
2024-01-03T23:38:35,ETH,1248.3222
2024-01-03T23:38:36,ETH,1248.0656
2024-01-03T23:38:37,ETH,1247.0144
2024-01-03T23:38:38,ETH,1247.4019
2024-01-03T23:38:39,ETH,1247.8322
2024-01-03T23:38:40,ETH,1247.8618
2024-01-03T23:38:41,ETH,1248.8088
2024-01-03T23:38:42,ETH,1249.1287
2024-01-03T23:38:43,ETH,1248.6337
2024-01-03T23:38:44,ETH,1248.2743
2024-01-03T23:38:45,ETH,1247.0961
2024-01-03T23:38:46,ETH,1246.9693
2024-01-03T23:38:47,ETH,1247.2937
2024-01-03T23:38:48,ETH,1248.1069
2024-01-03T23:38:49,ETH,1247.9189
2024-01-03T23:38:50,ETH,1247.1917
2024-01-03T23:38:51,ETH,1247.7748
2024-01-03T23:38:52,ETH,1247.8594
2024-01-03T23:38:53,ETH,1248.1107
2024-01-03T23:38:54,ETH,1247.6258
2024-01-03T23:38:55,ETH,1247.8447
2024-01-03T23:38:56,ETH,1248.1211
2024-01-03T23:38:57,ETH,1249.1232
2024-01-03T23:38:58,ETH,1249.2473
2024-01-03T23:38:59,ETH,1249.1696
2024-01-03T23:39:00,ETH,1249.724
2024-01-04T02:04:00,ETH,1249.7053
2024-01-04T02:04:01,ETH,1249.2934
2024-01-04T02:04:02,ETH,1249.4621
2024-01-04T02:04:03,ETH,1249.4448
2024-01-04T02:04:04,ETH,1250.4171
2024-01-04T02:04:05,ETH,1249.9485
2024-01-04T02:04:06,ETH,1250.4135
2024-01-04T02:04:07,ETH,1249.6644
2024-01-04T02:04:08,ETH,1249.0888
2024-01-04T02:04:09,ETH,1249.6586
2024-01-04T02:04:10,ETH,1250.1583
2024-01-04T02:04:11,ETH,1250.2192
2024-01-04T02:04:12,ETH,1250.9945
2024-01-04T02:04:13,ETH,1251.6827
2024-01-04T02:04:14,ETH,1252.062
2024-01-04T02:04:15,ETH,1252.9241
2024-01-04T02:04:16,ETH,1252.7943
2024-01-04T02:04:17,ETH,1251.9012
2024-01-04T02:04:18,ETH,1251.6036
2024-01-04T02:04:19,ETH,1252.501
2024-01-04T02:04:20,ETH,1251.6982
2024-01-04T02:04:21,ETH,1251.8378
2024-01-04T02:04:22,ETH,1251.8646
2024-01-04T02:04:23,ETH,1253.2611
2024-01-04T02:04:24,ETH,1254.2939
2024-01-04T02:04:25,ETH,1254.0455
2024-01-04T02:04:26,ETH,1254.0477
2024-01-04T02:04:27,ETH,1254.1487
2024-01-04T02:04:28,ETH,1254.651
2024-01-04T02:04:29,ETH,1254.5108
2024-01-04T02:04:30,ETH,1255.088
2024-01-04T02:04:31,ETH,1254.2958
2024-01-04T02:04:32,ETH,1253.9776
2024-01-04T02:04:33,ETH,1254.6183
2024-01-04T02:04:34,ETH,1253.3158
2024-01-04T02:04:35,ETH,1251.9675
2024-01-04T02:04:36,ETH,1252.5086
2024-01-04T02:04:37,ETH,1252.795
2024-01-04T02:04:38,ETH,1253.0276
2024-01-04T02:04:39,ETH,1253.509
2024-01-04T02:04:40,ETH,1253.2125
2024-01-04T02:04:41,ETH,1253.1711
2024-01-04T02:04:42,ETH,1254.1473
2024-01-04T02:04:43,ETH,1254.7805
2024-01-04T02:04:44,ETH,1255.8061
2024-01-04T02:04:45,ETH,1255.4281
2024-01-04T02:04:46,ETH,1255.9287
2024-01-04T02:04:47,ETH,1257.2596
2024-01-04T02:04:48,ETH,1256.8981
2024-01-04T02:04:49,ETH,1256.9331
2024-01-04T02:04:50,ETH,1257.6775
2024-01-04T02:04:51,ETH,1257.679
2024-01-04T02:04:52,ETH,1258.1276
2024-01-04T02:04:53,ETH,1257.8228
2024-01-04T02:04:54,ETH,1258.1804
2024-01-04T02:04:55,ETH,1257.5694
2024-01-04T02:04:56,ETH,1256.4763
2024-01-04T02:04:57,ETH,1257.162
2024-01-04T02:04:58,ETH,1256.7128
2024-01-04T02:04:59,ETH,1256.5562
2024-01-04T02:05:00,ETH,1257.3867
2024-01-04T02:05:01,ETH,1257.5922
2024-01-04T02:05:02,ETH,1257.2964
2024-01-04T02:05:03,ETH,1258.3412
2024-01-04T02:05:04,ETH,1258.3756
2024-01-04T02:05:05,ETH,1258.6321
2024-01-04T02:05:06,ETH,1258.9189
2024-01-04T02:05:07,ETH,1258.7488
2024-01-04T02:05:08,ETH,1258.8493
2024-01-04T02:05:09,ETH,1259.3376
2024-01-04T02:05:10,ETH,1259.2596
2024-01-04T02:05:11,ETH,1260.0534
2024-01-04T02:05:12,ETH,1260.6876
2024-01-04T02:05:13,ETH,1261.3441
2024-01-04T02:05:14,ETH,1261.7666
2024-01-04T02:05:15,ETH,1261.7123
2024-01-04T02:05:16,ETH,1261.7336
2024-01-04T02:05:17,ETH,1263.116
2024-01-04T02:05:18,ETH,1263.6967
2024-01-04T02:05:19,ETH,1264.0041
2024-01-04T02:05:20,ETH,1264.6598
2024-01-04T02:05:21,ETH,1265.056
2024-01-04T02:05:22,ETH,1264.7075
2024-01-04T02:05:23,ETH,1264.8498
2024-01-04T02:05:24,ETH,1264.9881
2024-01-04T02:05:25,ETH,1264.7941
2024-01-04T02:05:26,ETH,1265.978
2024-01-04T02:05:27,ETH,1264.9885
2024-01-04T02:05:28,ETH,1265.5767
2024-01-04T02:05:29,ETH,1265.094
2024-01-04T02:05:30,ETH,1265.4954
2024-01-04T02:05:31,ETH,1265.9261
2024-01-04T02:05:32,ETH,1265.9494
2024-01-04T02:05:33,ETH,1266.6829
2024-01-04T02:05:34,ETH,1266.3717
2024-01-04T02:05:35,ETH,1266.0979
2024-01-04T02:05:36,ETH,1265.7401
2024-01-04T02:05:37,ETH,1266.1285
2024-01-04T02:05:38,ETH,1265.8105
2024-01-04T02:05:39,ETH,1266.3276
2024-01-04T02:05:40,ETH,1266.4815
2024-01-04T02:05:41,ETH,1266.8919
2024-01-04T02:05:42,ETH,1267.6683
2024-01-04T02:05:43,ETH,1268.4724
2024-01-04T02:05:44,ETH,1268.0624
2024-01-04T02:05:45,ETH,1268.7099
2024-01-04T02:05:46,ETH,1268.3298
2024-01-04T02:05:47,ETH,1268.4529
2024-01-04T02:05:48,ETH,1268.6584
2024-01-04T02:05:49,ETH,1267.9576
2024-01-04T02:05:50,ETH,1267.8758
2024-01-04T02:05:51,ETH,1267.5434
2024-01-04T02:05:52,ETH,1268.2612
2024-01-04T02:05:53,ETH,1267.895
2024-01-04T02:05:54,ETH,1268.3544
2024-01-04T02:05:55,ETH,1267.5719
2024-01-04T02:05:56,ETH,1267.6658
2024-01-04T02:05:57,ETH,1267.9733
2024-01-04T02:05:58,ETH,1267.4283
2024-01-04T02:05:59,ETH,1267.5626
2024-01-04T02:06:00,ETH,1267.2095
2024-01-04T02:06:01,ETH,1267.9378
2024-01-04T02:06:02,ETH,1268.7655
2024-01-04T02:06:03,ETH,1270.1693
2024-01-04T02:06:04,ETH,1270.2129
2024-01-04T02:06:05,ETH,1270.6069
2024-01-04T02:06:06,ETH,1270.6488
2024-01-04T02:06:07,ETH,1270.8369
2024-01-04T02:06:08,ETH,1271.4653
2024-01-04T02:06:09,ETH,1271.545
2024-01-04T02:06:10,ETH,1272.7811
2024-01-04T02:06:11,ETH,1273.4124
2024-01-04T02:06:12,ETH,1273.4944
2024-01-04T02:06:13,ETH,1274.8141
2024-01-04T02:06:14,ETH,1274.5976
2024-01-04T02:06:15,ETH,1275.2117
2024-01-04T02:06:16,ETH,1275.1222
2024-01-04T02:06:17,ETH,1275.234
2024-01-04T02:06:18,ETH,1275.6343
2024-01-04T02:06:19,ETH,1277.3196
2024-01-04T02:06:20,ETH,1277.308
2024-01-04T02:06:21,ETH,1278.0564
2024-01-04T02:06:22,ETH,1277.8017
2024-01-04T02:06:23,ETH,1278.2484
2024-01-04T02:06:24,ETH,1279.0297
2024-01-04T02:06:25,ETH,1279.623
2024-01-04T02:06:26,ETH,1279.5408
2024-01-04T02:06:27,ETH,1278.6428
2024-01-04T02:06:28,ETH,1277.3966
2024-01-04T02:06:29,ETH,1278.7472
2024-01-04T02:06:30,ETH,1278.7475
2024-01-04T02:06:31,ETH,1279.3175
2024-01-04T02:06:32,ETH,1278.3255
2024-01-04T02:06:33,ETH,1277.9577
2024-01-04T02:06:34,ETH,1278.7674
2024-01-04T02:06:35,ETH,1278.6176
2024-01-04T02:06:36,ETH,1279.1521
2024-01-04T02:06:37,ETH,1279.0351
2024-01-04T02:06:38,ETH,1278.979
2024-01-04T02:06:39,ETH,1278.8619
2024-01-04T02:06:40,ETH,1279.3592
2024-01-04T02:06:41,ETH,1280.4722
2024-01-04T02:06:42,ETH,1280.6753
2024-01-04T02:06:43,ETH,1279.9997
2024-01-04T02:06:44,ETH,1279.7687
2024-01-04T02:06:45,ETH,1280.4466
2024-01-04T02:06:46,ETH,1280.4915
2024-01-04T02:06:47,ETH,1280.4215
2024-01-04T02:06:48,ETH,1279.5982
2024-01-04T02:06:49,ETH,1278.5752
2024-01-04T02:06:50,ETH,1278.0344
2024-01-04T02:06:51,ETH,1278.4553
2024-01-04T02:06:52,ETH,1278.9764
2024-01-04T02:06:53,ETH,1278.7631
2024-01-04T02:06:54,ETH,1278.8923
2024-01-04T02:06:55,ETH,1278.4507
2024-01-04T02:06:56,ETH,1279.4108
2024-01-04T02:06:57,ETH,1278.9107
2024-01-04T02:06:58,ETH,1279.4293
2024-01-04T02:06:59,ETH,1279.2743
2024-01-04T02:07:00,ETH,1279.9353
2024-01-04T02:07:01,ETH,1280.6611
2024-01-04T02:07:02,ETH,1280.1299
2024-01-04T02:07:03,ETH,1279.1291
2024-01-04T02:07:04,ETH,1278.8968
2024-01-04T02:07:05,ETH,1279.5311
2024-01-04T02:07:06,ETH,1279.366
2024-01-04T02:07:07,ETH,1279.7171
2024-01-04T02:07:08,ETH,1279.406
2024-01-04T02:07:09,ETH,1278.5032
2024-01-04T02:07:10,ETH,1278.0855
2024-01-04T02:07:11,ETH,1278.6316
2024-01-04T02:07:12,ETH,1279.4609
2024-01-04T02:07:13,ETH,1279.5384
2024-01-04T02:07:14,ETH,1279.5028
2024-01-04T02:07:15,ETH,1279.4449
2024-01-04T02:07:16,ETH,1279.3506
2024-01-04T02:07:17,ETH,1280.544
2024-01-04T02:07:18,ETH,1280.8915
2024-01-04T02:07:19,ETH,1281.9533
2024-01-04T02:07:20,ETH,1281.8511
2024-01-04T02:07:21,ETH,1282.3711
2024-01-04T02:07:22,ETH,1282.3915
2024-01-04T02:07:23,ETH,1282.9163
2024-01-04T02:07:24,ETH,1283.9587
2024-01-04T02:07:25,ETH,1284.6242
2024-01-04T02:07:26,ETH,1283.6954
2024-01-04T02:07:27,ETH,1283.3759
2024-01-04T02:07:28,ETH,1283.2692
2024-01-04T02:07:29,ETH,1283.5146
2024-01-04T02:07:30,ETH,1282.3927
2024-01-04T02:07:31,ETH,1283.818
2024-01-04T02:07:32,ETH,1283.4568
2024-01-04T02:07:33,ETH,1282.8403
2024-01-04T02:07:34,ETH,1284.1268
2024-01-04T02:07:35,ETH,1284.4343
2024-01-04T02:07:36,ETH,1284.0939
2024-01-04T02:07:37,ETH,1284.6398
2024-01-04T02:07:38,ETH,1285.1809
2024-01-04T02:07:39,ETH,1285.2975
2024-01-04T02:07:40,ETH,1285.8784
2024-01-04T02:07:41,ETH,1286.5622
2024-01-04T02:07:42,ETH,1287.8867
2024-01-04T02:07:43,ETH,1287.9254
2024-01-04T02:07:44,ETH,1288.7752
2024-01-04T02:07:45,ETH,1289.3001
2024-01-04T02:07:46,ETH,1289.3828
2024-01-04T02:07:47,ETH,1290.0206
2024-01-04T02:07:48,ETH,1290.7378
2024-01-04T02:07:49,ETH,1291.1552
2024-01-04T02:07:50,ETH,1291.7076
2024-01-04T02:07:51,ETH,1292.7144
2024-01-04T02:07:52,ETH,1293.9667
2024-01-04T02:07:53,ETH,1292.2555
2024-01-04T02:07:54,ETH,1292.8393
2024-01-04T02:07:55,ETH,1293.0926
2024-01-04T02:07:56,ETH,1293.8664
2024-01-04T02:07:57,ETH,1293.4202
2024-01-04T02:07:58,ETH,1293.7777
2024-01-04T02:07:59,ETH,1294.554
2024-01-04T02:08:00,ETH,1295.6148
2024-01-04T02:08:01,ETH,1296.2266
2024-01-04T02:08:02,ETH,1295.2853
2024-01-04T02:08:03,ETH,1295.6965
2024-01-04T02:08:04,ETH,1296.3152
2024-01-04T02:08:05,ETH,1295.5615
2024-01-04T02:08:06,ETH,1295.434
2024-01-04T02:08:07,ETH,1295.943
2024-01-04T02:08:08,ETH,1297.3105
2024-01-04T02:08:09,ETH,1298.7573
2024-01-04T02:08:10,ETH,1299.3301
2024-01-04T02:08:11,ETH,1299.4184
2024-01-04T02:08:12,ETH,1298.7992
2024-01-04T02:08:13,ETH,1298.287
2024-01-04T02:08:14,ETH,1298.8579
2024-01-04T02:08:15,ETH,1298.8256
2024-01-04T02:08:16,ETH,1298.4968
2024-01-04T02:08:17,ETH,1298.7981
2024-01-04T02:08:18,ETH,1299.3535
2024-01-04T02:08:19,ETH,1299.1546
2024-01-04T02:08:20,ETH,1299.1604
2024-01-04T02:08:21,ETH,1299.2917
2024-01-04T02:08:22,ETH,1299.0449
2024-01-04T02:08:23,ETH,1298.631
2024-01-04T02:08:24,ETH,1300.2084
2024-01-04T02:08:25,ETH,1299.8201
2024-01-04T02:08:26,ETH,1299.403
2024-01-04T02:08:27,ETH,1298.9578
2024-01-04T02:08:28,ETH,1299.3667
2024-01-04T02:08:29,ETH,1299.9121
2024-01-04T02:08:30,ETH,1300.7925
2024-01-04T02:08:31,ETH,1300.872
2024-01-04T02:08:32,ETH,1301.0075
2024-01-04T02:08:33,ETH,1300.5112
2024-01-04T02:08:34,ETH,1300.1569
2024-01-04T02:08:35,ETH,1301.3452
2024-01-04T02:08:36,ETH,1301.3764
2024-01-04T02:08:37,ETH,1301.4375
2024-01-04T02:08:38,ETH,1301.9335
2024-01-04T02:08:39,ETH,1302.9891
2024-01-04T02:08:40,ETH,1303.6095
2024-01-04T02:08:41,ETH,1303.1902
2024-01-04T02:08:42,ETH,1304.0335
2024-01-04T02:08:43,ETH,1303.517
2024-01-04T02:08:44,ETH,1303.9495
2024-01-04T02:08:45,ETH,1304.1048
2024-01-04T02:08:46,ETH,1303.7482
2024-01-04T02:08:47,ETH,1303.0626
2024-01-04T02:08:48,ETH,1302.8225
2024-01-04T02:08:49,ETH,1303.8324
2024-01-04T02:08:50,ETH,1303.2631
2024-01-04T02:08:51,ETH,1303.3588
2024-01-04T02:08:52,ETH,1303.8251
2024-01-04T02:08:53,ETH,1303.7776
2024-01-04T02:08:54,ETH,1303.7194
2024-01-04T02:08:55,ETH,1302.8187
2024-01-04T02:08:56,ETH,1303.1518
2024-01-04T02:08:57,ETH,1304.402
2024-01-04T02:08:58,ETH,1305.7536
2024-01-04T02:08:59,ETH,1305.4254
2024-01-04T02:09:00,ETH,1306.1098
2024-01-04T02:09:01,ETH,1306.9911
2024-01-04T02:09:02,ETH,1307.3955
2024-01-04T02:09:03,ETH,1308.3499
2024-01-04T02:09:04,ETH,1308.5725
2024-01-04T02:09:05,ETH,1309.2238
2024-01-04T02:09:06,ETH,1309.5971
2024-01-04T02:09:07,ETH,1309.7317
2024-01-04T02:09:08,ETH,1309.7103
2024-01-04T02:09:09,ETH,1309.5978
2024-01-04T02:09:10,ETH,1309.0865
2024-01-04T02:09:11,ETH,1308.8516
2024-01-04T02:09:12,ETH,1308.4691
2024-01-04T02:09:13,ETH,1308.4225
2024-01-04T02:09:14,ETH,1309.3369
2024-01-04T02:09:15,ETH,1309.101
2024-01-04T02:09:16,ETH,1309.8828
2024-01-04T02:09:17,ETH,1310.1505
2024-01-04T02:09:18,ETH,1310.0043
2024-01-04T02:09:19,ETH,1311.0912
2024-01-04T02:09:20,ETH,1312.147
2024-01-04T02:09:21,ETH,1310.7833
2024-01-04T02:09:22,ETH,1310.8255
2024-01-04T02:09:23,ETH,1310.9096
2024-01-04T02:09:24,ETH,1310.1606
2024-01-04T02:09:25,ETH,1310.2598
2024-01-04T02:09:26,ETH,1311.2097
2024-01-04T02:09:27,ETH,1312.2403
2024-01-04T02:09:28,ETH,1311.8758
2024-01-04T02:09:29,ETH,1312.9044
2024-01-04T02:09:30,ETH,1313.0967
2024-01-04T02:09:31,ETH,1313.7899
2024-01-04T02:09:32,ETH,1313.8276
2024-01-04T02:09:33,ETH,1313.6441
2024-01-04T02:09:34,ETH,1313.3947
2024-01-04T02:09:35,ETH,1313.3294
2024-01-04T02:09:36,ETH,1313.3885
2024-01-04T02:09:37,ETH,1312.7527
2024-01-04T02:09:38,ETH,1313.6004
2024-01-04T02:09:39,ETH,1314.106
2024-01-04T02:09:40,ETH,1313.5314
2024-01-04T02:09:41,ETH,1314.6027
2024-01-04T02:09:42,ETH,1313.7954
2024-01-04T02:09:43,ETH,1315.4165
2024-01-04T02:09:44,ETH,1314.8782
2024-01-04T02:09:45,ETH,1315.0257
2024-01-04T02:09:46,ETH,1314.3339
2024-01-04T02:09:47,ETH,1314.58
2024-01-04T02:09:48,ETH,1315.5195
2024-01-04T02:09:49,ETH,1316.2027
2024-01-04T02:09:50,ETH,1317.5171
2024-01-04T02:09:51,ETH,1317.3591
2024-01-04T02:09:52,ETH,1316.6089
2024-01-04T02:09:53,ETH,1316.7292
2024-01-04T02:09:54,ETH,1316.944
2024-01-04T02:09:55,ETH,1316.8494
2024-01-04T02:09:56,ETH,1317.8409
2024-01-04T02:09:57,ETH,1317.6366
2024-01-04T02:09:58,ETH,1317.8414
2024-01-04T02:09:59,ETH,1318.3826
2024-01-04T02:10:00,ETH,1318.8917
2024-01-04T02:51:00,ETH,1319.2331
2024-01-04T02:51:01,ETH,1320.5011
2024-01-04T02:51:02,ETH,1320.7066
2024-01-04T02:51:03,ETH,1321.2329
2024-01-04T02:51:04,ETH,1322.3709
2024-01-04T02:51:05,ETH,1322.6989
2024-01-04T02:51:06,ETH,1324.0517
2024-01-04T02:51:07,ETH,1324.1009
2024-01-04T02:51:08,ETH,1323.8636
2024-01-04T02:51:09,ETH,1324.5358
2024-01-04T02:51:10,ETH,1324.7983
2024-01-04T02:51:11,ETH,1326.0473
2024-01-04T02:51:12,ETH,1326.1381
2024-01-04T02:51:13,ETH,1326.0833
2024-01-04T02:51:14,ETH,1327.062
2024-01-04T02:51:15,ETH,1328.4367
2024-01-04T02:51:16,ETH,1327.6508
2024-01-04T02:51:17,ETH,1329.179
2024-01-04T02:51:18,ETH,1329.2374
2024-01-04T02:51:19,ETH,1329.1193
2024-01-04T02:51:20,ETH,1330.5109
2024-01-04T02:51:21,ETH,1331.2958
2024-01-04T02:51:22,ETH,1332.016
2024-01-04T02:51:23,ETH,1332.0558
2024-01-04T02:51:24,ETH,1332.8069
2024-01-04T02:51:25,ETH,1332.8307
2024-01-04T02:51:26,ETH,1332.8289
2024-01-04T02:51:27,ETH,1332.8626
2024-01-04T02:51:28,ETH,1332.8912
2024-01-04T02:51:29,ETH,1333.0856
2024-01-04T02:51:30,ETH,1332.903
2024-01-04T02:51:31,ETH,1334.358
2024-01-04T02:51:32,ETH,1334.4077
2024-01-04T02:51:33,ETH,1335.309
2024-01-04T02:51:34,ETH,1335.9551
2024-01-04T02:51:35,ETH,1336.0649
2024-01-04T02:51:36,ETH,1336.6001
2024-01-04T02:51:37,ETH,1336.2906
2024-01-04T02:51:38,ETH,1336.4745
2024-01-04T02:51:39,ETH,1336.5004
2024-01-04T02:51:40,ETH,1336.3033
2024-01-04T02:51:41,ETH,1335.8541
2024-01-04T02:51:42,ETH,1335.8004
2024-01-04T02:51:43,ETH,1336.4528
2024-01-04T02:51:44,ETH,1337.4497
2024-01-04T02:51:45,ETH,1338.1553
2024-01-04T02:51:46,ETH,1339.1469
2024-01-04T02:51:47,ETH,1340.2457
2024-01-04T02:51:48,ETH,1339.8733
2024-01-04T02:51:49,ETH,1340.1125
2024-01-04T02:51:50,ETH,1340.5808
2024-01-04T02:51:51,ETH,1341.092
2024-01-04T02:51:52,ETH,1340.9908
2024-01-04T02:51:53,ETH,1341.8671
2024-01-04T02:51:54,ETH,1341.9817
2024-01-04T02:51:55,ETH,1342.7398
2024-01-04T02:51:56,ETH,1341.8427
2024-01-04T02:51:57,ETH,1341.2892
2024-01-04T02:51:58,ETH,1343.0272
2024-01-04T02:51:59,ETH,1341.6329
2024-01-04T02:52:00,ETH,1341.2896
2024-01-04T02:52:01,ETH,1341.5751
2024-01-04T02:52:02,ETH,1342.5549
2024-01-04T02:52:03,ETH,1341.7134
2024-01-04T02:52:04,ETH,1342.3629
2024-01-04T02:52:05,ETH,1341.736
2024-01-04T02:52:06,ETH,1341.2192
2024-01-04T02:52:07,ETH,1341.0167
2024-01-04T02:52:08,ETH,1341.2655
2024-01-04T02:52:09,ETH,1341.7212
2024-01-04T02:52:10,ETH,1341.4249
2024-01-04T02:52:11,ETH,1342.0082
2024-01-04T02:52:12,ETH,1342.8496
2024-01-04T02:52:13,ETH,1344.4193
2024-01-04T02:52:14,ETH,1344.9869
2024-01-04T02:52:15,ETH,1345.1967
2024-01-04T02:52:16,ETH,1345.2984
2024-01-04T02:52:17,ETH,1345.478
2024-01-04T02:52:18,ETH,1345.5198
2024-01-04T02:52:19,ETH,1346.2947
2024-01-04T02:52:20,ETH,1346.5862
2024-01-04T02:52:21,ETH,1346.3376
2024-01-04T02:52:22,ETH,1347.8413
2024-01-04T02:52:23,ETH,1348.1925
2024-01-04T02:52:24,ETH,1347.94
2024-01-04T02:52:25,ETH,1348.1209
2024-01-04T02:52:26,ETH,1348.7058
2024-01-04T02:52:27,ETH,1348.1765
2024-01-04T02:52:28,ETH,1349.0145
2024-01-04T02:52:29,ETH,1348.7179
2024-01-04T02:52:30,ETH,1348.6114
2024-01-04T02:52:31,ETH,1348.3631
2024-01-04T02:52:32,ETH,1348.9151
2024-01-04T02:52:33,ETH,1348.3271
2024-01-04T02:52:34,ETH,1347.9805
2024-01-04T02:52:35,ETH,1346.8087
2024-01-04T02:52:36,ETH,1347.404
2024-01-04T02:52:37,ETH,1347.8797
2024-01-04T02:52:38,ETH,1346.968
2024-01-04T02:52:39,ETH,1347.5056
2024-01-04T02:52:40,ETH,1347.911
2024-01-04T02:52:41,ETH,1348.2248
2024-01-04T02:52:42,ETH,1348.6262
2024-01-04T02:52:43,ETH,1348.664
2024-01-04T02:52:44,ETH,1348.4356
2024-01-04T02:52:45,ETH,1348.4572
2024-01-04T02:52:46,ETH,1349.3116
2024-01-04T02:52:47,ETH,1349.4043
2024-01-04T02:52:48,ETH,1349.8082
2024-01-04T02:52:49,ETH,1350.6615
2024-01-04T02:52:50,ETH,1350.6505
2024-01-04T02:52:51,ETH,1351.5557
2024-01-04T02:52:52,ETH,1351.8465
2024-01-04T02:52:53,ETH,1350.766
2024-01-04T02:52:54,ETH,1351.2565
2024-01-04T02:52:55,ETH,1351.061
2024-01-04T02:52:56,ETH,1352.8338
2024-01-04T02:52:57,ETH,1353.2501
2024-01-04T02:52:58,ETH,1353.526
2024-01-04T02:52:59,ETH,1353.4453
2024-01-04T02:53:00,ETH,1355.0806
2024-01-04T02:53:01,ETH,1355.8871
2024-01-04T02:53:02,ETH,1356.2383
2024-01-04T02:53:03,ETH,1356.9151
2024-01-04T02:53:04,ETH,1356.8307
2024-01-04T02:53:05,ETH,1357.2042
2024-01-04T02:53:06,ETH,1357.2306
2024-01-04T02:53:07,ETH,1357.9972
2024-01-04T02:53:08,ETH,1358.1448
2024-01-04T02:53:09,ETH,1358.9022
2024-01-04T02:53:10,ETH,1359.3032
2024-01-04T02:53:11,ETH,1358.8856
2024-01-04T02:53:12,ETH,1359.0556
2024-01-04T02:53:13,ETH,1360.1206
2024-01-04T02:53:14,ETH,1360.6892
2024-01-04T02:53:15,ETH,1361.5073
2024-01-04T02:53:16,ETH,1360.7648
2024-01-04T02:53:17,ETH,1360.9239
2024-01-04T02:53:18,ETH,1362.7637
2024-01-04T02:53:19,ETH,1363.886
2024-01-04T02:53:20,ETH,1364.6655
2024-01-04T02:53:21,ETH,1365.0156
2024-01-04T02:53:22,ETH,1366.013
2024-01-04T02:53:23,ETH,1366.4025
2024-01-04T02:53:24,ETH,1367.3248
2024-01-04T02:53:25,ETH,1368.3728
2024-01-04T02:53:26,ETH,1369.0198
2024-01-04T02:53:27,ETH,1370.6103
2024-01-04T02:53:28,ETH,1370.5723
2024-01-04T02:53:29,ETH,1371.8693
2024-01-04T02:53:30,ETH,1372.7061
2024-01-04T02:53:31,ETH,1373.0166
2024-01-04T02:53:32,ETH,1372.6792
2024-01-04T02:53:33,ETH,1373.1075
2024-01-04T02:53:34,ETH,1373.7184
2024-01-04T02:53:35,ETH,1372.9902
2024-01-04T02:53:36,ETH,1373.6214
2024-01-04T02:53:37,ETH,1373.3627
2024-01-04T02:53:38,ETH,1373.2441
2024-01-04T02:53:39,ETH,1373.769
2024-01-04T02:53:40,ETH,1374.3148
2024-01-04T02:53:41,ETH,1373.8604
2024-01-04T02:53:42,ETH,1375.3303
2024-01-04T02:53:43,ETH,1375.0085
2024-01-04T02:53:44,ETH,1374.7718
2024-01-04T02:53:45,ETH,1373.8231
2024-01-04T02:53:46,ETH,1373.1302
2024-01-04T02:53:47,ETH,1373.8902
2024-01-04T02:53:48,ETH,1374.1733
2024-01-04T02:53:49,ETH,1373.9291
2024-01-04T02:53:50,ETH,1373.8458
2024-01-04T02:53:51,ETH,1373.1707
2024-01-04T02:53:52,ETH,1372.3953
2024-01-04T02:53:53,ETH,1372.3967
2024-01-04T02:53:54,ETH,1373.0334
2024-01-04T02:53:55,ETH,1374.1313
2024-01-04T02:53:56,ETH,1374.3366
2024-01-04T02:53:57,ETH,1374.5286
2024-01-04T02:53:58,ETH,1375.1344
2024-01-04T02:53:59,ETH,1374.1826
2024-01-04T02:54:00,ETH,1373.6112
2024-01-04T02:54:01,ETH,1373.8084
2024-01-04T02:54:02,ETH,1374.3335
2024-01-04T02:54:03,ETH,1373.8063
2024-01-04T02:54:04,ETH,1374.0951
2024-01-04T02:54:05,ETH,1373.4751
2024-01-04T02:54:06,ETH,1373.0126
2024-01-04T02:54:07,ETH,1373.3303
2024-01-04T02:54:08,ETH,1374.3187
2024-01-04T02:54:09,ETH,1375.7302
2024-01-04T02:54:10,ETH,1376.0598
2024-01-04T02:54:11,ETH,1376.9449
2024-01-04T02:54:12,ETH,1377.6517
2024-01-04T02:54:13,ETH,1378.4504
2024-01-04T02:54:14,ETH,1379.1611
2024-01-04T02:54:15,ETH,1379.156
2024-01-04T02:54:16,ETH,1380.0012
2024-01-04T02:54:17,ETH,1380.0158
2024-01-04T02:54:18,ETH,1378.8251
2024-01-04T02:54:19,ETH,1378.9921
2024-01-04T02:54:20,ETH,1380.0845
2024-01-04T02:54:21,ETH,1379.9319
2024-01-04T02:54:22,ETH,1380.594
2024-01-04T02:54:23,ETH,1381.247
2024-01-04T02:54:24,ETH,1382.6459
2024-01-04T02:54:25,ETH,1383.1678
2024-01-04T02:54:26,ETH,1382.2375
2024-01-04T02:54:27,ETH,1381.6981
2024-01-04T02:54:28,ETH,1381.5815
2024-01-04T02:54:29,ETH,1382.262
2024-01-04T02:54:30,ETH,1382.6802
2024-01-04T02:54:31,ETH,1382.2769
2024-01-04T02:54:32,ETH,1382.4391
2024-01-04T02:54:33,ETH,1383.0836
2024-01-04T02:54:34,ETH,1383.364
2024-01-04T02:54:35,ETH,1382.9693
2024-01-04T02:54:36,ETH,1382.6871
2024-01-04T02:54:37,ETH,1383.1254
2024-01-04T02:54:38,ETH,1382.6269
2024-01-04T02:54:39,ETH,1382.5423
2024-01-04T02:54:40,ETH,1382.1867
2024-01-04T02:54:41,ETH,1382.1099
2024-01-04T02:54:42,ETH,1381.8397
2024-01-04T02:54:43,ETH,1382.2726
2024-01-04T02:54:44,ETH,1383.0003
2024-01-04T02:54:45,ETH,1383.8359
2024-01-04T02:54:46,ETH,1383.6618
2024-01-04T02:54:47,ETH,1385.713
2024-01-04T02:54:48,ETH,1386.4766
2024-01-04T02:54:49,ETH,1387.0216
2024-01-04T02:54:50,ETH,1386.4742
2024-01-04T02:54:51,ETH,1386.8713
2024-01-04T02:54:52,ETH,1385.89
2024-01-04T02:54:53,ETH,1386.3896
2024-01-04T02:54:54,ETH,1386.7624
2024-01-04T02:54:55,ETH,1388.0055
2024-01-04T02:54:56,ETH,1389.3126
2024-01-04T02:54:57,ETH,1388.4467
2024-01-04T02:54:58,ETH,1388.781
2024-01-04T02:54:59,ETH,1389.3439
2024-01-04T02:55:00,ETH,1390.6384
2024-01-04T02:55:01,ETH,1391.476
2024-01-04T02:55:02,ETH,1391.5854
2024-01-04T02:55:03,ETH,1392.2383
2024-01-04T02:55:04,ETH,1392.1632
2024-01-04T02:55:05,ETH,1391.7516
2024-01-04T02:55:06,ETH,1392.3728
2024-01-04T02:55:07,ETH,1392.4995
2024-01-04T02:55:08,ETH,1391.5619
2024-01-04T02:55:09,ETH,1391.6075
2024-01-04T02:55:10,ETH,1392.3525
2024-01-04T02:55:11,ETH,1393.2328
2024-01-04T02:55:12,ETH,1394.1062
2024-01-04T02:55:13,ETH,1394.3093
2024-01-04T02:55:14,ETH,1395.6611
2024-01-04T02:55:15,ETH,1395.8135
2024-01-04T02:55:16,ETH,1396.6143
2024-01-04T02:55:17,ETH,1397.0941
2024-01-04T02:55:18,ETH,1397.6319
2024-01-04T02:55:19,ETH,1397.6488
2024-01-04T02:55:20,ETH,1396.2297
2024-01-04T02:55:21,ETH,1396.7938
2024-01-04T02:55:22,ETH,1398.0116
2024-01-04T02:55:23,ETH,1398.746
2024-01-04T02:55:24,ETH,1398.5842
2024-01-04T02:55:25,ETH,1398.6343
2024-01-04T02:55:26,ETH,1398.716
2024-01-04T02:55:27,ETH,1398.8149
2024-01-04T02:55:28,ETH,1400.1201
2024-01-04T02:55:29,ETH,1400.464
2024-01-04T02:55:30,ETH,1402.171
2024-01-04T02:55:31,ETH,1402.6853
2024-01-04T02:55:32,ETH,1402.5852
2024-01-04T02:55:33,ETH,1403.7486
2024-01-04T02:55:34,ETH,1405.1426
2024-01-04T02:55:35,ETH,1406.1695
2024-01-04T02:55:36,ETH,1405.8411
2024-01-04T02:55:37,ETH,1406.4494
2024-01-04T02:55:38,ETH,1407.7291
2024-01-04T02:55:39,ETH,1409.4768
2024-01-04T02:55:40,ETH,1409.1437
2024-01-04T02:55:41,ETH,1409.7423
2024-01-04T02:55:42,ETH,1410.0464
2024-01-04T02:55:43,ETH,1409.4882
2024-01-04T02:55:44,ETH,1409.4694
2024-01-04T02:55:45,ETH,1409.8465
2024-01-04T02:55:46,ETH,1411.1327
2024-01-04T02:55:47,ETH,1409.8769
2024-01-04T02:55:48,ETH,1409.7061
2024-01-04T02:55:49,ETH,1410.9611
2024-01-04T02:55:50,ETH,1411.015
2024-01-04T02:55:51,ETH,1409.7203
2024-01-04T02:55:52,ETH,1410.3083
2024-01-04T02:55:53,ETH,1410.4912
2024-01-04T02:55:54,ETH,1410.6735
2024-01-04T02:55:55,ETH,1410.7858
2024-01-04T02:55:56,ETH,1412.0436
2024-01-04T02:55:57,ETH,1412.9434
2024-01-04T02:55:58,ETH,1412.9235
2024-01-04T02:55:59,ETH,1412.7663
2024-01-04T02:56:00,ETH,1413.3398
2024-01-04T02:56:01,ETH,1413.8591
2024-01-04T02:56:02,ETH,1414.616
2024-01-04T02:56:03,ETH,1416.122
2024-01-04T02:56:04,ETH,1415.7179
2024-01-04T02:56:05,ETH,1414.631
2024-01-04T02:56:06,ETH,1415.7468
2024-01-04T02:56:07,ETH,1416.1789
2024-01-04T02:56:08,ETH,1416.9996
2024-01-04T02:56:09,ETH,1417.7174
2024-01-04T02:56:10,ETH,1417.8524
2024-01-04T02:56:11,ETH,1419.3081
2024-01-04T02:56:12,ETH,1419.5545
2024-01-04T02:56:13,ETH,1421.6133
2024-01-04T02:56:14,ETH,1422.1181
2024-01-04T02:56:15,ETH,1423.9584
2024-01-04T02:56:16,ETH,1423.9508
2024-01-04T02:56:17,ETH,1424.4887
2024-01-04T02:56:18,ETH,1426.143
2024-01-04T02:56:19,ETH,1425.2682
2024-01-04T02:56:20,ETH,1424.0709
2024-01-04T02:56:21,ETH,1424.9403
2024-01-04T02:56:22,ETH,1424.8305
2024-01-04T02:56:23,ETH,1425.1561
2024-01-04T02:56:24,ETH,1425.103
2024-01-04T02:56:25,ETH,1425.3996
2024-01-04T02:56:26,ETH,1425.831
2024-01-04T02:56:27,ETH,1425.1006
2024-01-04T02:56:28,ETH,1424.8865
2024-01-04T02:56:29,ETH,1425.5057
2024-01-04T02:56:30,ETH,1426.4472
2024-01-04T02:56:31,ETH,1426.4945
2024-01-04T02:56:32,ETH,1426.6361
2024-01-04T02:56:33,ETH,1425.4647
2024-01-04T02:56:34,ETH,1425.5429
2024-01-04T02:56:35,ETH,1424.0466
2024-01-04T02:56:36,ETH,1423.9215
2024-01-04T02:56:37,ETH,1423.9053
2024-01-04T02:56:38,ETH,1424.6358
2024-01-04T02:56:39,ETH,1425.7397
2024-01-04T02:56:40,ETH,1426.793
2024-01-04T02:56:41,ETH,1426.5703
2024-01-04T02:56:42,ETH,1426.0277
2024-01-04T02:56:43,ETH,1426.6603
2024-01-04T02:56:44,ETH,1426.4332
2024-01-04T02:56:45,ETH,1427.2271
2024-01-04T02:56:46,ETH,1428.5285
2024-01-04T02:56:47,ETH,1429.3766
2024-01-04T02:56:48,ETH,1429.2109
2024-01-04T02:56:49,ETH,1429.0623
2024-01-04T02:56:50,ETH,1428.4908
2024-01-04T02:56:51,ETH,1429.324
2024-01-04T02:56:52,ETH,1428.4486
2024-01-04T02:56:53,ETH,1428.5426
2024-01-04T02:56:54,ETH,1427.9583
2024-01-04T02:56:55,ETH,1428.4052
2024-01-04T02:56:56,ETH,1428.5204
2024-01-04T02:56:57,ETH,1429.3548
2024-01-04T02:56:58,ETH,1429.9463
2024-01-04T02:56:59,ETH,1429.7798
2024-01-04T02:57:00,ETH,1429.9319
2024-01-04T03:04:00,ETH,1429.4539
2024-01-04T03:04:01,ETH,1430.3408
2024-01-04T03:04:02,ETH,1430.3814
2024-01-04T03:04:03,ETH,1430.692
2024-01-04T03:04:04,ETH,1431.5732
2024-01-04T03:04:05,ETH,1431.5087
2024-01-04T03:04:06,ETH,1431.0633
2024-01-04T03:04:07,ETH,1430.6639
2024-01-04T03:04:08,ETH,1430.719
2024-01-04T03:04:09,ETH,1429.988
2024-01-04T03:04:10,ETH,1429.9685
2024-01-04T03:04:11,ETH,1429.0742
2024-01-04T03:04:12,ETH,1428.2979
2024-01-04T03:04:13,ETH,1427.2983
2024-01-04T03:04:14,ETH,1427.0306
2024-01-04T03:04:15,ETH,1428.2292
2024-01-04T03:04:16,ETH,1428.6654
2024-01-04T03:04:17,ETH,1427.056
2024-01-04T03:04:18,ETH,1426.8237
2024-01-04T03:04:19,ETH,1427.2852
2024-01-04T03:04:20,ETH,1426.4209
2024-01-04T03:04:21,ETH,1427.5437
2024-01-04T03:04:22,ETH,1426.858
2024-01-04T03:04:23,ETH,1427.2613
2024-01-04T03:04:24,ETH,1427.51
2024-01-04T03:04:25,ETH,1427.281
2024-01-04T03:04:26,ETH,1427.7995
2024-01-04T03:04:27,ETH,1428.8521
2024-01-04T03:04:28,ETH,1429.03
2024-01-04T03:04:29,ETH,1429.4408
2024-01-04T03:04:30,ETH,1427.8409
2024-01-04T03:04:31,ETH,1427.5778
2024-01-04T03:04:32,ETH,1427.6053
2024-01-04T03:04:33,ETH,1428.53
2024-01-04T03:04:34,ETH,1428.1083
2024-01-04T03:04:35,ETH,1428.9054
2024-01-04T03:04:36,ETH,1429.7196
2024-01-04T03:04:37,ETH,1429.1159
2024-01-04T03:04:38,ETH,1428.7592
2024-01-04T03:04:39,ETH,1429.9158
2024-01-04T03:04:40,ETH,1431.6681
2024-01-04T03:04:41,ETH,1432.0657
2024-01-04T03:04:42,ETH,1432.2673
2024-01-04T03:04:43,ETH,1433.2939
2024-01-04T03:04:44,ETH,1434.3356
2024-01-04T03:04:45,ETH,1434.281
2024-01-04T03:04:46,ETH,1434.6773
2024-01-04T03:04:47,ETH,1435.7066
2024-01-04T03:04:48,ETH,1435.7162
2024-01-04T03:04:49,ETH,1434.2538
2024-01-04T03:04:50,ETH,1434.4081
2024-01-04T03:04:51,ETH,1434.0696
2024-01-04T03:04:52,ETH,1434.5704
2024-01-04T03:04:53,ETH,1435.3722
2024-01-04T03:04:54,ETH,1434.5823
2024-01-04T03:04:55,ETH,1435.6726
2024-01-04T03:04:56,ETH,1436.1019
2024-01-04T03:04:57,ETH,1436.377
2024-01-04T03:04:58,ETH,1435.3778
2024-01-04T03:04:59,ETH,1434.0248
2024-01-04T03:05:00,ETH,1434.4007
2024-01-04T03:05:01,ETH,1434.5946
2024-01-04T03:05:02,ETH,1433.297
2024-01-04T03:05:03,ETH,1433.1097
2024-01-04T03:05:04,ETH,1431.7458
2024-01-04T03:05:05,ETH,1432.0321
2024-01-04T03:05:06,ETH,1432.2238
2024-01-04T03:05:07,ETH,1431.5152
2024-01-04T03:05:08,ETH,1431.3571
2024-01-04T03:05:09,ETH,1432.0843
2024-01-04T03:05:10,ETH,1432.4046
2024-01-04T03:05:11,ETH,1432.5699
2024-01-04T03:05:12,ETH,1433.5019
2024-01-04T03:05:13,ETH,1433.8146
2024-01-04T03:05:14,ETH,1433.1984
2024-01-04T03:05:15,ETH,1433.425
2024-01-04T03:05:16,ETH,1433.3975
2024-01-04T03:05:17,ETH,1434.8193
2024-01-04T03:05:18,ETH,1434.6829
2024-01-04T03:05:19,ETH,1435.1447
2024-01-04T03:05:20,ETH,1435.8593
2024-01-04T03:05:21,ETH,1435.2039
2024-01-04T03:05:22,ETH,1435.5126
2024-01-04T03:05:23,ETH,1434.7577
2024-01-04T03:05:24,ETH,1434.9541
2024-01-04T03:05:25,ETH,1435.2923
2024-01-04T03:05:26,ETH,1435.8325
2024-01-04T03:05:27,ETH,1436.8892
2024-01-04T03:05:28,ETH,1436.7975
2024-01-04T03:05:29,ETH,1437.3647
2024-01-04T03:05:30,ETH,1437.7927
2024-01-04T03:05:31,ETH,1437.7342
2024-01-04T03:05:32,ETH,1436.912
2024-01-04T03:05:33,ETH,1437.8084
2024-01-04T03:05:34,ETH,1437.3624
2024-01-04T03:05:35,ETH,1436.9882
2024-01-04T03:05:36,ETH,1436.5811
2024-01-04T03:05:37,ETH,1435.7265
2024-01-04T03:05:38,ETH,1436.2537
2024-01-04T03:05:39,ETH,1434.9587
2024-01-04T03:05:40,ETH,1433.3947
2024-01-04T03:05:41,ETH,1434.4928
2024-01-04T03:05:42,ETH,1434.3763
2024-01-04T03:05:43,ETH,1434.3329
2024-01-04T03:05:44,ETH,1433.7718
2024-01-04T03:05:45,ETH,1433.1603
2024-01-04T03:05:46,ETH,1433.2333
2024-01-04T03:05:47,ETH,1433.8071
2024-01-04T03:05:48,ETH,1432.8202
2024-01-04T03:05:49,ETH,1434.3888
2024-01-04T03:05:50,ETH,1433.7617
2024-01-04T03:05:51,ETH,1433.0891
2024-01-04T03:05:52,ETH,1433.5017
2024-01-04T03:05:53,ETH,1433.9336
2024-01-04T03:05:54,ETH,1434.4149
2024-01-04T03:05:55,ETH,1434.8829
2024-01-04T03:05:56,ETH,1433.58
2024-01-04T03:05:57,ETH,1433.5804
2024-01-04T03:05:58,ETH,1433.549
2024-01-04T03:05:59,ETH,1432.5715
2024-01-04T03:06:00,ETH,1433.6799
2024-01-04T03:06:01,ETH,1433.7676
2024-01-04T03:06:02,ETH,1434.4261
2024-01-04T03:06:03,ETH,1434.0217
2024-01-04T03:06:04,ETH,1434.5022
2024-01-04T03:06:05,ETH,1434.6076
2024-01-04T03:06:06,ETH,1433.8346
2024-01-04T03:06:07,ETH,1434.3858
2024-01-04T03:06:08,ETH,1434.9359
2024-01-04T03:06:09,ETH,1435.2021
2024-01-04T03:06:10,ETH,1435.2512
2024-01-04T03:06:11,ETH,1436.5466
2024-01-04T03:06:12,ETH,1435.8588
2024-01-04T03:06:13,ETH,1434.9435
2024-01-04T03:06:14,ETH,1434.684
2024-01-04T03:06:15,ETH,1434.2001
2024-01-04T03:06:16,ETH,1435.0286
2024-01-04T03:06:17,ETH,1434.6746
2024-01-04T03:06:18,ETH,1434.8442
2024-01-04T03:06:19,ETH,1434.877
2024-01-04T03:06:20,ETH,1436.1983
2024-01-04T03:06:21,ETH,1435.5627
2024-01-04T03:06:22,ETH,1435.8088
2024-01-04T03:06:23,ETH,1435.3369
2024-01-04T03:06:24,ETH,1433.2825
2024-01-04T03:06:25,ETH,1434.0784
2024-01-04T03:06:26,ETH,1433.0406
2024-01-04T03:06:27,ETH,1433.5816
2024-01-04T03:06:28,ETH,1432.736
2024-01-04T03:06:29,ETH,1433.2502
2024-01-04T03:06:30,ETH,1432.9971
2024-01-04T03:06:31,ETH,1431.7538
2024-01-04T03:06:32,ETH,1431.4303
2024-01-04T03:06:33,ETH,1430.9336
2024-01-04T03:06:34,ETH,1430.5708
2024-01-04T03:06:35,ETH,1430.4662
2024-01-04T03:06:36,ETH,1431.2944
2024-01-04T03:06:37,ETH,1431.4571
2024-01-04T03:06:38,ETH,1431.7593
2024-01-04T03:06:39,ETH,1431.3562
2024-01-04T03:06:40,ETH,1430.3196
2024-01-04T03:06:41,ETH,1430.1603
2024-01-04T03:06:42,ETH,1430.9123
2024-01-04T03:06:43,ETH,1430.6916
2024-01-04T03:06:44,ETH,1429.7811
2024-01-04T03:06:45,ETH,1429.8279
2024-01-04T03:06:46,ETH,1430.7181
2024-01-04T03:06:47,ETH,1430.2516
2024-01-04T03:06:48,ETH,1430.1363
2024-01-04T03:06:49,ETH,1429.9996
2024-01-04T03:06:50,ETH,1429.7775
2024-01-04T03:06:51,ETH,1431.5618
2024-01-04T03:06:52,ETH,1431.5795
2024-01-04T03:06:53,ETH,1430.6255
2024-01-04T03:06:54,ETH,1430.4068
2024-01-04T03:06:55,ETH,1430.7297
2024-01-04T03:06:56,ETH,1431.9583
2024-01-04T03:06:57,ETH,1432.7094
2024-01-04T03:06:58,ETH,1433.4905
2024-01-04T03:06:59,ETH,1432.8571
2024-01-04T03:07:00,ETH,1433.915
2024-01-04T03:07:01,ETH,1432.6348
2024-01-04T03:07:02,ETH,1432.57
2024-01-04T03:07:03,ETH,1431.2211
2024-01-04T03:07:04,ETH,1430.7359
2024-01-04T03:07:05,ETH,1429.8361
2024-01-04T03:07:06,ETH,1429.8858
2024-01-04T03:07:07,ETH,1430.5989
2024-01-04T03:07:08,ETH,1430.091
2024-01-04T03:07:09,ETH,1430.2575
2024-01-04T03:07:10,ETH,1431.2504
2024-01-04T03:07:11,ETH,1430.6377
2024-01-04T03:07:12,ETH,1431.0775
2024-01-04T03:07:13,ETH,1431.0904
2024-01-04T03:07:14,ETH,1431.0758
2024-01-04T03:07:15,ETH,1430.7151
2024-01-04T03:07:16,ETH,1430.6658
2024-01-04T03:07:17,ETH,1430.268
2024-01-04T03:07:18,ETH,1431.3348
2024-01-04T03:07:19,ETH,1431.2835
2024-01-04T03:07:20,ETH,1431.6988
2024-01-04T03:07:21,ETH,1431.0088
2024-01-04T03:07:22,ETH,1431.8744
2024-01-04T03:07:23,ETH,1431.327
2024-01-04T03:07:24,ETH,1431.6683
2024-01-04T03:07:25,ETH,1432.2182
2024-01-04T03:07:26,ETH,1433.1624
2024-01-04T03:07:27,ETH,1434.0677
2024-01-04T03:07:28,ETH,1433.3205
2024-01-04T03:07:29,ETH,1433.2558
2024-01-04T03:07:30,ETH,1432.8392
2024-01-04T03:07:31,ETH,1432.6865
2024-01-04T03:07:32,ETH,1432.3534
2024-01-04T03:07:33,ETH,1431.4871
2024-01-04T03:07:34,ETH,1431.7207
2024-01-04T03:07:35,ETH,1431.2745
2024-01-04T03:07:36,ETH,1431.3694
2024-01-04T03:07:37,ETH,1431.6401
2024-01-04T03:07:38,ETH,1431.4146
2024-01-04T03:07:39,ETH,1431.4058
2024-01-04T03:07:40,ETH,1431.341
2024-01-04T03:07:41,ETH,1430.5801
2024-01-04T03:07:42,ETH,1431.1642
2024-01-04T03:07:43,ETH,1430.146
2024-01-04T03:07:44,ETH,1429.0841
2024-01-04T03:07:45,ETH,1429.7145
2024-01-04T03:07:46,ETH,1429.6702
2024-01-04T03:07:47,ETH,1429.0437
2024-01-04T03:07:48,ETH,1429.0359
2024-01-04T03:07:49,ETH,1428.6834
2024-01-04T03:07:50,ETH,1429.9837
2024-01-04T03:07:51,ETH,1429.9716
2024-01-04T03:07:52,ETH,1430.1665
2024-01-04T03:07:53,ETH,1429.9369
2024-01-04T03:07:54,ETH,1430.0898
2024-01-04T03:07:55,ETH,1430.6278
2024-01-04T03:07:56,ETH,1429.6509
2024-01-04T03:07:57,ETH,1430.2636
2024-01-04T03:07:58,ETH,1429.789
2024-01-04T03:07:59,ETH,1428.1
2024-01-04T03:08:00,ETH,1428.0284
2024-01-04T03:08:01,ETH,1427.1825
2024-01-04T03:08:02,ETH,1427.1441
2024-01-04T03:08:03,ETH,1427.4905
2024-01-04T03:08:04,ETH,1427.3303
2024-01-04T03:08:05,ETH,1427.4829
2024-01-04T03:08:06,ETH,1427.8427
2024-01-04T03:08:07,ETH,1427.374
2024-01-04T03:08:08,ETH,1427.5298
2024-01-04T03:08:09,ETH,1427.636
2024-01-04T03:08:10,ETH,1426.467
2024-01-04T03:08:11,ETH,1425.3459
2024-01-04T03:08:12,ETH,1426.2972
2024-01-04T03:08:13,ETH,1426.2369
2024-01-04T03:08:14,ETH,1426.3982
2024-01-04T03:08:15,ETH,1425.8441
2024-01-04T03:08:16,ETH,1425.2601
2024-01-04T03:08:17,ETH,1425.7832
2024-01-04T03:08:18,ETH,1425.7407
2024-01-04T03:08:19,ETH,1427.1085
2024-01-04T03:08:20,ETH,1428.4454
2024-01-04T03:08:21,ETH,1428.6592
2024-01-04T03:08:22,ETH,1429.4974
2024-01-04T03:08:23,ETH,1428.7054
2024-01-04T03:08:24,ETH,1428.2706
2024-01-04T03:08:25,ETH,1427.3634
2024-01-04T03:08:26,ETH,1427.1164
2024-01-04T03:08:27,ETH,1427.934
2024-01-04T03:08:28,ETH,1426.6346
2024-01-04T03:08:29,ETH,1426.5324
2024-01-04T03:08:30,ETH,1425.1603
2024-01-04T03:08:31,ETH,1424.9411
2024-01-04T03:08:32,ETH,1424.1493
2024-01-04T03:08:33,ETH,1423.3809
2024-01-04T03:08:34,ETH,1423.7157
2024-01-04T03:08:35,ETH,1423.9334
2024-01-04T03:08:36,ETH,1422.8568
2024-01-04T03:08:37,ETH,1422.1382
2024-01-04T03:08:38,ETH,1421.8143
2024-01-04T03:08:39,ETH,1422.8938
2024-01-04T03:08:40,ETH,1423.1311
2024-01-04T03:08:41,ETH,1422.1832
2024-01-04T03:08:42,ETH,1421.3197
2024-01-04T03:08:43,ETH,1421.5721
2024-01-04T03:08:44,ETH,1421.1153
2024-01-04T03:08:45,ETH,1422.205
2024-01-04T03:08:46,ETH,1423.0706
2024-01-04T03:08:47,ETH,1423.8591
2024-01-04T03:08:48,ETH,1424.6581
2024-01-04T03:08:49,ETH,1423.6824
2024-01-04T03:08:50,ETH,1422.3423
2024-01-04T03:08:51,ETH,1423.1017
2024-01-04T03:08:52,ETH,1424.2984
2024-01-04T03:08:53,ETH,1424.5689
2024-01-04T03:08:54,ETH,1425.4218
2024-01-04T03:08:55,ETH,1426.5494
2024-01-04T03:08:56,ETH,1426.7251
2024-01-04T03:08:57,ETH,1427.0359
2024-01-04T03:08:58,ETH,1428.1301
2024-01-04T03:08:59,ETH,1428.6858
2024-01-04T03:09:00,ETH,1427.8421
2024-01-04T03:09:01,ETH,1427.8984
2024-01-04T03:09:02,ETH,1428.3399
2024-01-04T03:09:03,ETH,1428.9723
2024-01-04T03:09:04,ETH,1428.695
2024-01-04T03:09:05,ETH,1427.2201
2024-01-04T03:09:06,ETH,1426.1674
2024-01-04T03:09:07,ETH,1427.8864
2024-01-04T03:09:08,ETH,1428.7502
2024-01-04T03:09:09,ETH,1429.0403
2024-01-04T03:09:10,ETH,1428.657
2024-01-04T03:09:11,ETH,1429.6296
2024-01-04T03:09:12,ETH,1429.901
2024-01-04T03:09:13,ETH,1430.7444
2024-01-04T03:09:14,ETH,1430.8419
2024-01-04T03:09:15,ETH,1431.6816
2024-01-04T03:09:16,ETH,1432.1312
2024-01-04T03:09:17,ETH,1431.2703
2024-01-04T03:09:18,ETH,1430.6244
2024-01-04T03:09:19,ETH,1430.3402
2024-01-04T03:09:20,ETH,1431.5595
2024-01-04T03:09:21,ETH,1431.8822
2024-01-04T03:09:22,ETH,1432.2717
2024-01-04T03:09:23,ETH,1432.6052
2024-01-04T03:09:24,ETH,1431.9594
2024-01-04T03:09:25,ETH,1432.3122
2024-01-04T03:09:26,ETH,1432.2758
2024-01-04T03:09:27,ETH,1432.0654
2024-01-04T03:09:28,ETH,1431.4393
2024-01-04T03:09:29,ETH,1431.3523
2024-01-04T03:09:30,ETH,1431.8685
2024-01-04T03:09:31,ETH,1431.2092
2024-01-04T03:09:32,ETH,1430.5375
2024-01-04T03:09:33,ETH,1430.0068
2024-01-04T03:09:34,ETH,1429.4871
2024-01-04T03:09:35,ETH,1428.5588
2024-01-04T03:09:36,ETH,1429.8365
2024-01-04T03:09:37,ETH,1428.9164
2024-01-04T03:09:38,ETH,1428.4915
2024-01-04T03:09:39,ETH,1428.9349
2024-01-04T03:09:40,ETH,1429.9444
2024-01-04T03:09:41,ETH,1429.3866
2024-01-04T03:09:42,ETH,1428.3666
2024-01-04T03:09:43,ETH,1427.5982
2024-01-04T03:09:44,ETH,1428.419
2024-01-04T03:09:45,ETH,1429.6391
2024-01-04T03:09:46,ETH,1429.507
2024-01-04T03:09:47,ETH,1429.8084
2024-01-04T03:09:48,ETH,1431.1908
2024-01-04T03:09:49,ETH,1430.3645
2024-01-04T03:09:50,ETH,1430.9939
2024-01-04T03:09:51,ETH,1430.9433
2024-01-04T03:09:52,ETH,1431.3026
2024-01-04T03:09:53,ETH,1431.1693
2024-01-04T03:09:54,ETH,1430.3235
2024-01-04T03:09:55,ETH,1429.2161
2024-01-04T03:09:56,ETH,1428.6212
2024-01-04T03:09:57,ETH,1428.601
2024-01-04T03:09:58,ETH,1428.9807
2024-01-04T03:09:59,ETH,1429.9478
2024-01-04T03:10:00,ETH,1430.0284
2024-01-04T06:04:00,ETH,1429.9152
2024-01-04T06:04:01,ETH,1429.7448
2024-01-04T06:04:02,ETH,1430.5518
2024-01-04T06:04:03,ETH,1429.8467
2024-01-04T06:04:04,ETH,1429.7456
2024-01-04T06:04:05,ETH,1429.4208
2024-01-04T06:04:06,ETH,1429.4779
2024-01-04T06:04:07,ETH,1429.022
2024-01-04T06:04:08,ETH,1429.058
2024-01-04T06:04:09,ETH,1429.0982
2024-01-04T06:04:10,ETH,1428.0841
2024-01-04T06:04:11,ETH,1428.7313
2024-01-04T06:04:12,ETH,1428.0317
2024-01-04T06:04:13,ETH,1427.463
2024-01-04T06:04:14,ETH,1426.7896
2024-01-04T06:04:15,ETH,1425.5957
2024-01-04T06:04:16,ETH,1424.8213
2024-01-04T06:04:17,ETH,1426.1881
2024-01-04T06:04:18,ETH,1425.6525
2024-01-04T06:04:19,ETH,1425.7019
2024-01-04T06:04:20,ETH,1425.2667
2024-01-04T06:04:21,ETH,1424.1835
2024-01-04T06:04:22,ETH,1425.8183
2024-01-04T06:04:23,ETH,1426.9072
2024-01-04T06:04:24,ETH,1427.1932
2024-01-04T06:04:25,ETH,1427.7214
2024-01-04T06:04:26,ETH,1426.6069
2024-01-04T06:04:27,ETH,1426.1102
2024-01-04T06:04:28,ETH,1425.5354
2024-01-04T06:04:29,ETH,1426.2036
2024-01-04T06:04:30,ETH,1425.4021
2024-01-04T06:04:31,ETH,1424.6342
2024-01-04T06:04:32,ETH,1424.4606
2024-01-04T06:04:33,ETH,1424.495
2024-01-04T06:04:34,ETH,1425.1058
2024-01-04T06:04:35,ETH,1424.9921
2024-01-04T06:04:36,ETH,1424.3996
2024-01-04T06:04:37,ETH,1425.5666
2024-01-04T06:04:38,ETH,1424.5134
2024-01-04T06:04:39,ETH,1424.3148
2024-01-04T06:04:40,ETH,1424.7434
2024-01-04T06:04:41,ETH,1425.3421
2024-01-04T06:04:42,ETH,1425.6656
2024-01-04T06:04:43,ETH,1426.565
2024-01-04T06:04:44,ETH,1426.532
2024-01-04T06:04:45,ETH,1425.8211
2024-01-04T06:04:46,ETH,1426.0943
2024-01-04T06:04:47,ETH,1426.0166
2024-01-04T06:04:48,ETH,1427.1163
2024-01-04T06:04:49,ETH,1426.8889
2024-01-04T06:04:50,ETH,1426.3532
2024-01-04T06:04:51,ETH,1426.1212
2024-01-04T06:04:52,ETH,1425.2191
2024-01-04T06:04:53,ETH,1425.8479
2024-01-04T06:04:54,ETH,1427.0167
2024-01-04T06:04:55,ETH,1427.1786
2024-01-04T06:04:56,ETH,1427.7222
2024-01-04T06:04:57,ETH,1428.2306
2024-01-04T06:04:58,ETH,1428.7706
2024-01-04T06:04:59,ETH,1428.5835
2024-01-04T06:05:00,ETH,1428.2388
2024-01-04T06:05:01,ETH,1428.5899
2024-01-04T06:05:02,ETH,1427.8823
2024-01-04T06:05:03,ETH,1428.3342
2024-01-04T06:05:04,ETH,1428.3967
2024-01-04T06:05:05,ETH,1429.3797
2024-01-04T06:05:06,ETH,1429.3846
2024-01-04T06:05:07,ETH,1429.5025
2024-01-04T06:05:08,ETH,1430.6018
2024-01-04T06:05:09,ETH,1431.6549
2024-01-04T06:05:10,ETH,1432.2234
2024-01-04T06:05:11,ETH,1432.1109
2024-01-04T06:05:12,ETH,1432.0036
2024-01-04T06:05:13,ETH,1432.8603
2024-01-04T06:05:14,ETH,1433.4296
2024-01-04T06:05:15,ETH,1433.7776
2024-01-04T06:05:16,ETH,1432.9507
2024-01-04T06:05:17,ETH,1432.6896
2024-01-04T06:05:18,ETH,1433.1962
2024-01-04T06:05:19,ETH,1433.9942
2024-01-04T06:05:20,ETH,1433.0447
2024-01-04T06:05:21,ETH,1432.0762
2024-01-04T06:05:22,ETH,1431.9647
2024-01-04T06:05:23,ETH,1431.6074
2024-01-04T06:05:24,ETH,1433.0451
2024-01-04T06:05:25,ETH,1432.4219
2024-01-04T06:05:26,ETH,1431.3029
2024-01-04T06:05:27,ETH,1429.5536
2024-01-04T06:05:28,ETH,1429.0256
2024-01-04T06:05:29,ETH,1429.388
2024-01-04T06:05:30,ETH,1429.3469
2024-01-04T06:05:31,ETH,1429.303
2024-01-04T06:05:32,ETH,1429.1686
2024-01-04T06:05:33,ETH,1429.4146
2024-01-04T06:05:34,ETH,1429.6517
2024-01-04T06:05:35,ETH,1431.3529
2024-01-04T06:05:36,ETH,1431.8112
2024-01-04T06:05:37,ETH,1431.7947
2024-01-04T06:05:38,ETH,1429.9914
2024-01-04T06:05:39,ETH,1430.6893
2024-01-04T06:05:40,ETH,1430.266
2024-01-04T06:05:41,ETH,1429.7206
2024-01-04T06:05:42,ETH,1427.898
2024-01-04T06:05:43,ETH,1428.7607
2024-01-04T06:05:44,ETH,1428.9893
2024-01-04T06:05:45,ETH,1428.1661
2024-01-04T06:05:46,ETH,1428.3834
2024-01-04T06:05:47,ETH,1429.7739
2024-01-04T06:05:48,ETH,1429.9612
2024-01-04T06:05:49,ETH,1429.1064
2024-01-04T06:05:50,ETH,1429.2687
2024-01-04T06:05:51,ETH,1429.0961
2024-01-04T06:05:52,ETH,1428.9339
2024-01-04T06:05:53,ETH,1428.0646
2024-01-04T06:05:54,ETH,1428.8917
2024-01-04T06:05:55,ETH,1429.5889
2024-01-04T06:05:56,ETH,1429.2155
2024-01-04T06:05:57,ETH,1429.4992
2024-01-04T06:05:58,ETH,1429.9889
2024-01-04T06:05:59,ETH,1429.594
2024-01-04T06:06:00,ETH,1428.8477
2024-01-04T06:06:01,ETH,1428.6655
2024-01-04T06:06:02,ETH,1428.5517
2024-01-04T06:06:03,ETH,1427.2604
2024-01-04T06:06:04,ETH,1427.653
2024-01-04T06:06:05,ETH,1427.7581
2024-01-04T06:06:06,ETH,1427.5423
2024-01-04T06:06:07,ETH,1426.4033
2024-01-04T06:06:08,ETH,1426.6536
2024-01-04T06:06:09,ETH,1427.4197
2024-01-04T06:06:10,ETH,1426.7883
2024-01-04T06:06:11,ETH,1426.3952
2024-01-04T06:06:12,ETH,1426.834
2024-01-04T06:06:13,ETH,1426.5613
2024-01-04T06:06:14,ETH,1426.0669
2024-01-04T06:06:15,ETH,1425.952
2024-01-04T06:06:16,ETH,1425.5921
2024-01-04T06:06:17,ETH,1425.801
2024-01-04T06:06:18,ETH,1425.8185
2024-01-04T06:06:19,ETH,1426.8011
2024-01-04T06:06:20,ETH,1426.818
2024-01-04T06:06:21,ETH,1426.2291
2024-01-04T06:06:22,ETH,1425.2239
2024-01-04T06:06:23,ETH,1425.5456
2024-01-04T06:06:24,ETH,1425.5185
2024-01-04T06:06:25,ETH,1427.5618
2024-01-04T06:06:26,ETH,1427.8044
2024-01-04T06:06:27,ETH,1428.2771
2024-01-04T06:06:28,ETH,1428.3504
2024-01-04T06:06:29,ETH,1427.6571
2024-01-04T06:06:30,ETH,1427.9869
2024-01-04T06:06:31,ETH,1428.055
2024-01-04T06:06:32,ETH,1427.8183
2024-01-04T06:06:33,ETH,1427.9732
2024-01-04T06:06:34,ETH,1428.0105
2024-01-04T06:06:35,ETH,1428.3274
2024-01-04T06:06:36,ETH,1428.0838
2024-01-04T06:06:37,ETH,1428.3472
2024-01-04T06:06:38,ETH,1429.7129
2024-01-04T06:06:39,ETH,1429.1961
2024-01-04T06:06:40,ETH,1430.2181
2024-01-04T06:06:41,ETH,1431.3079
2024-01-04T06:06:42,ETH,1432.0944
2024-01-04T06:06:43,ETH,1432.2595
2024-01-04T06:06:44,ETH,1431.1895
2024-01-04T06:06:45,ETH,1431.8468
2024-01-04T06:06:46,ETH,1431.3537
2024-01-04T06:06:47,ETH,1431.1373
2024-01-04T06:06:48,ETH,1430.2705
2024-01-04T06:06:49,ETH,1429.3339
2024-01-04T06:06:50,ETH,1429.8689
2024-01-04T06:06:51,ETH,1430.3139
2024-01-04T06:06:52,ETH,1430.3098
2024-01-04T06:06:53,ETH,1431.0998
2024-01-04T06:06:54,ETH,1431.7914
2024-01-04T06:06:55,ETH,1430.857
2024-01-04T06:06:56,ETH,1429.692
2024-01-04T06:06:57,ETH,1427.7945
2024-01-04T06:06:58,ETH,1427.9128
2024-01-04T06:06:59,ETH,1428.4333
2024-01-04T06:07:00,ETH,1428.9741
2024-01-04T06:07:01,ETH,1429.5065
2024-01-04T06:07:02,ETH,1429.7364
2024-01-04T06:07:03,ETH,1429.045
2024-01-04T06:07:04,ETH,1429.8044
2024-01-04T06:07:05,ETH,1430.2792
2024-01-04T06:07:06,ETH,1430.368
2024-01-04T06:07:07,ETH,1429.4679
2024-01-04T06:07:08,ETH,1429.1247
2024-01-04T06:07:09,ETH,1428.5988
2024-01-04T06:07:10,ETH,1428.1807
2024-01-04T06:07:11,ETH,1429.1102
2024-01-04T06:07:12,ETH,1427.902
2024-01-04T06:07:13,ETH,1427.0316
2024-01-04T06:07:14,ETH,1426.338
2024-01-04T06:07:15,ETH,1426.5086
2024-01-04T06:07:16,ETH,1426.7162
2024-01-04T06:07:17,ETH,1427.0626
2024-01-04T06:07:18,ETH,1427.0558
2024-01-04T06:07:19,ETH,1427.8254
2024-01-04T06:07:20,ETH,1428.1933
2024-01-04T06:07:21,ETH,1429.1168
2024-01-04T06:07:22,ETH,1429.6916
2024-01-04T06:07:23,ETH,1429.6604
2024-01-04T06:07:24,ETH,1429.5029
2024-01-04T06:07:25,ETH,1430.2477
2024-01-04T06:07:26,ETH,1429.7024
2024-01-04T06:07:27,ETH,1430.1361
2024-01-04T06:07:28,ETH,1430.5558
2024-01-04T06:07:29,ETH,1428.9543
2024-01-04T06:07:30,ETH,1429.4388
2024-01-04T06:07:31,ETH,1429.188
2024-01-04T06:07:32,ETH,1428.7107
2024-01-04T06:07:33,ETH,1428.2208
2024-01-04T06:07:34,ETH,1428.7612
2024-01-04T06:07:35,ETH,1428.9687
2024-01-04T06:07:36,ETH,1428.9844
2024-01-04T06:07:37,ETH,1428.8224
2024-01-04T06:07:38,ETH,1428.8749
2024-01-04T06:07:39,ETH,1429.3049
2024-01-04T06:07:40,ETH,1429.3062
2024-01-04T06:07:41,ETH,1429.9935
2024-01-04T06:07:42,ETH,1429.4607
2024-01-04T06:07:43,ETH,1429.592
2024-01-04T06:07:44,ETH,1429.8065
2024-01-04T06:07:45,ETH,1429.4795
2024-01-04T06:07:46,ETH,1429.4045
2024-01-04T06:07:47,ETH,1429.3221
2024-01-04T06:07:48,ETH,1429.7685
2024-01-04T06:07:49,ETH,1429.6283
2024-01-04T06:07:50,ETH,1429.8791
2024-01-04T06:07:51,ETH,1430.6119
2024-01-04T06:07:52,ETH,1431.3482
2024-01-04T06:07:53,ETH,1431.362
2024-01-04T06:07:54,ETH,1430.6688
2024-01-04T06:07:55,ETH,1430.0789
2024-01-04T06:07:56,ETH,1430.4036
2024-01-04T06:07:57,ETH,1429.5138
2024-01-04T06:07:58,ETH,1429.5963
2024-01-04T06:07:59,ETH,1430.0661
2024-01-04T06:08:00,ETH,1429.4968
2024-01-04T06:08:01,ETH,1429.0974
2024-01-04T06:08:02,ETH,1429.3041
2024-01-04T06:08:03,ETH,1429.1081
2024-01-04T06:08:04,ETH,1429.3558
2024-01-04T06:08:05,ETH,1428.9148
2024-01-04T06:08:06,ETH,1429.6694
2024-01-04T06:08:07,ETH,1429.9944
2024-01-04T06:08:08,ETH,1431.0682
2024-01-04T06:08:09,ETH,1430.8164
2024-01-04T06:08:10,ETH,1430.3797
2024-01-04T06:08:11,ETH,1429.3887
2024-01-04T06:08:12,ETH,1428.5557
2024-01-04T06:08:13,ETH,1430.2157
2024-01-04T06:08:14,ETH,1429.8417
2024-01-04T06:08:15,ETH,1429.2036
2024-01-04T06:08:16,ETH,1428.4697
2024-01-04T06:08:17,ETH,1429.3159
2024-01-04T06:08:18,ETH,1429.3566
2024-01-04T06:08:19,ETH,1429.5236
2024-01-04T06:08:20,ETH,1429.4184
2024-01-04T06:08:21,ETH,1429.1689
2024-01-04T06:08:22,ETH,1429.198
2024-01-04T06:08:23,ETH,1427.837
2024-01-04T06:08:24,ETH,1428.544
2024-01-04T06:08:25,ETH,1429.5188
2024-01-04T06:08:26,ETH,1430.7191
2024-01-04T06:08:27,ETH,1430.6107
2024-01-04T06:08:28,ETH,1430.5169
2024-01-04T06:08:29,ETH,1430.5752
2024-01-04T06:08:30,ETH,1431.5479
2024-01-04T06:08:31,ETH,1431.1605
2024-01-04T06:08:32,ETH,1431.3555
2024-01-04T06:08:33,ETH,1431.7078
2024-01-04T06:08:34,ETH,1430.9892
2024-01-04T06:08:35,ETH,1432.5429
2024-01-04T06:08:36,ETH,1433.8962
2024-01-04T06:08:37,ETH,1433.6354
2024-01-04T06:08:38,ETH,1433.289
2024-01-04T06:08:39,ETH,1433.5898
2024-01-04T06:08:40,ETH,1433.3945
2024-01-04T06:08:41,ETH,1434.2095
2024-01-04T06:08:42,ETH,1433.5342
2024-01-04T06:08:43,ETH,1434.0411
2024-01-04T06:08:44,ETH,1434.3208
2024-01-04T06:08:45,ETH,1434.5261
2024-01-04T06:08:46,ETH,1434.1034
2024-01-04T06:08:47,ETH,1435.6569
2024-01-04T06:08:48,ETH,1435.243
2024-01-04T06:08:49,ETH,1436.5248
2024-01-04T06:08:50,ETH,1437.1243
2024-01-04T06:08:51,ETH,1437.2275
2024-01-04T06:08:52,ETH,1438.2626
2024-01-04T06:08:53,ETH,1437.7607
2024-01-04T06:08:54,ETH,1438.0495
2024-01-04T06:08:55,ETH,1437.8165
2024-01-04T06:08:56,ETH,1437.9379
2024-01-04T06:08:57,ETH,1437.638
2024-01-04T06:08:58,ETH,1437.3703
2024-01-04T06:08:59,ETH,1436.948
2024-01-04T06:09:00,ETH,1437.8951
2024-01-04T06:09:01,ETH,1437.9774
2024-01-04T06:09:02,ETH,1436.2176
2024-01-04T06:09:03,ETH,1435.9246
2024-01-04T06:09:04,ETH,1436.2461
2024-01-04T06:09:05,ETH,1434.7388
2024-01-04T06:09:06,ETH,1434.2209
2024-01-04T06:09:07,ETH,1434.2608
2024-01-04T06:09:08,ETH,1433.8754
2024-01-04T06:09:09,ETH,1434.7452
2024-01-04T06:09:10,ETH,1435.2373
2024-01-04T06:09:11,ETH,1435.4309
2024-01-04T06:09:12,ETH,1435.0812
2024-01-04T06:09:13,ETH,1435.6981
2024-01-04T06:09:14,ETH,1435.648
2024-01-04T06:09:15,ETH,1435.657
2024-01-04T06:09:16,ETH,1435.4328
2024-01-04T06:09:17,ETH,1435.38
2024-01-04T06:09:18,ETH,1434.4181
2024-01-04T06:09:19,ETH,1433.8752
2024-01-04T06:09:20,ETH,1433.5391
2024-01-04T06:09:21,ETH,1432.1864
2024-01-04T06:09:22,ETH,1432.2816
2024-01-04T06:09:23,ETH,1433.196
2024-01-04T06:09:24,ETH,1433.5994
2024-01-04T06:09:25,ETH,1433.3562
2024-01-04T06:09:26,ETH,1432.5523
2024-01-04T06:09:27,ETH,1431.6482
2024-01-04T06:09:28,ETH,1431.935
2024-01-04T06:09:29,ETH,1432.711
2024-01-04T06:09:30,ETH,1432.1151
2024-01-04T06:09:31,ETH,1431.6668
2024-01-04T06:09:32,ETH,1431.1083
2024-01-04T06:09:33,ETH,1431.3879
2024-01-04T06:09:34,ETH,1431.1578
2024-01-04T06:09:35,ETH,1431.7427
2024-01-04T06:09:36,ETH,1431.1816
2024-01-04T06:09:37,ETH,1430.2039
2024-01-04T06:09:38,ETH,1429.9479
2024-01-04T06:09:39,ETH,1430.474
2024-01-04T06:09:40,ETH,1430.5883
2024-01-04T06:09:41,ETH,1429.915
2024-01-04T06:09:42,ETH,1430.7375
2024-01-04T06:09:43,ETH,1430.2385
2024-01-04T06:09:44,ETH,1430.2139
2024-01-04T06:09:45,ETH,1430.1559
2024-01-04T06:09:46,ETH,1430.2745
2024-01-04T06:09:47,ETH,1429.9986
2024-01-04T06:09:48,ETH,1429.7907
2024-01-04T06:09:49,ETH,1429.0236
2024-01-04T06:09:50,ETH,1430.4429
2024-01-04T06:09:51,ETH,1430.8834
2024-01-04T06:09:52,ETH,1431.12
2024-01-04T06:09:53,ETH,1430.0866
2024-01-04T06:09:54,ETH,1430.0491
2024-01-04T06:09:55,ETH,1430.0056
2024-01-04T06:09:56,ETH,1429.6747
2024-01-04T06:09:57,ETH,1428.6852
2024-01-04T06:09:58,ETH,1428.043
2024-01-04T06:09:59,ETH,1427.4259
2024-01-04T06:10:00,ETH,1428.5132
2024-01-04T07:21:00,ETH,1428.2126
2024-01-04T07:21:01,ETH,1428.1385
2024-01-04T07:21:02,ETH,1428.0646
2024-01-04T07:21:03,ETH,1429.5478
2024-01-04T07:21:04,ETH,1429.7328
2024-01-04T07:21:05,ETH,1429.9263
2024-01-04T07:21:06,ETH,1429.1799
2024-01-04T07:21:07,ETH,1429.2017
2024-01-04T07:21:08,ETH,1430.0634
2024-01-04T07:21:09,ETH,1430.6778
2024-01-04T07:21:10,ETH,1429.7444
2024-01-04T07:21:11,ETH,1429.7394
2024-01-04T07:21:12,ETH,1430.2656
2024-01-04T07:21:13,ETH,1431.1283
2024-01-04T07:21:14,ETH,1432.2813
2024-01-04T07:21:15,ETH,1432.8823
2024-01-04T07:21:16,ETH,1432.9574
2024-01-04T07:21:17,ETH,1433.1822
2024-01-04T07:21:18,ETH,1433.8818
2024-01-04T07:21:19,ETH,1433.4803
2024-01-04T07:21:20,ETH,1434.0501
2024-01-04T07:21:21,ETH,1433.5008
2024-01-04T07:21:22,ETH,1433.9829
2024-01-04T07:21:23,ETH,1434.2425
2024-01-04T07:21:24,ETH,1434.1263
2024-01-04T07:21:25,ETH,1435.1587
2024-01-04T07:21:26,ETH,1436.1931
2024-01-04T07:21:27,ETH,1437.3835
2024-01-04T07:21:28,ETH,1438.0893
2024-01-04T07:21:29,ETH,1438.1444
2024-01-04T07:21:30,ETH,1438.3249
2024-01-04T07:21:31,ETH,1438.3553
2024-01-04T07:21:32,ETH,1438.4476
2024-01-04T07:21:33,ETH,1438.5185
2024-01-04T07:21:34,ETH,1438.3946
2024-01-04T07:21:35,ETH,1437.4796
2024-01-04T07:21:36,ETH,1439.0965
2024-01-04T07:21:37,ETH,1440.1919
2024-01-04T07:21:38,ETH,1440.059
2024-01-04T07:21:39,ETH,1441.6103
2024-01-04T07:21:40,ETH,1441.88
2024-01-04T07:21:41,ETH,1444.771
2024-01-04T07:21:42,ETH,1444.0414
2024-01-04T07:21:43,ETH,1443.8087
2024-01-04T07:21:44,ETH,1443.2917
2024-01-04T07:21:45,ETH,1444.5867
2024-01-04T07:21:46,ETH,1444.0087
2024-01-04T07:21:47,ETH,1445.4124
2024-01-04T07:21:48,ETH,1445.5606
2024-01-04T07:21:49,ETH,1444.7548
2024-01-04T07:21:50,ETH,1444.8309
2024-01-04T07:21:51,ETH,1445.4291
2024-01-04T07:21:52,ETH,1445.3961
2024-01-04T07:21:53,ETH,1445.8211
2024-01-04T07:21:54,ETH,1446.6913
2024-01-04T07:21:55,ETH,1448.0917
2024-01-04T07:21:56,ETH,1448.2609
2024-01-04T07:21:57,ETH,1448.6943
2024-01-04T07:21:58,ETH,1448.632
2024-01-04T07:21:59,ETH,1448.9749
2024-01-04T07:22:00,ETH,1448.5441
2024-01-04T07:22:01,ETH,1448.1381
2024-01-04T07:22:02,ETH,1448.8072
2024-01-04T07:22:03,ETH,1449.1611
2024-01-04T07:22:04,ETH,1449.0875
2024-01-04T07:22:05,ETH,1449.6998
2024-01-04T07:22:06,ETH,1449.7633
2024-01-04T07:22:07,ETH,1450.3986
2024-01-04T07:22:08,ETH,1449.1412
2024-01-04T07:22:09,ETH,1449.4074
2024-01-04T07:22:10,ETH,1450.202
2024-01-04T07:22:11,ETH,1450.6434
2024-01-04T07:22:12,ETH,1451.3164
2024-01-04T07:22:13,ETH,1450.8609
2024-01-04T07:22:14,ETH,1450.4228
2024-01-04T07:22:15,ETH,1451.2914
2024-01-04T07:22:16,ETH,1451.4429
2024-01-04T07:22:17,ETH,1452.1329
2024-01-04T07:22:18,ETH,1452.833
2024-01-04T07:22:19,ETH,1453.9778
2024-01-04T07:22:20,ETH,1453.7935
2024-01-04T07:22:21,ETH,1454.4614
2024-01-04T07:22:22,ETH,1454.0459
2024-01-04T07:22:23,ETH,1453.0401
2024-01-04T07:22:24,ETH,1453.5921
2024-01-04T07:22:25,ETH,1454.9473
2024-01-04T07:22:26,ETH,1454.5713
2024-01-04T07:22:27,ETH,1453.9788
2024-01-04T07:22:28,ETH,1453.7773
2024-01-04T07:22:29,ETH,1453.6293
2024-01-04T07:22:30,ETH,1454.6582
2024-01-04T07:22:31,ETH,1455.2219
2024-01-04T07:22:32,ETH,1454.4926
2024-01-04T07:22:33,ETH,1455.2657
2024-01-04T07:22:34,ETH,1455.0751
2024-01-04T07:22:35,ETH,1456.7765
2024-01-04T07:22:36,ETH,1456.7465
2024-01-04T07:22:37,ETH,1457.4209
2024-01-04T07:22:38,ETH,1455.7336
2024-01-04T07:22:39,ETH,1456.4591
2024-01-04T07:22:40,ETH,1456.7129
2024-01-04T07:22:41,ETH,1456.6775
2024-01-04T07:22:42,ETH,1457.1799
2024-01-04T07:22:43,ETH,1457.0685
2024-01-04T07:22:44,ETH,1457.8199
2024-01-04T07:22:45,ETH,1458.2778
2024-01-04T07:22:46,ETH,1458.1615
2024-01-04T07:22:47,ETH,1457.9848
2024-01-04T07:22:48,ETH,1457.4817
2024-01-04T07:22:49,ETH,1457.6413
2024-01-04T07:22:50,ETH,1458.7494
2024-01-04T07:22:51,ETH,1459.3607
2024-01-04T07:22:52,ETH,1459.8639
2024-01-04T07:22:53,ETH,1461.016
2024-01-04T07:22:54,ETH,1461.9651
2024-01-04T07:22:55,ETH,1461.6619
2024-01-04T07:22:56,ETH,1462.0058
2024-01-04T07:22:57,ETH,1462.8361
2024-01-04T07:22:58,ETH,1462.8316
2024-01-04T07:22:59,ETH,1464.1224
2024-01-04T07:23:00,ETH,1464.9886
2024-01-04T07:23:01,ETH,1464.465
2024-01-04T07:23:02,ETH,1465.1144
2024-01-04T07:23:03,ETH,1465.5222
2024-01-04T07:23:04,ETH,1465.893
2024-01-04T07:23:05,ETH,1466.1023
2024-01-04T07:23:06,ETH,1466.1159
2024-01-04T07:23:07,ETH,1467.0425
2024-01-04T07:23:08,ETH,1467.2967
2024-01-04T07:23:09,ETH,1467.6034
2024-01-04T07:23:10,ETH,1467.8105
2024-01-04T07:23:11,ETH,1468.8641
2024-01-04T07:23:12,ETH,1469.5648
2024-01-04T07:23:13,ETH,1469.2424
2024-01-04T07:23:14,ETH,1468.2443
2024-01-04T07:23:15,ETH,1469.4151
2024-01-04T07:23:16,ETH,1469.77
2024-01-04T07:23:17,ETH,1470.8762
2024-01-04T07:23:18,ETH,1470.5651
2024-01-04T07:23:19,ETH,1470.2275
2024-01-04T07:23:20,ETH,1471.528
2024-01-04T07:23:21,ETH,1470.2665
2024-01-04T07:23:22,ETH,1470.8511
2024-01-04T07:23:23,ETH,1471.2121
2024-01-04T07:23:24,ETH,1470.0784
2024-01-04T07:23:25,ETH,1470.0459
2024-01-04T07:23:26,ETH,1470.324
2024-01-04T07:23:27,ETH,1470.5254
2024-01-04T07:23:28,ETH,1471.639
2024-01-04T07:23:29,ETH,1471.8777
2024-01-04T07:23:30,ETH,1471.0615
2024-01-04T07:23:31,ETH,1472.1642
2024-01-04T07:23:32,ETH,1472.6792
2024-01-04T07:23:33,ETH,1472.4904
2024-01-04T07:23:34,ETH,1472.2209
2024-01-04T07:23:35,ETH,1472.9514
2024-01-04T07:23:36,ETH,1472.6834
2024-01-04T07:23:37,ETH,1473.2581
2024-01-04T07:23:38,ETH,1473.5758
2024-01-04T07:23:39,ETH,1473.8133
2024-01-04T07:23:40,ETH,1472.458
2024-01-04T07:23:41,ETH,1472.3192
2024-01-04T07:23:42,ETH,1471.7156
2024-01-04T07:23:43,ETH,1470.5968
2024-01-04T07:23:44,ETH,1470.9927
2024-01-04T07:23:45,ETH,1471.2073
2024-01-04T07:23:46,ETH,1471.9168
2024-01-04T07:23:47,ETH,1473.3497
2024-01-04T07:23:48,ETH,1473.5448
2024-01-04T07:23:49,ETH,1473.2094
2024-01-04T07:23:50,ETH,1472.9048
2024-01-04T07:23:51,ETH,1473.3874
2024-01-04T07:23:52,ETH,1473.9839
2024-01-04T07:23:53,ETH,1474.1146
2024-01-04T07:23:54,ETH,1472.7913
2024-01-04T07:23:55,ETH,1473.9446
2024-01-04T07:23:56,ETH,1474.2393
2024-01-04T07:23:57,ETH,1474.2756
2024-01-04T07:23:58,ETH,1475.9337
2024-01-04T07:23:59,ETH,1477.7371
2024-01-04T07:24:00,ETH,1477.2881
2024-01-04T07:24:01,ETH,1478.1827
2024-01-04T07:24:02,ETH,1478.5679
2024-01-04T07:24:03,ETH,1480.2162
2024-01-04T07:24:04,ETH,1480.5103
2024-01-04T07:24:05,ETH,1481.5885
2024-01-04T07:24:06,ETH,1481.8976
2024-01-04T07:24:07,ETH,1482.3216
2024-01-04T07:24:08,ETH,1482.1371
2024-01-04T07:24:09,ETH,1481.5893
2024-01-04T07:24:10,ETH,1481.347
2024-01-04T07:24:11,ETH,1482.0621
2024-01-04T07:24:12,ETH,1484.5205
2024-01-04T07:24:13,ETH,1485.0004
2024-01-04T07:24:14,ETH,1485.5011
2024-01-04T07:24:15,ETH,1485.9924
2024-01-04T07:24:16,ETH,1485.7244
2024-01-04T07:24:17,ETH,1485.9885
2024-01-04T07:24:18,ETH,1486.5691
2024-01-04T07:24:19,ETH,1486.6588
2024-01-04T07:24:20,ETH,1486.7979
2024-01-04T07:24:21,ETH,1486.1448
2024-01-04T07:24:22,ETH,1485.9115
2024-01-04T07:24:23,ETH,1486.8992
2024-01-04T07:24:24,ETH,1487.2975
2024-01-04T07:24:25,ETH,1488.5885
2024-01-04T07:24:26,ETH,1489.2659
2024-01-04T07:24:27,ETH,1489.0291
2024-01-04T07:24:28,ETH,1488.3765
2024-01-04T07:24:29,ETH,1490.0441
2024-01-04T07:24:30,ETH,1490.9435
2024-01-04T07:24:31,ETH,1492.1337
2024-01-04T07:24:32,ETH,1492.7669
2024-01-04T07:24:33,ETH,1493.2736
2024-01-04T07:24:34,ETH,1492.8618
2024-01-04T07:24:35,ETH,1492.0727
2024-01-04T07:24:36,ETH,1492.1108
2024-01-04T07:24:37,ETH,1493.9439
2024-01-04T07:24:38,ETH,1493.7516
2024-01-04T07:24:39,ETH,1494.3094
2024-01-04T07:24:40,ETH,1494.0623
2024-01-04T07:24:41,ETH,1495.7645
2024-01-04T07:24:42,ETH,1496.2493
2024-01-04T07:24:43,ETH,1497.1755
2024-01-04T07:24:44,ETH,1496.578
2024-01-04T07:24:45,ETH,1497.2608
2024-01-04T07:24:46,ETH,1498.0419
2024-01-04T07:24:47,ETH,1496.4317
2024-01-04T07:24:48,ETH,1497.2382
2024-01-04T07:24:49,ETH,1497.4158
2024-01-04T07:24:50,ETH,1497.0765
2024-01-04T07:24:51,ETH,1499.3083
2024-01-04T07:24:52,ETH,1499.4457
2024-01-04T07:24:53,ETH,1499.7063
2024-01-04T07:24:54,ETH,1500.8285
2024-01-04T07:24:55,ETH,1500.5614
2024-01-04T07:24:56,ETH,1500.5044
2024-01-04T07:24:57,ETH,1501.2354
2024-01-04T07:24:58,ETH,1501.8609
2024-01-04T07:24:59,ETH,1501.7041
2024-01-04T07:25:00,ETH,1503.1107
2024-01-04T07:25:01,ETH,1502.094
2024-01-04T07:25:02,ETH,1502.0249
2024-01-04T07:25:03,ETH,1503.1794
2024-01-04T07:25:04,ETH,1504.5528
2024-01-04T07:25:05,ETH,1505.1202
2024-01-04T07:25:06,ETH,1506.8786
2024-01-04T07:25:07,ETH,1508.04
2024-01-04T07:25:08,ETH,1509.0747
2024-01-04T07:25:09,ETH,1508.9692
2024-01-04T07:25:10,ETH,1509.0807
2024-01-04T07:25:11,ETH,1510.0861
2024-01-04T07:25:12,ETH,1510.6101
2024-01-04T07:25:13,ETH,1511.2518
2024-01-04T07:25:14,ETH,1512.0919
2024-01-04T07:25:15,ETH,1512.5171
2024-01-04T07:25:16,ETH,1513.4725
2024-01-04T07:25:17,ETH,1514.5036
2024-01-04T07:25:18,ETH,1513.7326
2024-01-04T07:25:19,ETH,1514.9621
2024-01-04T07:25:20,ETH,1514.8333
2024-01-04T07:25:21,ETH,1515.7323
2024-01-04T07:25:22,ETH,1516.1492
2024-01-04T07:25:23,ETH,1516.0351
2024-01-04T07:25:24,ETH,1516.1563
2024-01-04T07:25:25,ETH,1515.4521
2024-01-04T07:25:26,ETH,1514.7383
2024-01-04T07:25:27,ETH,1514.9674
2024-01-04T07:25:28,ETH,1515.4701
2024-01-04T07:25:29,ETH,1515.6998
2024-01-04T07:25:30,ETH,1515.6944
2024-01-04T07:25:31,ETH,1515.6528
2024-01-04T07:25:32,ETH,1516.3225
2024-01-04T07:25:33,ETH,1515.9601
2024-01-04T07:25:34,ETH,1517.5104
2024-01-04T07:25:35,ETH,1518.7909
2024-01-04T07:25:36,ETH,1519.3738
2024-01-04T07:25:37,ETH,1520.4316
2024-01-04T07:25:38,ETH,1519.5719
2024-01-04T07:25:39,ETH,1520.1792
2024-01-04T07:25:40,ETH,1519.9285
2024-01-04T07:25:41,ETH,1519.0966
2024-01-04T07:25:42,ETH,1518.7871
2024-01-04T07:25:43,ETH,1518.7801
2024-01-04T07:25:44,ETH,1519.592
2024-01-04T07:25:45,ETH,1520.7126
2024-01-04T07:25:46,ETH,1520.5117
2024-01-04T07:25:47,ETH,1518.833
2024-01-04T07:25:48,ETH,1519.3567
2024-01-04T07:25:49,ETH,1519.6679
2024-01-04T07:25:50,ETH,1519.7455
2024-01-04T07:25:51,ETH,1520.1014
2024-01-04T07:25:52,ETH,1521.2047
2024-01-04T07:25:53,ETH,1520.4341
2024-01-04T07:25:54,ETH,1521.4381
2024-01-04T07:25:55,ETH,1522.5148
2024-01-04T07:25:56,ETH,1523.0819
2024-01-04T07:25:57,ETH,1523.8744
2024-01-04T07:25:58,ETH,1524.6062
2024-01-04T07:25:59,ETH,1524.7609
2024-01-04T07:26:00,ETH,1525.7744
2024-01-04T07:26:01,ETH,1525.2843
2024-01-04T07:26:02,ETH,1525.533
2024-01-04T07:26:03,ETH,1525.1525
2024-01-04T07:26:04,ETH,1524.0409
2024-01-04T07:26:05,ETH,1524.9019
2024-01-04T07:26:06,ETH,1525.6233
2024-01-04T07:26:07,ETH,1524.4411
2024-01-04T07:26:08,ETH,1524.1284
2024-01-04T07:26:09,ETH,1524.3134
2024-01-04T07:26:10,ETH,1524.794
2024-01-04T07:26:11,ETH,1524.7033
2024-01-04T07:26:12,ETH,1524.9033
2024-01-04T07:26:13,ETH,1526.0696
2024-01-04T07:26:14,ETH,1527.1187
2024-01-04T07:26:15,ETH,1527.986
2024-01-04T07:26:16,ETH,1529.2611
2024-01-04T07:26:17,ETH,1528.6042
2024-01-04T07:26:18,ETH,1528.6291
2024-01-04T07:26:19,ETH,1528.8467
2024-01-04T07:26:20,ETH,1528.8357
2024-01-04T07:26:21,ETH,1529.2501
2024-01-04T07:26:22,ETH,1528.8913
2024-01-04T07:26:23,ETH,1528.7361
2024-01-04T07:26:24,ETH,1527.6148
2024-01-04T07:26:25,ETH,1528.4078
2024-01-04T07:26:26,ETH,1529.9029
2024-01-04T07:26:27,ETH,1530.921
2024-01-04T07:26:28,ETH,1530.9209
2024-01-04T07:26:29,ETH,1530.4998
2024-01-04T07:26:30,ETH,1529.4205
2024-01-04T07:26:31,ETH,1528.7369
2024-01-04T07:26:32,ETH,1528.6794
2024-01-04T07:26:33,ETH,1529.8381
2024-01-04T07:26:34,ETH,1531.0831
2024-01-04T07:26:35,ETH,1530.5333
2024-01-04T07:26:36,ETH,1530.6719
2024-01-04T07:26:37,ETH,1530.9103
2024-01-04T07:26:38,ETH,1531.4067
2024-01-04T07:26:39,ETH,1531.9707
2024-01-04T07:26:40,ETH,1532.8493
2024-01-04T07:26:41,ETH,1533.2136
2024-01-04T07:26:42,ETH,1534.6929
2024-01-04T07:26:43,ETH,1535.6046
2024-01-04T07:26:44,ETH,1535.757
2024-01-04T07:26:45,ETH,1538.2019
2024-01-04T07:26:46,ETH,1538.1788
2024-01-04T07:26:47,ETH,1538.1041
2024-01-04T07:26:48,ETH,1538.1155
2024-01-04T07:26:49,ETH,1537.9401
2024-01-04T07:26:50,ETH,1539.6068
2024-01-04T07:26:51,ETH,1539.6356
2024-01-04T07:26:52,ETH,1541.5611
2024-01-04T07:26:53,ETH,1542.6116
2024-01-04T07:26:54,ETH,1541.7956
2024-01-04T07:26:55,ETH,1540.1266
2024-01-04T07:26:56,ETH,1539.452
2024-01-04T07:26:57,ETH,1538.6726
2024-01-04T07:26:58,ETH,1539.0027
2024-01-04T07:26:59,ETH,1538.6555
2024-01-04T07:27:00,ETH,1538.4947
2024-01-04T09:43:00,ETH,1537.6071
2024-01-04T09:43:01,ETH,1538.2736
2024-01-04T09:43:02,ETH,1538.1129
2024-01-04T09:43:03,ETH,1537.9976
2024-01-04T09:43:04,ETH,1537.6931
2024-01-04T09:43:05,ETH,1537.3885
2024-01-04T09:43:06,ETH,1537.4578
2024-01-04T09:43:07,ETH,1535.8693
2024-01-04T09:43:08,ETH,1535.2728
2024-01-04T09:43:09,ETH,1536.416
2024-01-04T09:43:10,ETH,1535.5002
2024-01-04T09:43:11,ETH,1535.9737
2024-01-04T09:43:12,ETH,1534.4187
2024-01-04T09:43:13,ETH,1533.4484
2024-01-04T09:43:14,ETH,1532.8633
2024-01-04T09:43:15,ETH,1532.6175
2024-01-04T09:43:16,ETH,1532.0947
2024-01-04T09:43:17,ETH,1532.2595
2024-01-04T09:43:18,ETH,1532.2724
2024-01-04T09:43:19,ETH,1531.6562
2024-01-04T09:43:20,ETH,1531.5935
2024-01-04T09:43:21,ETH,1530.442
2024-01-04T09:43:22,ETH,1530.1285
2024-01-04T09:43:23,ETH,1530.5194
2024-01-04T09:43:24,ETH,1529.5653
2024-01-04T09:43:25,ETH,1529.3477
2024-01-04T09:43:26,ETH,1529.3355
2024-01-04T09:43:27,ETH,1528.6677
2024-01-04T09:43:28,ETH,1527.9758
2024-01-04T09:43:29,ETH,1528.7216
2024-01-04T09:43:30,ETH,1527.8192
2024-01-04T09:43:31,ETH,1527.8805
2024-01-04T09:43:32,ETH,1526.9837
2024-01-04T09:43:33,ETH,1527.5173
2024-01-04T09:43:34,ETH,1527.6411
2024-01-04T09:43:35,ETH,1526.9306
2024-01-04T09:43:36,ETH,1527.2859
2024-01-04T09:43:37,ETH,1527.5379
2024-01-04T09:43:38,ETH,1527.1594
2024-01-04T09:43:39,ETH,1527.0522
2024-01-04T09:43:40,ETH,1526.2476
2024-01-04T09:43:41,ETH,1525.7755
2024-01-04T09:43:42,ETH,1525.7407
2024-01-04T09:43:43,ETH,1525.6544
2024-01-04T09:43:44,ETH,1525.0774
2024-01-04T09:43:45,ETH,1526.0662
2024-01-04T09:43:46,ETH,1524.9747
2024-01-04T09:43:47,ETH,1524.7115
2024-01-04T09:43:48,ETH,1523.357
2024-01-04T09:43:49,ETH,1522.4918
2024-01-04T09:43:50,ETH,1522.0445
2024-01-04T09:43:51,ETH,1522.5126
2024-01-04T09:43:52,ETH,1520.9165
2024-01-04T09:43:53,ETH,1518.3492
2024-01-04T09:43:54,ETH,1518.9386
2024-01-04T09:43:55,ETH,1518.0928
2024-01-04T09:43:56,ETH,1518.159
2024-01-04T09:43:57,ETH,1518.2749
2024-01-04T09:43:58,ETH,1517.3631
2024-01-04T09:43:59,ETH,1516.5484
2024-01-04T09:44:00,ETH,1515.3332
2024-01-04T09:44:01,ETH,1515.7866
2024-01-04T09:44:02,ETH,1514.9466
2024-01-04T09:44:03,ETH,1514.3883
2024-01-04T09:44:04,ETH,1513.6079
2024-01-04T09:44:05,ETH,1513.1973
2024-01-04T09:44:06,ETH,1512.1175
2024-01-04T09:44:07,ETH,1511.9003
2024-01-04T09:44:08,ETH,1511.3592
2024-01-04T09:44:09,ETH,1510.7128
2024-01-04T09:44:10,ETH,1509.8595
2024-01-04T09:44:11,ETH,1509.069
2024-01-04T09:44:12,ETH,1508.7786
2024-01-04T09:44:13,ETH,1507.8653
2024-01-04T09:44:14,ETH,1507.8859
2024-01-04T09:44:15,ETH,1507.0696
2024-01-04T09:44:16,ETH,1506.034
2024-01-04T09:44:17,ETH,1505.6754
2024-01-04T09:44:18,ETH,1506.7353
2024-01-04T09:44:19,ETH,1506.7812
2024-01-04T09:44:20,ETH,1508.5865
2024-01-04T09:44:21,ETH,1508.4206
2024-01-04T09:44:22,ETH,1507.8959
2024-01-04T09:44:23,ETH,1507.4171
2024-01-04T09:44:24,ETH,1508.0133
2024-01-04T09:44:25,ETH,1507.6636
2024-01-04T09:44:26,ETH,1506.5593
2024-01-04T09:44:27,ETH,1506.4202
2024-01-04T09:44:28,ETH,1507.1543
2024-01-04T09:44:29,ETH,1505.7691
2024-01-04T09:44:30,ETH,1506.3854
2024-01-04T09:44:31,ETH,1505.3646
2024-01-04T09:44:32,ETH,1503.5366
2024-01-04T09:44:33,ETH,1502.7083
2024-01-04T09:44:34,ETH,1503.3617
2024-01-04T09:44:35,ETH,1504.1324
2024-01-04T09:44:36,ETH,1503.3551
2024-01-04T09:44:37,ETH,1502.7069
2024-01-04T09:44:38,ETH,1502.7901
2024-01-04T09:44:39,ETH,1502.6465
2024-01-04T09:44:40,ETH,1503.3307
2024-01-04T09:44:41,ETH,1502.7085
2024-01-04T09:44:42,ETH,1502.7003
2024-01-04T09:44:43,ETH,1502.8057
2024-01-04T09:44:44,ETH,1503.0881
2024-01-04T09:44:45,ETH,1501.9675
2024-01-04T09:44:46,ETH,1501.9254
2024-01-04T09:44:47,ETH,1501.8103
2024-01-04T09:44:48,ETH,1500.3435
2024-01-04T09:44:49,ETH,1500.6268
2024-01-04T09:44:50,ETH,1499.6316
2024-01-04T09:44:51,ETH,1499.9262
2024-01-04T09:44:52,ETH,1501.4007
2024-01-04T09:44:53,ETH,1501.8981
2024-01-04T09:44:54,ETH,1500.321
2024-01-04T09:44:55,ETH,1499.2099
2024-01-04T09:44:56,ETH,1500.6045
2024-01-04T09:44:57,ETH,1500.6877
2024-01-04T09:44:58,ETH,1500.1355
2024-01-04T09:44:59,ETH,1500.4216
2024-01-04T09:45:00,ETH,1500.0443
2024-01-04T09:45:01,ETH,1499.9001
2024-01-04T09:45:02,ETH,1500.1697
2024-01-04T09:45:03,ETH,1499.5704
2024-01-04T09:45:04,ETH,1499.4727
2024-01-04T09:45:05,ETH,1498.1554
2024-01-04T09:45:06,ETH,1497.2936
2024-01-04T09:45:07,ETH,1497.6751
2024-01-04T09:45:08,ETH,1497.4452
2024-01-04T09:45:09,ETH,1497.5219
2024-01-04T09:45:10,ETH,1497.4592
2024-01-04T09:45:11,ETH,1496.59
2024-01-04T09:45:12,ETH,1495.8694
2024-01-04T09:45:13,ETH,1495.6142
2024-01-04T09:45:14,ETH,1495.2802
2024-01-04T09:45:15,ETH,1495.3548
2024-01-04T09:45:16,ETH,1494.8122
2024-01-04T09:45:17,ETH,1494.5826
2024-01-04T09:45:18,ETH,1493.1073
2024-01-04T09:45:19,ETH,1493.8817
2024-01-04T09:45:20,ETH,1494.7179
2024-01-04T09:45:21,ETH,1494.9903
2024-01-04T09:45:22,ETH,1493.9193
2024-01-04T09:45:23,ETH,1494.7022
2024-01-04T09:45:24,ETH,1494.4476
2024-01-04T09:45:25,ETH,1495.8759
2024-01-04T09:45:26,ETH,1495.1984
2024-01-04T09:45:27,ETH,1495.5924
2024-01-04T09:45:28,ETH,1493.7751
2024-01-04T09:45:29,ETH,1493.6258
2024-01-04T09:45:30,ETH,1493.1504
2024-01-04T09:45:31,ETH,1492.3309
2024-01-04T09:45:32,ETH,1491.7134
2024-01-04T09:45:33,ETH,1490.6419
2024-01-04T09:45:34,ETH,1489.6333
2024-01-04T09:45:35,ETH,1490.267
2024-01-04T09:45:36,ETH,1490.2192
2024-01-04T09:45:37,ETH,1491.11
2024-01-04T09:45:38,ETH,1490.8177
2024-01-04T09:45:39,ETH,1490.4882
2024-01-04T09:45:40,ETH,1490.7243
2024-01-04T09:45:41,ETH,1490.8223
2024-01-04T09:45:42,ETH,1490.059
2024-01-04T09:45:43,ETH,1489.6992
2024-01-04T09:45:44,ETH,1489.5491
2024-01-04T09:45:45,ETH,1489.7399
2024-01-04T09:45:46,ETH,1490.8102
2024-01-04T09:45:47,ETH,1489.9083
2024-01-04T09:45:48,ETH,1489.3678
2024-01-04T09:45:49,ETH,1488.4901
2024-01-04T09:45:50,ETH,1488.3793
2024-01-04T09:45:51,ETH,1488.8406
2024-01-04T09:45:52,ETH,1487.7042
2024-01-04T09:45:53,ETH,1488.7224
2024-01-04T09:45:54,ETH,1489.2014
2024-01-04T09:45:55,ETH,1488.8831
2024-01-04T09:45:56,ETH,1487.5106
2024-01-04T09:45:57,ETH,1486.1998
2024-01-04T09:45:58,ETH,1485.3172
2024-01-04T09:45:59,ETH,1485.6392
2024-01-04T09:46:00,ETH,1484.4563
2024-01-04T09:46:01,ETH,1483.848
2024-01-04T09:46:02,ETH,1482.8987
2024-01-04T09:46:03,ETH,1482.5717
2024-01-04T09:46:04,ETH,1481.9465
2024-01-04T09:46:05,ETH,1481.0022
2024-01-04T09:46:06,ETH,1480.8291
2024-01-04T09:46:07,ETH,1481.8631
2024-01-04T09:46:08,ETH,1481.8237
2024-01-04T09:46:09,ETH,1482.129
2024-01-04T09:46:10,ETH,1482.0018
2024-01-04T09:46:11,ETH,1481.7216
2024-01-04T09:46:12,ETH,1482.5134
2024-01-04T09:46:13,ETH,1482.1072
2024-01-04T09:46:14,ETH,1482.227
2024-01-04T09:46:15,ETH,1482.2981
2024-01-04T09:46:16,ETH,1481.9859
2024-01-04T09:46:17,ETH,1483.3298
2024-01-04T09:46:18,ETH,1482.7059
2024-01-04T09:46:19,ETH,1482.784
2024-01-04T09:46:20,ETH,1482.4834
2024-01-04T09:46:21,ETH,1481.0356
2024-01-04T09:46:22,ETH,1480.1592
2024-01-04T09:46:23,ETH,1480.1768
2024-01-04T09:46:24,ETH,1479.8942
2024-01-04T09:46:25,ETH,1480.6775
2024-01-04T09:46:26,ETH,1480.1409
2024-01-04T09:46:27,ETH,1479.6833
2024-01-04T09:46:28,ETH,1479.9089
2024-01-04T09:46:29,ETH,1479.2973
2024-01-04T09:46:30,ETH,1479.6071
2024-01-04T09:46:31,ETH,1479.7105
2024-01-04T09:46:32,ETH,1480.0922
2024-01-04T09:46:33,ETH,1478.8634
2024-01-04T09:46:34,ETH,1476.5593
2024-01-04T09:46:35,ETH,1476.3178
2024-01-04T09:46:36,ETH,1476.1262
2024-01-04T09:46:37,ETH,1477.4982
2024-01-04T09:46:38,ETH,1476.7402
2024-01-04T09:46:39,ETH,1474.4275
2024-01-04T09:46:40,ETH,1474.3442
2024-01-04T09:46:41,ETH,1474.939
2024-01-04T09:46:42,ETH,1474.3749
2024-01-04T09:46:43,ETH,1474.7595
2024-01-04T09:46:44,ETH,1474.9297
2024-01-04T09:46:45,ETH,1474.1674
2024-01-04T09:46:46,ETH,1471.6041
2024-01-04T09:46:47,ETH,1469.8408
2024-01-04T09:46:48,ETH,1469.7621
2024-01-04T09:46:49,ETH,1470.4051
2024-01-04T09:46:50,ETH,1468.864
2024-01-04T09:46:51,ETH,1469.2994
2024-01-04T09:46:52,ETH,1468.2245
2024-01-04T09:46:53,ETH,1468.6616
2024-01-04T09:46:54,ETH,1468.6557
2024-01-04T09:46:55,ETH,1468.9278
2024-01-04T09:46:56,ETH,1466.8164
2024-01-04T09:46:57,ETH,1466.0326
2024-01-04T09:46:58,ETH,1465.4909
2024-01-04T09:46:59,ETH,1465.5603
2024-01-04T09:47:00,ETH,1465.1677
2024-01-04T09:47:01,ETH,1464.3509
2024-01-04T09:47:02,ETH,1463.6125
2024-01-04T09:47:03,ETH,1463.987
2024-01-04T09:47:04,ETH,1463.1262
2024-01-04T09:47:05,ETH,1462.7818
2024-01-04T09:47:06,ETH,1462.784
2024-01-04T09:47:07,ETH,1463.9026
2024-01-04T09:47:08,ETH,1462.8494
2024-01-04T09:47:09,ETH,1462.1085
2024-01-04T09:47:10,ETH,1461.4966
2024-01-04T09:47:11,ETH,1460.7101
2024-01-04T09:47:12,ETH,1459.9568
2024-01-04T09:47:13,ETH,1460.5312
2024-01-04T09:47:14,ETH,1461.451
2024-01-04T09:47:15,ETH,1460.1466
2024-01-04T09:47:16,ETH,1458.2637
2024-01-04T09:47:17,ETH,1458.0645
2024-01-04T09:47:18,ETH,1458.2778
2024-01-04T09:47:19,ETH,1457.0775
2024-01-04T09:47:20,ETH,1456.1649
2024-01-04T09:47:21,ETH,1455.7294
2024-01-04T09:47:22,ETH,1455.8739
2024-01-04T09:47:23,ETH,1454.916
2024-01-04T09:47:24,ETH,1454.4312
2024-01-04T09:47:25,ETH,1453.7684
2024-01-04T09:47:26,ETH,1453.4845
2024-01-04T09:47:27,ETH,1452.3608
2024-01-04T09:47:28,ETH,1451.5794
2024-01-04T09:47:29,ETH,1451.1737
2024-01-04T09:47:30,ETH,1451.2692
2024-01-04T09:47:31,ETH,1451.5839
2024-01-04T09:47:32,ETH,1451.8731
2024-01-04T09:47:33,ETH,1451.6068
2024-01-04T09:47:34,ETH,1450.8308
2024-01-04T09:47:35,ETH,1451.7851
2024-01-04T09:47:36,ETH,1452.5311
2024-01-04T09:47:37,ETH,1451.698
2024-01-04T09:47:38,ETH,1451.9229
2024-01-04T09:47:39,ETH,1453.5629
2024-01-04T09:47:40,ETH,1453.7223
2024-01-04T09:47:41,ETH,1452.3745
2024-01-04T09:47:42,ETH,1451.9209
2024-01-04T09:47:43,ETH,1449.6818
2024-01-04T09:47:44,ETH,1449.5342
2024-01-04T09:47:45,ETH,1449.63
2024-01-04T09:47:46,ETH,1448.1105
2024-01-04T09:47:47,ETH,1447.0131
2024-01-04T09:47:48,ETH,1446.8657
2024-01-04T09:47:49,ETH,1447.0736
2024-01-04T09:47:50,ETH,1448.3222
2024-01-04T09:47:51,ETH,1448.0277
2024-01-04T09:47:52,ETH,1449.0378
2024-01-04T09:47:53,ETH,1449.3616
2024-01-04T09:47:54,ETH,1448.9833
2024-01-04T09:47:55,ETH,1448.2102
2024-01-04T09:47:56,ETH,1448.4701
2024-01-04T09:47:57,ETH,1447.9506
2024-01-04T09:47:58,ETH,1446.7875
2024-01-04T09:47:59,ETH,1446.3321
2024-01-04T09:48:00,ETH,1446.9267
2024-01-04T09:48:01,ETH,1446.4014
2024-01-04T09:48:02,ETH,1446.7155
2024-01-04T09:48:03,ETH,1446.5827
2024-01-04T09:48:04,ETH,1447.4903
2024-01-04T09:48:05,ETH,1446.8034
2024-01-04T09:48:06,ETH,1446.3758
2024-01-04T09:48:07,ETH,1446.3428
2024-01-04T09:48:08,ETH,1446.5817
2024-01-04T09:48:09,ETH,1446.8814
2024-01-04T09:48:10,ETH,1446.781
2024-01-04T09:48:11,ETH,1446.7688
2024-01-04T09:48:12,ETH,1446.5773
2024-01-04T09:48:13,ETH,1445.5051
2024-01-04T09:48:14,ETH,1444.8347
2024-01-04T09:48:15,ETH,1444.1947
2024-01-04T09:48:16,ETH,1443.9049
2024-01-04T09:48:17,ETH,1444.3584
2024-01-04T09:48:18,ETH,1444.039
2024-01-04T09:48:19,ETH,1444.7614
2024-01-04T09:48:20,ETH,1445.773
2024-01-04T09:48:21,ETH,1447.4511
2024-01-04T09:48:22,ETH,1446.8411
2024-01-04T09:48:23,ETH,1447.3511
2024-01-04T09:48:24,ETH,1446.2626
2024-01-04T09:48:25,ETH,1444.9439
2024-01-04T09:48:26,ETH,1445.0387
2024-01-04T09:48:27,ETH,1445.9703
2024-01-04T09:48:28,ETH,1445.7286
2024-01-04T09:48:29,ETH,1445.6343
2024-01-04T09:48:30,ETH,1444.7713
2024-01-04T09:48:31,ETH,1444.7107
2024-01-04T09:48:32,ETH,1444.2499
2024-01-04T09:48:33,ETH,1443.764
2024-01-04T09:48:34,ETH,1443.8926
2024-01-04T09:48:35,ETH,1443.4011
2024-01-04T09:48:36,ETH,1442.7807
2024-01-04T09:48:37,ETH,1443.8808
2024-01-04T09:48:38,ETH,1443.5108
2024-01-04T09:48:39,ETH,1443.0613
2024-01-04T09:48:40,ETH,1442.8326
2024-01-04T09:48:41,ETH,1443.0762
2024-01-04T09:48:42,ETH,1441.9099
2024-01-04T09:48:43,ETH,1442.5826
2024-01-04T09:48:44,ETH,1442.2992
2024-01-04T09:48:45,ETH,1441.5093
2024-01-04T09:48:46,ETH,1441.196
2024-01-04T09:48:47,ETH,1440.2988
2024-01-04T09:48:48,ETH,1440.1911
2024-01-04T09:48:49,ETH,1440.4439
2024-01-04T09:48:50,ETH,1440.937
2024-01-04T09:48:51,ETH,1440.7708
2024-01-04T09:48:52,ETH,1440.7136
2024-01-04T09:48:53,ETH,1440.6932
2024-01-04T09:48:54,ETH,1440.0192
2024-01-04T09:48:55,ETH,1439.9785
2024-01-04T09:48:56,ETH,1439.1386
2024-01-04T09:48:57,ETH,1439.3714
2024-01-04T09:48:58,ETH,1439.0817
2024-01-04T09:48:59,ETH,1438.6443
2024-01-04T09:49:00,ETH,1438.2144
2024-01-04T10:25:00,ETH,1438.9067
2024-01-04T10:25:01,ETH,1439.3784
2024-01-04T10:25:02,ETH,1440.3647
2024-01-04T10:25:03,ETH,1440.5305
2024-01-04T10:25:04,ETH,1440.1172
2024-01-04T10:25:05,ETH,1440.2462
2024-01-04T10:25:06,ETH,1439.2094
2024-01-04T10:25:07,ETH,1439.3241
2024-01-04T10:25:08,ETH,1439.7461
2024-01-04T10:25:09,ETH,1439.3147
2024-01-04T10:25:10,ETH,1439.108
2024-01-04T10:25:11,ETH,1439.2733
2024-01-04T10:25:12,ETH,1439.0125
2024-01-04T10:25:13,ETH,1439.9093
2024-01-04T10:25:14,ETH,1439.3448
2024-01-04T10:25:15,ETH,1439.1625
2024-01-04T10:25:16,ETH,1440.7218
2024-01-04T10:25:17,ETH,1441.5259
2024-01-04T10:25:18,ETH,1441.7008
2024-01-04T10:25:19,ETH,1442.1434
2024-01-04T10:25:20,ETH,1442.2604
2024-01-04T10:25:21,ETH,1441.7876
2024-01-04T10:25:22,ETH,1443.7789
2024-01-04T10:25:23,ETH,1443.7803
2024-01-04T10:25:24,ETH,1443.2368
2024-01-04T10:25:25,ETH,1444.8669
2024-01-04T10:25:26,ETH,1444.876
2024-01-04T10:25:27,ETH,1445.3732
2024-01-04T10:25:28,ETH,1445.6218
2024-01-04T10:25:29,ETH,1446.0251
2024-01-04T10:25:30,ETH,1446.6502
2024-01-04T10:25:31,ETH,1446.5735
2024-01-04T10:25:32,ETH,1446.6688
2024-01-04T10:25:33,ETH,1447.0945
2024-01-04T10:25:34,ETH,1445.8025
2024-01-04T10:25:35,ETH,1446.0195
2024-01-04T10:25:36,ETH,1445.4754
2024-01-04T10:25:37,ETH,1444.0918
2024-01-04T10:25:38,ETH,1444.8173
2024-01-04T10:25:39,ETH,1445.7842
2024-01-04T10:25:40,ETH,1446.7835
2024-01-04T10:25:41,ETH,1446.2742
2024-01-04T10:25:42,ETH,1446.8319
2024-01-04T10:25:43,ETH,1447.4986
2024-01-04T10:25:44,ETH,1448.0257
2024-01-04T10:25:45,ETH,1447.7913
2024-01-04T10:25:46,ETH,1447.6211
2024-01-04T10:25:47,ETH,1448.6385
2024-01-04T10:25:48,ETH,1449.0539
2024-01-04T10:25:49,ETH,1448.8091
2024-01-04T10:25:50,ETH,1449.5464
2024-01-04T10:25:51,ETH,1449.901
2024-01-04T10:25:52,ETH,1450.0331
2024-01-04T10:25:53,ETH,1451.5985
2024-01-04T10:25:54,ETH,1452.6015
2024-01-04T10:25:55,ETH,1453.0349
2024-01-04T10:25:56,ETH,1453.3507
2024-01-04T10:25:57,ETH,1454.5308
2024-01-04T10:25:58,ETH,1453.3375
2024-01-04T10:25:59,ETH,1453.3201
2024-01-04T10:26:00,ETH,1453.9095
2024-01-04T10:26:01,ETH,1454.165
2024-01-04T10:26:02,ETH,1454.6668
2024-01-04T10:26:03,ETH,1454.5954
2024-01-04T10:26:04,ETH,1453.2829
2024-01-04T10:26:05,ETH,1453.6474
2024-01-04T10:26:06,ETH,1454.8014
2024-01-04T10:26:07,ETH,1454.9511
2024-01-04T10:26:08,ETH,1455.548
2024-01-04T10:26:09,ETH,1454.9012
2024-01-04T10:26:10,ETH,1455.432
2024-01-04T10:26:11,ETH,1456.1179
2024-01-04T10:26:12,ETH,1457.8853
2024-01-04T10:26:13,ETH,1458.1746
2024-01-04T10:26:14,ETH,1459.4393
2024-01-04T10:26:15,ETH,1459.0665
2024-01-04T10:26:16,ETH,1458.4932
2024-01-04T10:26:17,ETH,1459.3127
2024-01-04T10:26:18,ETH,1459.1649
2024-01-04T10:26:19,ETH,1459.6216
2024-01-04T10:26:20,ETH,1460.313
2024-01-04T10:26:21,ETH,1459.9024
2024-01-04T10:26:22,ETH,1461.133
2024-01-04T10:26:23,ETH,1461.2858
2024-01-04T10:26:24,ETH,1460.4083
2024-01-04T10:26:25,ETH,1461.3225
2024-01-04T10:26:26,ETH,1461.4003
2024-01-04T10:26:27,ETH,1462.5083
2024-01-04T10:26:28,ETH,1461.9116
2024-01-04T10:26:29,ETH,1461.6839
2024-01-04T10:26:30,ETH,1463.0331
2024-01-04T10:26:31,ETH,1462.3327
2024-01-04T10:26:32,ETH,1462.9781
2024-01-04T10:26:33,ETH,1463.2293
2024-01-04T10:26:34,ETH,1465.0198
2024-01-04T10:26:35,ETH,1465.7933
2024-01-04T10:26:36,ETH,1468.1348
2024-01-04T10:26:37,ETH,1468.0706
2024-01-04T10:26:38,ETH,1467.7812
2024-01-04T10:26:39,ETH,1467.5438
2024-01-04T10:26:40,ETH,1467.7657
2024-01-04T10:26:41,ETH,1467.6549
2024-01-04T10:26:42,ETH,1468.4306
2024-01-04T10:26:43,ETH,1467.7467
2024-01-04T10:26:44,ETH,1468.0975
2024-01-04T10:26:45,ETH,1467.1996
2024-01-04T10:26:46,ETH,1465.5978
2024-01-04T10:26:47,ETH,1466.2409
2024-01-04T10:26:48,ETH,1466.5947
2024-01-04T10:26:49,ETH,1465.5764
2024-01-04T10:26:50,ETH,1466.8128
2024-01-04T10:26:51,ETH,1467.3443
2024-01-04T10:26:52,ETH,1468.4053
2024-01-04T10:26:53,ETH,1468.0136
2024-01-04T10:26:54,ETH,1468.3692
2024-01-04T10:26:55,ETH,1469.5463
2024-01-04T10:26:56,ETH,1468.8366
2024-01-04T10:26:57,ETH,1468.7522
2024-01-04T10:26:58,ETH,1470.1987
2024-01-04T10:26:59,ETH,1472.2112
2024-01-04T10:27:00,ETH,1472.3091
2024-01-04T10:27:01,ETH,1473.1949
2024-01-04T10:27:02,ETH,1473.3777
2024-01-04T10:27:03,ETH,1473.6925
2024-01-04T10:27:04,ETH,1473.9216
2024-01-04T10:27:05,ETH,1474.1728
2024-01-04T10:27:06,ETH,1473.5513
2024-01-04T10:27:07,ETH,1473.9877
2024-01-04T10:27:08,ETH,1474.6766
2024-01-04T10:27:09,ETH,1473.249
2024-01-04T10:27:10,ETH,1472.9318
2024-01-04T10:27:11,ETH,1474.1319
2024-01-04T10:27:12,ETH,1474.3614
2024-01-04T10:27:13,ETH,1474.1869
2024-01-04T10:27:14,ETH,1474.9459
2024-01-04T10:27:15,ETH,1474.6094
2024-01-04T10:27:16,ETH,1475.0984
2024-01-04T10:27:17,ETH,1475.8088
2024-01-04T10:27:18,ETH,1475.9418
2024-01-04T10:27:19,ETH,1475.5818
2024-01-04T10:27:20,ETH,1476.4098
2024-01-04T10:27:21,ETH,1478.0221
2024-01-04T10:27:22,ETH,1479.4769
2024-01-04T10:27:23,ETH,1479.4075
2024-01-04T10:27:24,ETH,1479.175
2024-01-04T10:27:25,ETH,1478.2272
2024-01-04T10:27:26,ETH,1479.6243
2024-01-04T10:27:27,ETH,1478.9047
2024-01-04T10:27:28,ETH,1478.2333
2024-01-04T10:27:29,ETH,1477.9647
2024-01-04T10:27:30,ETH,1477.7427
2024-01-04T10:27:31,ETH,1478.9044
2024-01-04T10:27:32,ETH,1478.3909
2024-01-04T10:27:33,ETH,1480.0957
2024-01-04T10:27:34,ETH,1481.1009
2024-01-04T10:27:35,ETH,1481.303
2024-01-04T10:27:36,ETH,1482.2727
2024-01-04T10:27:37,ETH,1482.882
2024-01-04T10:27:38,ETH,1482.719
2024-01-04T10:27:39,ETH,1483.7515
2024-01-04T10:27:40,ETH,1483.2296
2024-01-04T10:27:41,ETH,1482.8921
2024-01-04T10:27:42,ETH,1484.5271
2024-01-04T10:27:43,ETH,1485.6756
2024-01-04T10:27:44,ETH,1485.6391
2024-01-04T10:27:45,ETH,1486.0637
2024-01-04T10:27:46,ETH,1486.7573
2024-01-04T10:27:47,ETH,1486.1346
2024-01-04T10:27:48,ETH,1486.4957
2024-01-04T10:27:49,ETH,1487.5493
2024-01-04T10:27:50,ETH,1488.5825
2024-01-04T10:27:51,ETH,1488.1201
2024-01-04T10:27:52,ETH,1487.9811
2024-01-04T10:27:53,ETH,1488.3786
2024-01-04T10:27:54,ETH,1489.9808
2024-01-04T10:27:55,ETH,1491.5676
2024-01-04T10:27:56,ETH,1494.5628
2024-01-04T10:27:57,ETH,1494.1626
2024-01-04T10:27:58,ETH,1495.3492
2024-01-04T10:27:59,ETH,1495.3139
2024-01-04T10:28:00,ETH,1494.8024
2024-01-04T10:28:01,ETH,1494.3006
2024-01-04T10:28:02,ETH,1494.0316
2024-01-04T10:28:03,ETH,1494.9931
2024-01-04T10:28:04,ETH,1493.9542
2024-01-04T10:28:05,ETH,1494.413
2024-01-04T10:28:06,ETH,1494.9793
2024-01-04T10:28:07,ETH,1492.9783
2024-01-04T10:28:08,ETH,1493.4894
2024-01-04T10:28:09,ETH,1494.304
2024-01-04T10:28:10,ETH,1495.54
2024-01-04T10:28:11,ETH,1495.6032
2024-01-04T10:28:12,ETH,1496.3933
2024-01-04T10:28:13,ETH,1496.7429
2024-01-04T10:28:14,ETH,1497.5454
2024-01-04T10:28:15,ETH,1497.9024
2024-01-04T10:28:16,ETH,1497.8519
2024-01-04T10:28:17,ETH,1497.0454
2024-01-04T10:28:18,ETH,1495.3319
2024-01-04T10:28:19,ETH,1495.7253
2024-01-04T10:28:20,ETH,1496.2024
2024-01-04T10:28:21,ETH,1497.7758
2024-01-04T10:28:22,ETH,1498.0151
2024-01-04T10:28:23,ETH,1498.8337
2024-01-04T10:28:24,ETH,1498.8845
2024-01-04T10:28:25,ETH,1500.2242
2024-01-04T10:28:26,ETH,1500.7395
2024-01-04T10:28:27,ETH,1502.2395
2024-01-04T10:28:28,ETH,1502.3889
2024-01-04T10:28:29,ETH,1503.0312
2024-01-04T10:28:30,ETH,1501.1896
2024-01-04T10:28:31,ETH,1502.3961
2024-01-04T10:28:32,ETH,1503.2554
2024-01-04T10:28:33,ETH,1504.1223
2024-01-04T10:28:34,ETH,1503.8187
2024-01-04T10:28:35,ETH,1503.6366
2024-01-04T10:28:36,ETH,1504.0756
2024-01-04T10:28:37,ETH,1504.5239
2024-01-04T10:28:38,ETH,1504.7248
2024-01-04T10:28:39,ETH,1505.67
2024-01-04T10:28:40,ETH,1504.1119
2024-01-04T10:28:41,ETH,1504.0279
2024-01-04T10:28:42,ETH,1504.8425
2024-01-04T10:28:43,ETH,1505.2982
2024-01-04T10:28:44,ETH,1506.1748
2024-01-04T10:28:45,ETH,1506.7743
2024-01-04T10:28:46,ETH,1507.0383
2024-01-04T10:28:47,ETH,1507.7813
2024-01-04T10:28:48,ETH,1507.3145
2024-01-04T10:28:49,ETH,1507.3555
2024-01-04T10:28:50,ETH,1507.0567
2024-01-04T10:28:51,ETH,1507.2094
2024-01-04T10:28:52,ETH,1506.7418
2024-01-04T10:28:53,ETH,1507.2981
2024-01-04T10:28:54,ETH,1506.6136
2024-01-04T10:28:55,ETH,1507.5604
2024-01-04T10:28:56,ETH,1508.0974
2024-01-04T10:28:57,ETH,1508.3877
2024-01-04T10:28:58,ETH,1508.4179
2024-01-04T10:28:59,ETH,1508.6149
2024-01-04T10:29:00,ETH,1510.4826
2024-01-04T10:29:01,ETH,1510.2645
2024-01-04T10:29:02,ETH,1510.548
2024-01-04T10:29:03,ETH,1510.9323
2024-01-04T10:29:04,ETH,1512.2544
2024-01-04T10:29:05,ETH,1512.9027
2024-01-04T10:29:06,ETH,1513.0141
2024-01-04T10:29:07,ETH,1513.192
2024-01-04T10:29:08,ETH,1513.5493
2024-01-04T10:29:09,ETH,1513.0151
2024-01-04T10:29:10,ETH,1512.5223
2024-01-04T10:29:11,ETH,1511.1081
2024-01-04T10:29:12,ETH,1510.0003
2024-01-04T10:29:13,ETH,1509.7834
2024-01-04T10:29:14,ETH,1509.2531
2024-01-04T10:29:15,ETH,1508.9607
2024-01-04T10:29:16,ETH,1509.6821
2024-01-04T10:29:17,ETH,1510.799
2024-01-04T10:29:18,ETH,1512.6207
2024-01-04T10:29:19,ETH,1511.6475
2024-01-04T10:29:20,ETH,1511.9404
2024-01-04T10:29:21,ETH,1512.8526
2024-01-04T10:29:22,ETH,1514.5026
2024-01-04T10:29:23,ETH,1514.7438
2024-01-04T10:29:24,ETH,1514.8131
2024-01-04T10:29:25,ETH,1515.0741
2024-01-04T10:29:26,ETH,1514.1476
2024-01-04T10:29:27,ETH,1513.5399
2024-01-04T10:29:28,ETH,1514.4342
2024-01-04T10:29:29,ETH,1515.5875
2024-01-04T10:29:30,ETH,1516.0265
2024-01-04T10:29:31,ETH,1515.3932
2024-01-04T10:29:32,ETH,1514.9723
2024-01-04T10:29:33,ETH,1514.4667
2024-01-04T10:29:34,ETH,1514.2203
2024-01-04T10:29:35,ETH,1514.5899
2024-01-04T10:29:36,ETH,1515.5813
2024-01-04T10:29:37,ETH,1515.638
2024-01-04T10:29:38,ETH,1516.7551
2024-01-04T10:29:39,ETH,1516.6755
2024-01-04T10:29:40,ETH,1517.0723
2024-01-04T10:29:41,ETH,1517.7744
2024-01-04T10:29:42,ETH,1517.8984
2024-01-04T10:29:43,ETH,1518.6205
2024-01-04T10:29:44,ETH,1518.6931
2024-01-04T10:29:45,ETH,1518.7884
2024-01-04T10:29:46,ETH,1518.9291
2024-01-04T10:29:47,ETH,1520.1152
2024-01-04T10:29:48,ETH,1522.286
2024-01-04T10:29:49,ETH,1523.1068
2024-01-04T10:29:50,ETH,1523.464
2024-01-04T10:29:51,ETH,1523.773
2024-01-04T10:29:52,ETH,1524.7963
2024-01-04T10:29:53,ETH,1526.0804
2024-01-04T10:29:54,ETH,1526.9371
2024-01-04T10:29:55,ETH,1526.9337
2024-01-04T10:29:56,ETH,1528.0252
2024-01-04T10:29:57,ETH,1529.2493
2024-01-04T10:29:58,ETH,1528.7794
2024-01-04T10:29:59,ETH,1529.7344
2024-01-04T10:30:00,ETH,1530.8611
2024-01-04T10:30:01,ETH,1531.1579
2024-01-04T10:30:02,ETH,1529.7766
2024-01-04T10:30:03,ETH,1529.4806
2024-01-04T10:30:04,ETH,1530.1791
2024-01-04T10:30:05,ETH,1530.105
2024-01-04T10:30:06,ETH,1531.7504
2024-01-04T10:30:07,ETH,1531.5798
2024-01-04T10:30:08,ETH,1532.1987
2024-01-04T10:30:09,ETH,1531.7778
2024-01-04T10:30:10,ETH,1531.9773
2024-01-04T10:30:11,ETH,1531.5839
2024-01-04T10:30:12,ETH,1532.3807
2024-01-04T10:30:13,ETH,1532.421
2024-01-04T10:30:14,ETH,1532.051
2024-01-04T10:30:15,ETH,1532.2855
2024-01-04T10:30:16,ETH,1531.3724
2024-01-04T10:30:17,ETH,1532.0655
2024-01-04T10:30:18,ETH,1532.4587
2024-01-04T10:30:19,ETH,1532.275
2024-01-04T10:30:20,ETH,1533.4152
2024-01-04T10:30:21,ETH,1533.2468
2024-01-04T10:30:22,ETH,1532.6584
2024-01-04T10:30:23,ETH,1532.1605
2024-01-04T10:30:24,ETH,1532.0831
2024-01-04T10:30:25,ETH,1533.2441
2024-01-04T10:30:26,ETH,1535.2417
2024-01-04T10:30:27,ETH,1535.4956
2024-01-04T10:30:28,ETH,1534.906
2024-01-04T10:30:29,ETH,1534.8312
2024-01-04T10:30:30,ETH,1535.4381
2024-01-04T10:30:31,ETH,1536.4453
2024-01-04T10:30:32,ETH,1535.4795
2024-01-04T10:30:33,ETH,1536.528
2024-01-04T10:30:34,ETH,1538.2724
2024-01-04T10:30:35,ETH,1538.5542
2024-01-04T10:30:36,ETH,1540.0281
2024-01-04T10:30:37,ETH,1540.2875
2024-01-04T10:30:38,ETH,1540.0107
2024-01-04T10:30:39,ETH,1539.0185
2024-01-04T10:30:40,ETH,1539.8642
2024-01-04T10:30:41,ETH,1539.4023
2024-01-04T10:30:42,ETH,1540.2868
2024-01-04T10:30:43,ETH,1539.7223
2024-01-04T10:30:44,ETH,1540.4892
2024-01-04T10:30:45,ETH,1540.2279
2024-01-04T10:30:46,ETH,1540.3569
2024-01-04T10:30:47,ETH,1540.3366
2024-01-04T10:30:48,ETH,1540.8687
2024-01-04T10:30:49,ETH,1540.6145
2024-01-04T10:30:50,ETH,1539.66
2024-01-04T10:30:51,ETH,1539.7939
2024-01-04T10:30:52,ETH,1540.5503
2024-01-04T10:30:53,ETH,1540.6266
2024-01-04T10:30:54,ETH,1540.3203
2024-01-04T10:30:55,ETH,1540.0968
2024-01-04T10:30:56,ETH,1539.9732
2024-01-04T10:30:57,ETH,1540.0413
2024-01-04T10:30:58,ETH,1541.531
2024-01-04T10:30:59,ETH,1542.0529
2024-01-04T10:31:00,ETH,1542.0494
2024-01-04T13:27:00,ETH,1542.9279
2024-01-04T13:27:01,ETH,1542.5759
2024-01-04T13:27:02,ETH,1543.3695
2024-01-04T13:27:03,ETH,1542.5936
2024-01-04T13:27:04,ETH,1542.1713
2024-01-04T13:27:05,ETH,1542.734
2024-01-04T13:27:06,ETH,1543.7129
2024-01-04T13:27:07,ETH,1544.9121
2024-01-04T13:27:08,ETH,1545.1669
2024-01-04T13:27:09,ETH,1546.1224
2024-01-04T13:27:10,ETH,1545.7542
2024-01-04T13:27:11,ETH,1546.962
2024-01-04T13:27:12,ETH,1548.6079
2024-01-04T13:27:13,ETH,1550.0669
2024-01-04T13:27:14,ETH,1552.1051
2024-01-04T13:27:15,ETH,1551.0069
2024-01-04T13:27:16,ETH,1552.4503
2024-01-04T13:27:17,ETH,1552.4348
2024-01-04T13:27:18,ETH,1552.2988
2024-01-04T13:27:19,ETH,1554.9614
2024-01-04T13:27:20,ETH,1554.9338
2024-01-04T13:27:21,ETH,1555.0193
2024-01-04T13:27:22,ETH,1555.4629
2024-01-04T13:27:23,ETH,1556.4043
2024-01-04T13:27:24,ETH,1557.3261
2024-01-04T13:27:25,ETH,1556.7672
2024-01-04T13:27:26,ETH,1557.0801
2024-01-04T13:27:27,ETH,1557.2469
2024-01-04T13:27:28,ETH,1557.489
2024-01-04T13:27:29,ETH,1556.3168
2024-01-04T13:27:30,ETH,1555.9878
2024-01-04T13:27:31,ETH,1557.2891
2024-01-04T13:27:32,ETH,1556.5953
2024-01-04T13:27:33,ETH,1556.9999
2024-01-04T13:27:34,ETH,1558.8092
2024-01-04T13:27:35,ETH,1559.2025
2024-01-04T13:27:36,ETH,1558.6149
2024-01-04T13:27:37,ETH,1559.794
2024-01-04T13:27:38,ETH,1560.4959
2024-01-04T13:27:39,ETH,1560.6694
2024-01-04T13:27:40,ETH,1560.7977
2024-01-04T13:27:41,ETH,1559.952
2024-01-04T13:27:42,ETH,1560.1293
2024-01-04T13:27:43,ETH,1559.161
2024-01-04T13:27:44,ETH,1559.3241
2024-01-04T13:27:45,ETH,1559.0163
2024-01-04T13:27:46,ETH,1559.9886
2024-01-04T13:27:47,ETH,1560.2693
2024-01-04T13:27:48,ETH,1559.8
2024-01-04T13:27:49,ETH,1559.8944
2024-01-04T13:27:50,ETH,1558.9738
2024-01-04T13:27:51,ETH,1559.9893
2024-01-04T13:27:52,ETH,1560.9474
2024-01-04T13:27:53,ETH,1560.0342
2024-01-04T13:27:54,ETH,1560.2246
2024-01-04T13:27:55,ETH,1559.5389
2024-01-04T13:27:56,ETH,1559.7376
2024-01-04T13:27:57,ETH,1560.1524
2024-01-04T13:27:58,ETH,1559.6556
2024-01-04T13:27:59,ETH,1559.7006
2024-01-04T13:28:00,ETH,1560.1939
2024-01-04T13:28:01,ETH,1559.3511
2024-01-04T13:28:02,ETH,1558.8077
2024-01-04T13:28:03,ETH,1559.7552
2024-01-04T13:28:04,ETH,1558.5306
2024-01-04T13:28:05,ETH,1558.3082
2024-01-04T13:28:06,ETH,1558.3748
2024-01-04T13:28:07,ETH,1559.7026
2024-01-04T13:28:08,ETH,1559.1945
2024-01-04T13:28:09,ETH,1559.554
2024-01-04T13:28:10,ETH,1559.9474
2024-01-04T13:28:11,ETH,1559.0782
2024-01-04T13:28:12,ETH,1557.7884
2024-01-04T13:28:13,ETH,1557.8323
2024-01-04T13:28:14,ETH,1558.8026
2024-01-04T13:28:15,ETH,1557.99
2024-01-04T13:28:16,ETH,1557.2851
2024-01-04T13:28:17,ETH,1557.3571
2024-01-04T13:28:18,ETH,1557.3845
2024-01-04T13:28:19,ETH,1557.8721
2024-01-04T13:28:20,ETH,1558.4289
2024-01-04T13:28:21,ETH,1558.8922
2024-01-04T13:28:22,ETH,1559.0603
2024-01-04T13:28:23,ETH,1558.3644
2024-01-04T13:28:24,ETH,1559.4616
2024-01-04T13:28:25,ETH,1559.3362
2024-01-04T13:28:26,ETH,1558.3619
2024-01-04T13:28:27,ETH,1558.2026
2024-01-04T13:28:28,ETH,1557.2679
2024-01-04T13:28:29,ETH,1557.4054
2024-01-04T13:28:30,ETH,1556.9195
2024-01-04T13:28:31,ETH,1555.5018
2024-01-04T13:28:32,ETH,1555.6153
2024-01-04T13:28:33,ETH,1554.439
2024-01-04T13:28:34,ETH,1554.0179
2024-01-04T13:28:35,ETH,1554.0623
2024-01-04T13:28:36,ETH,1553.6701
2024-01-04T13:28:37,ETH,1554.0631
2024-01-04T13:28:38,ETH,1552.7178
2024-01-04T13:28:39,ETH,1552.53
2024-01-04T13:28:40,ETH,1552.3607
2024-01-04T13:28:41,ETH,1551.8208
2024-01-04T13:28:42,ETH,1552.1296
2024-01-04T13:28:43,ETH,1552.4084
2024-01-04T13:28:44,ETH,1551.8383
2024-01-04T13:28:45,ETH,1551.1604
2024-01-04T13:28:46,ETH,1550.2924
2024-01-04T13:28:47,ETH,1550.17
2024-01-04T13:28:48,ETH,1550.474
2024-01-04T13:28:49,ETH,1549.7452
2024-01-04T13:28:50,ETH,1549.1983
2024-01-04T13:28:51,ETH,1549.305
2024-01-04T13:28:52,ETH,1549.9624
2024-01-04T13:28:53,ETH,1549.1539
2024-01-04T13:28:54,ETH,1550.2788
2024-01-04T13:28:55,ETH,1549.8507
2024-01-04T13:28:56,ETH,1550.3152
2024-01-04T13:28:57,ETH,1548.7113
2024-01-04T13:28:58,ETH,1548.9859
2024-01-04T13:28:59,ETH,1547.4725
2024-01-04T13:29:00,ETH,1547.4651
2024-01-04T13:29:01,ETH,1547.7685
2024-01-04T13:29:02,ETH,1546.9452
2024-01-04T13:29:03,ETH,1546.3809
2024-01-04T13:29:04,ETH,1545.2629
2024-01-04T13:29:05,ETH,1544.4047
2024-01-04T13:29:06,ETH,1545.7719
2024-01-04T13:29:07,ETH,1547.1885
2024-01-04T13:29:08,ETH,1545.6889
2024-01-04T13:29:09,ETH,1545.6024
2024-01-04T13:29:10,ETH,1545.7631
2024-01-04T13:29:11,ETH,1546.6002
2024-01-04T13:29:12,ETH,1544.9791
2024-01-04T13:29:13,ETH,1546.0215
2024-01-04T13:29:14,ETH,1545.7449
2024-01-04T13:29:15,ETH,1546.86
2024-01-04T13:29:16,ETH,1546.804
2024-01-04T13:29:17,ETH,1547.3128
2024-01-04T13:29:18,ETH,1548.1835
2024-01-04T13:29:19,ETH,1550.1639
2024-01-04T13:29:20,ETH,1549.8027
2024-01-04T13:29:21,ETH,1549.5899
2024-01-04T13:29:22,ETH,1550.6391
2024-01-04T13:29:23,ETH,1550.6105
2024-01-04T13:29:24,ETH,1550.4448
2024-01-04T13:29:25,ETH,1551.0374
2024-01-04T13:29:26,ETH,1550.7744
2024-01-04T13:29:27,ETH,1550.8107
2024-01-04T13:29:28,ETH,1551.6371
2024-01-04T13:29:29,ETH,1551.3649
2024-01-04T13:29:30,ETH,1550.1673
2024-01-04T13:29:31,ETH,1549.2331
2024-01-04T13:29:32,ETH,1548.7166
2024-01-04T13:29:33,ETH,1549.6904
2024-01-04T13:29:34,ETH,1548.153
2024-01-04T13:29:35,ETH,1548.5307
2024-01-04T13:29:36,ETH,1549.2616
2024-01-04T13:29:37,ETH,1550.7208
2024-01-04T13:29:38,ETH,1550.5303
2024-01-04T13:29:39,ETH,1551.0562
2024-01-04T13:29:40,ETH,1553.9954
2024-01-04T13:29:41,ETH,1553.4421
2024-01-04T13:29:42,ETH,1553.4934
2024-01-04T13:29:43,ETH,1552.5373
2024-01-04T13:29:44,ETH,1551.8733
2024-01-04T13:29:45,ETH,1552.3533
2024-01-04T13:29:46,ETH,1552.04
2024-01-04T13:29:47,ETH,1551.7978
2024-01-04T13:29:48,ETH,1552.8317
2024-01-04T13:29:49,ETH,1552.6164
2024-01-04T13:29:50,ETH,1551.9597
2024-01-04T13:29:51,ETH,1552.4817
2024-01-04T13:29:52,ETH,1552.0631
2024-01-04T13:29:53,ETH,1552.9722
2024-01-04T13:29:54,ETH,1553.2459
2024-01-04T13:29:55,ETH,1552.4757
2024-01-04T13:29:56,ETH,1553.3365
2024-01-04T13:29:57,ETH,1553.9783
2024-01-04T13:29:58,ETH,1553.0775
2024-01-04T13:29:59,ETH,1552.7718
2024-01-04T13:30:00,ETH,1553.0556
2024-01-04T13:30:01,ETH,1553.6982
2024-01-04T13:30:02,ETH,1553.2587
2024-01-04T13:30:03,ETH,1554.0987
2024-01-04T13:30:04,ETH,1554.0357
2024-01-04T13:30:05,ETH,1553.9636
2024-01-04T13:30:06,ETH,1553.8675
2024-01-04T13:30:07,ETH,1553.686
2024-01-04T13:30:08,ETH,1553.0719
2024-01-04T13:30:09,ETH,1552.0355
2024-01-04T13:30:10,ETH,1551.3754
2024-01-04T13:30:11,ETH,1552.762
2024-01-04T13:30:12,ETH,1553.4125
2024-01-04T13:30:13,ETH,1552.509
2024-01-04T13:30:14,ETH,1552.1064
2024-01-04T13:30:15,ETH,1551.6006
2024-01-04T13:30:16,ETH,1552.8002
2024-01-04T13:30:17,ETH,1552.8056
2024-01-04T13:30:18,ETH,1553.8009
2024-01-04T13:30:19,ETH,1554.0944
2024-01-04T13:30:20,ETH,1554.0449
2024-01-04T13:30:21,ETH,1552.7616
2024-01-04T13:30:22,ETH,1553.039
2024-01-04T13:30:23,ETH,1553.6281
2024-01-04T13:30:24,ETH,1554.2393
2024-01-04T13:30:25,ETH,1554.2273
2024-01-04T13:30:26,ETH,1555.791
2024-01-04T13:30:27,ETH,1555.4515
2024-01-04T13:30:28,ETH,1555.2924
2024-01-04T13:30:29,ETH,1556.848
2024-01-04T13:30:30,ETH,1555.9102
2024-01-04T13:30:31,ETH,1556.5929
2024-01-04T13:30:32,ETH,1557.3646
2024-01-04T13:30:33,ETH,1557.188
2024-01-04T13:30:34,ETH,1558.4199
2024-01-04T13:30:35,ETH,1559.3608
2024-01-04T13:30:36,ETH,1560.1572
2024-01-04T13:30:37,ETH,1558.9578
2024-01-04T13:30:38,ETH,1560.166
2024-01-04T13:30:39,ETH,1561.0864
2024-01-04T13:30:40,ETH,1561.9954
2024-01-04T13:30:41,ETH,1561.9263
2024-01-04T13:30:42,ETH,1560.0948
2024-01-04T13:30:43,ETH,1559.976
2024-01-04T13:30:44,ETH,1560.7199
2024-01-04T13:30:45,ETH,1561.5384
2024-01-04T13:30:46,ETH,1561.8771
2024-01-04T13:30:47,ETH,1561.7512
2024-01-04T13:30:48,ETH,1562.1106
2024-01-04T13:30:49,ETH,1562.877
2024-01-04T13:30:50,ETH,1561.6706
2024-01-04T13:30:51,ETH,1562.0916
2024-01-04T13:30:52,ETH,1562.6283
2024-01-04T13:30:53,ETH,1561.4515
2024-01-04T13:30:54,ETH,1561.2432
2024-01-04T13:30:55,ETH,1560.611
2024-01-04T13:30:56,ETH,1560.3732
2024-01-04T13:30:57,ETH,1560.8131
2024-01-04T13:30:58,ETH,1559.954
2024-01-04T13:30:59,ETH,1560.2819
2024-01-04T13:31:00,ETH,1560.5558
2024-01-04T13:31:01,ETH,1561.5621
2024-01-04T13:31:02,ETH,1562.5288
2024-01-04T13:31:03,ETH,1562.536
2024-01-04T13:31:04,ETH,1563.3841
2024-01-04T13:31:05,ETH,1563.7183
2024-01-04T13:31:06,ETH,1563.162
2024-01-04T13:31:07,ETH,1563.233
2024-01-04T13:31:08,ETH,1563.6286
2024-01-04T13:31:09,ETH,1564.0711
2024-01-04T13:31:10,ETH,1564.6381
2024-01-04T13:31:11,ETH,1564.1973
2024-01-04T13:31:12,ETH,1564.2921
2024-01-04T13:31:13,ETH,1566.2296
2024-01-04T13:31:14,ETH,1565.0946
2024-01-04T13:31:15,ETH,1564.915
2024-01-04T13:31:16,ETH,1565.2141
2024-01-04T13:31:17,ETH,1565.654
2024-01-04T13:31:18,ETH,1565.3415
2024-01-04T13:31:19,ETH,1566.2471
2024-01-04T13:31:20,ETH,1565.604
2024-01-04T13:31:21,ETH,1565.1108
2024-01-04T13:31:22,ETH,1566.1623
2024-01-04T13:31:23,ETH,1564.6938
2024-01-04T13:31:24,ETH,1564.8109
2024-01-04T13:31:25,ETH,1564.8597
2024-01-04T13:31:26,ETH,1563.8397
2024-01-04T13:31:27,ETH,1562.8647
2024-01-04T13:31:28,ETH,1562.3121
2024-01-04T13:31:29,ETH,1562.2747
2024-01-04T13:31:30,ETH,1563.2551
2024-01-04T13:31:31,ETH,1562.9634
2024-01-04T13:31:32,ETH,1563.1194
2024-01-04T13:31:33,ETH,1564.1328
2024-01-04T13:31:34,ETH,1564.1383
2024-01-04T13:31:35,ETH,1562.5747
2024-01-04T13:31:36,ETH,1562.3565
2024-01-04T13:31:37,ETH,1563.6312
2024-01-04T13:31:38,ETH,1562.9008
2024-01-04T13:31:39,ETH,1562.9319
2024-01-04T13:31:40,ETH,1562.2782
2024-01-04T13:31:41,ETH,1561.9963
2024-01-04T13:31:42,ETH,1561.723
2024-01-04T13:31:43,ETH,1561.9944
2024-01-04T13:31:44,ETH,1563.9004
2024-01-04T13:31:45,ETH,1563.8893
2024-01-04T13:31:46,ETH,1564.1547
2024-01-04T13:31:47,ETH,1564.1064
2024-01-04T13:31:48,ETH,1564.1593
2024-01-04T13:31:49,ETH,1565.0612
2024-01-04T13:31:50,ETH,1564.0407
2024-01-04T13:31:51,ETH,1563.3461
2024-01-04T13:31:52,ETH,1563.352
2024-01-04T13:31:53,ETH,1563.0483
2024-01-04T13:31:54,ETH,1562.9607
2024-01-04T13:31:55,ETH,1562.5838
2024-01-04T13:31:56,ETH,1562.464
2024-01-04T13:31:57,ETH,1562.139
2024-01-04T13:31:58,ETH,1563.0574
2024-01-04T13:31:59,ETH,1563.1217
2024-01-04T13:32:00,ETH,1563.7885
2024-01-04T13:32:01,ETH,1564.1101
2024-01-04T13:32:02,ETH,1563.9846
2024-01-04T13:32:03,ETH,1563.4779
2024-01-04T13:32:04,ETH,1562.4347
2024-01-04T13:32:05,ETH,1562.2365
2024-01-04T13:32:06,ETH,1561.6881
2024-01-04T13:32:07,ETH,1562.0417
2024-01-04T13:32:08,ETH,1562.4894
2024-01-04T13:32:09,ETH,1559.8893
2024-01-04T13:32:10,ETH,1559.6511
2024-01-04T13:32:11,ETH,1558.9208
2024-01-04T13:32:12,ETH,1559.5665
2024-01-04T13:32:13,ETH,1561.3406
2024-01-04T13:32:14,ETH,1561.5609
2024-01-04T13:32:15,ETH,1561.5126
2024-01-04T13:32:16,ETH,1561.3693
2024-01-04T13:32:17,ETH,1561.3704
2024-01-04T13:32:18,ETH,1561.7739
2024-01-04T13:32:19,ETH,1562.6249
2024-01-04T13:32:20,ETH,1561.9625
2024-01-04T13:32:21,ETH,1561.3079
2024-01-04T13:32:22,ETH,1562.0279
2024-01-04T13:32:23,ETH,1561.4923
2024-01-04T13:32:24,ETH,1562.2557
2024-01-04T13:32:25,ETH,1562.2892
2024-01-04T13:32:26,ETH,1563.1938
2024-01-04T13:32:27,ETH,1562.761
2024-01-04T13:32:28,ETH,1563.3462
2024-01-04T13:32:29,ETH,1563.2998
2024-01-04T13:32:30,ETH,1563.4168
2024-01-04T13:32:31,ETH,1563.4932
2024-01-04T13:32:32,ETH,1564.5944
2024-01-04T13:32:33,ETH,1565.0153
2024-01-04T13:32:34,ETH,1564.7386
2024-01-04T13:32:35,ETH,1565.0738
2024-01-04T13:32:36,ETH,1566.1541
2024-01-04T13:32:37,ETH,1565.5389
2024-01-04T13:32:38,ETH,1566.1785
2024-01-04T13:32:39,ETH,1565.924
2024-01-04T13:32:40,ETH,1565.1781
2024-01-04T13:32:41,ETH,1565.1628
2024-01-04T13:32:42,ETH,1565.6158
2024-01-04T13:32:43,ETH,1566.4436
2024-01-04T13:32:44,ETH,1566.2995
2024-01-04T13:32:45,ETH,1567.2627
2024-01-04T13:32:46,ETH,1566.7408
2024-01-04T13:32:47,ETH,1567.1067
2024-01-04T13:32:48,ETH,1567.5999
2024-01-04T13:32:49,ETH,1567.0839
2024-01-04T13:32:50,ETH,1567.1223
2024-01-04T13:32:51,ETH,1565.997
2024-01-04T13:32:52,ETH,1565.457
2024-01-04T13:32:53,ETH,1565.4982
2024-01-04T13:32:54,ETH,1565.7362
2024-01-04T13:32:55,ETH,1566.1682
2024-01-04T13:32:56,ETH,1566.7199
2024-01-04T13:32:57,ETH,1566.5118
2024-01-04T13:32:58,ETH,1566.1846
2024-01-04T13:32:59,ETH,1564.603
2024-01-04T13:33:00,ETH,1563.7007
